UTC start: 2026-09-11T06:52:51.034220+00:00
Source SHA-256: 90445f36cf36eff39045c2c6c1cf6845a4fa9fc8532373af1f4f5c6b77a5e869
Platform: Darwin-25.2.0-arm64-arm-64bit-Mach-O
Logical CPUs: 14
$ lake --version
Lake version 5.0.0-src+797c613 (Lean version 4.24.0)
Exit: 0; elapsed seconds: 0.031
$ lake env lean --version
Lean (version 4.24.0, arm64-apple-darwin23.6.0, commit 797c613eb9b6d4ec95db23e3e00af9ac6657f24b, Release)
Exit: 0; elapsed seconds: 1.161
$ python3 -m unittest discover -s tools -p test_build_kernel_checked.py
...
----------------------------------------------------------------------
Ran 3 tests in 0.254s

OK
Exit: 0; elapsed seconds: 0.370
$ python3 tools/build_kernel_checked.py --jobs 4
Shard 1/1: 100 certificates
⚠ [3095/3099] Replayed ConwaySoifer.Geometry.Support
warning: ConwaySoifer/Geometry/Support.lean:38:54: Used `tac1 <;> tac2` where `(tac1; tac2)` would suffice

Note: This linter can be disabled with `set_option linter.unnecessarySeqFocus false`
warning: ConwaySoifer/Geometry/Support.lean:42:32: Used `tac1 <;> tac2` where `(tac1; tac2)` would suffice

Note: This linter can be disabled with `set_option linter.unnecessarySeqFocus false`
warning: ConwaySoifer/Geometry/Support.lean:46:32: Used `tac1 <;> tac2` where `(tac1; tac2)` would suffice

Note: This linter can be disabled with `set_option linter.unnecessarySeqFocus false`
warning: ConwaySoifer/Geometry/Support.lean:50:32: Used `tac1 <;> tac2` where `(tac1; tac2)` would suffice

Note: This linter can be disabled with `set_option linter.unnecessarySeqFocus false`
warning: ConwaySoifer/Geometry/Support.lean:54:32: Used `tac1 <;> tac2` where `(tac1; tac2)` would suffice

Note: This linter can be disabled with `set_option linter.unnecessarySeqFocus false`
warning: ConwaySoifer/Geometry/Support.lean:68:39: Used `tac1 <;> tac2` where `(tac1; tac2)` would suffice

Note: This linter can be disabled with `set_option linter.unnecessarySeqFocus false`
warning: ConwaySoifer/Geometry/Support.lean:72:43: this tactic is never executed

Note: This linter can be disabled with `set_option linter.unreachableTactic false`
warning: ConwaySoifer/Geometry/Support.lean:72:43: 'ring' tactic does nothing

Note: This linter can be disabled with `set_option linter.unusedTactic false`
warning: ConwaySoifer/Geometry/Support.lean:76:53: this tactic is never executed

Note: This linter can be disabled with `set_option linter.unreachableTactic false`
warning: ConwaySoifer/Geometry/Support.lean:76:53: 'ring' tactic does nothing

Note: This linter can be disabled with `set_option linter.unusedTactic false`
warning: ConwaySoifer/Geometry/Support.lean:80:48: this tactic is never executed

Note: This linter can be disabled with `set_option linter.unreachableTactic false`
warning: ConwaySoifer/Geometry/Support.lean:80:48: 'ring' tactic does nothing

Note: This linter can be disabled with `set_option linter.unusedTactic false`
warning: ConwaySoifer/Geometry/Support.lean:323:61: Used `tac1 <;> tac2` where `(tac1; tac2)` would suffice

Note: This linter can be disabled with `set_option linter.unnecessarySeqFocus false`
warning: ConwaySoifer/Geometry/Support.lean:326:64: Used `tac1 <;> tac2` where `(tac1; tac2)` would suffice

Note: This linter can be disabled with `set_option linter.unnecessarySeqFocus false`
warning: ConwaySoifer/Geometry/Support.lean:329:64: Used `tac1 <;> tac2` where `(tac1; tac2)` would suffice

Note: This linter can be disabled with `set_option linter.unnecessarySeqFocus false`
warning: ConwaySoifer/Geometry/Support.lean:565:33: Used `tac1 <;> tac2` where `(tac1; tac2)` would suffice

Note: This linter can be disabled with `set_option linter.unnecessarySeqFocus false`
⚠ [3097/3099] Replayed ConwaySoifer.Certificates.CheckerSound
warning: ConwaySoifer/Certificates/CheckerSound.lean:670:33: This simp argument is unused:
  hord

Hint: Omit it from the simp argument list.
  simp [ordinaryCheck,̵ ̵h̵o̵r̵d̵] at h

Note: This linter can be disabled with `set_option linter.unusedSimpArgs false`
Build completed successfully (3099 jobs).
1/100 Sext_100000_110000: PASS (14.4s)
2/100 Sext_110000_120000: PASS (16.3s)
3/100 Sext_120000_130000: PASS (45.8s)
4/100 Sext_130000_140000: PASS (143.7s)
5/100 Sext_150000_160000: PASS (259.7s)
6/100 Sext_170000_180000: PASS (160.7s)
7/100 Sext_160000_170000: PASS (259.8s)
8/100 Sext_140000_150000: PASS (356.7s)
9/100 Sext_200000_210000: PASS (262.9s)
10/100 Sext_210000_220000: PASS (229.8s)
11/100 Sext_190000_200000: PASS (297.0s)
12/100 Sext_180000_190000: PASS (364.0s)
13/100 Sext_240000_250000: PASS (188.8s)
14/100 Sext_250000_252500: PASS (157.2s)
15/100 Sext_252500_255000: PASS (172.4s)
16/100 Sext_255000_260000: PASS (166.9s)
17/100 Sext_230000_240000: PASS (461.3s)
18/100 Sext_220000_230000: PASS (503.9s)
19/100 Sext_260000_270000: PASS (188.2s)
20/100 Sext_290000_300000: PASS (121.6s)
21/100 Sext_300000_310000: PASS (73.5s)
22/100 Sext_270000_280000: PASS (286.9s)
23/100 Sext_280000_290000: PASS (216.5s)
24/100 Sext_310000_320000: PASS (121.2s)
25/100 Sext_320000_330000: PASS (117.7s)
26/100 Sext_330000_340000: PASS (109.9s)
27/100 Sint_100000_110000: PASS (146.7s)
28/100 Sint_110000_120000: PASS (167.4s)
29/100 Sint_120000_130000: PASS (147.5s)
30/100 Sint_130000_140000: PASS (189.3s)
31/100 Sint_140000_150000: PASS (241.0s)
32/100 Sint_160000_170000: PASS (192.5s)
33/100 Sint_150000_160000: PASS (232.4s)
34/100 Sint_170000_180000: PASS (184.5s)
35/100 Sint_190000_200000: PASS (164.0s)
36/100 Sint_180000_190000: PASS (206.7s)
37/100 Sint_210000_220000: PASS (174.7s)
38/100 Sint_200000_210000: PASS (246.6s)
39/100 Sint_220000_230000: PASS (188.2s)
40/100 Sint_240000_250000: PASS (173.1s)
41/100 Sint_230000_240000: PASS (294.5s)
42/100 Sint_250000_260000: PASS (233.9s)
43/100 Sint_260000_270000: PASS (259.1s)
44/100 Sint_290000_300000: PASS (158.3s)
45/100 Sint_300000_310000: PASS (142.6s)
46/100 Sint_270000_280000: PASS (373.7s)
47/100 Sint_280000_290000: PASS (294.6s)
48/100 Sint_310000_320000: PASS (245.8s)
49/100 Sint_340000_350000: PASS (172.6s)
50/100 Sint_320000_330000: PASS (218.8s)
51/100 Sint_330000_340000: PASS (208.1s)
52/100 Aown_100000_110000: PASS (90.6s)
53/100 Sint_350000_360000: PASS (128.2s)
54/100 Aown_110000_120000: PASS (107.0s)
55/100 Aown_120000_130000: PASS (117.4s)
56/100 Aown_135000_140000: PASS (67.0s)
57/100 Aown_130000_135000: PASS (90.7s)
58/100 Aown_140000_150000: PASS (124.8s)
59/100 Aown_160000_170000: PASS (278.7s)
60/100 Aown_170000_180000: PASS (269.1s)
61/100 Aown_150000_160000: PASS (348.7s)
62/100 Aown_180000_190000: PASS (291.6s)
63/100 Aown_200000_210000: PASS (146.1s)
64/100 Aown_190000_200000: PASS (171.6s)
65/100 Aown_240000_250000: PASS (158.3s)
66/100 Aown_210000_220000: PASS (275.5s)
67/100 Aown_230000_240000: PASS (198.9s)
68/100 Aown_220000_230000: PASS (270.5s)
69/100 Aown_260000_270000: PASS (115.5s)
70/100 Aown_270000_280000: PASS (116.2s)
71/100 Aown_280000_290000: PASS (104.3s)
72/100 Aown_250000_260000: PASS (167.2s)
73/100 Aown_290000_300000: PASS (52.7s)
74/100 Aown_300000_310000: PASS (69.4s)
75/100 Aown_320000_330000: PASS (51.5s)
76/100 Aown_310000_320000: PASS (72.7s)
77/100 Aown_330000_340000: PASS (58.8s)
78/100 Across_017500_022500: PASS (33.6s)
79/100 Across_012500_017500: PASS (40.7s)
80/100 Across_022500_027500: PASS (37.6s)
81/100 Aown_340000_350000: PASS (56.6s)
82/100 Across_027500_032500: PASS (32.8s)
83/100 Across_032500_037500: PASS (31.8s)
84/100 Across_042500_047500: PASS (34.0s)
85/100 Across_037500_042500: PASS (37.9s)
86/100 Across_047500_052500: PASS (28.8s)
87/100 Across_052500_057500: PASS (28.3s)
88/100 Across_057500_062500: PASS (28.5s)
89/100 Across_062500_067500: PASS (28.7s)
90/100 Across_067500_072500: PASS (33.0s)
91/100 Across_072500_077500: PASS (33.0s)
92/100 Across_077500_082500: PASS (28.4s)
93/100 Across_082500_087500: PASS (29.9s)
94/100 Across_087500_092500: PASS (29.6s)
95/100 Across_092500_097500: PASS (33.4s)
96/100 Across_097500_102500: PASS (28.8s)
97/100 Across_102500_107500: PASS (29.2s)
98/100 Across_117500_122500: PASS (17.0s)
99/100 Across_107500_112500: PASS (28.4s)
100/100 Across_112500_117500: PASS (33.8s)
⚠ [3091/3482] Replayed ConwaySoifer.Geometry.Support
warning: ConwaySoifer/Geometry/Support.lean:38:54: Used `tac1 <;> tac2` where `(tac1; tac2)` would suffice

Note: This linter can be disabled with `set_option linter.unnecessarySeqFocus false`
warning: ConwaySoifer/Geometry/Support.lean:42:32: Used `tac1 <;> tac2` where `(tac1; tac2)` would suffice

Note: This linter can be disabled with `set_option linter.unnecessarySeqFocus false`
warning: ConwaySoifer/Geometry/Support.lean:46:32: Used `tac1 <;> tac2` where `(tac1; tac2)` would suffice

Note: This linter can be disabled with `set_option linter.unnecessarySeqFocus false`
warning: ConwaySoifer/Geometry/Support.lean:50:32: Used `tac1 <;> tac2` where `(tac1; tac2)` would suffice

Note: This linter can be disabled with `set_option linter.unnecessarySeqFocus false`
warning: ConwaySoifer/Geometry/Support.lean:54:32: Used `tac1 <;> tac2` where `(tac1; tac2)` would suffice

Note: This linter can be disabled with `set_option linter.unnecessarySeqFocus false`
warning: ConwaySoifer/Geometry/Support.lean:68:39: Used `tac1 <;> tac2` where `(tac1; tac2)` would suffice

Note: This linter can be disabled with `set_option linter.unnecessarySeqFocus false`
warning: ConwaySoifer/Geometry/Support.lean:72:43: this tactic is never executed

Note: This linter can be disabled with `set_option linter.unreachableTactic false`
warning: ConwaySoifer/Geometry/Support.lean:72:43: 'ring' tactic does nothing

Note: This linter can be disabled with `set_option linter.unusedTactic false`
warning: ConwaySoifer/Geometry/Support.lean:76:53: this tactic is never executed

Note: This linter can be disabled with `set_option linter.unreachableTactic false`
warning: ConwaySoifer/Geometry/Support.lean:76:53: 'ring' tactic does nothing

Note: This linter can be disabled with `set_option linter.unusedTactic false`
warning: ConwaySoifer/Geometry/Support.lean:80:48: this tactic is never executed

Note: This linter can be disabled with `set_option linter.unreachableTactic false`
warning: ConwaySoifer/Geometry/Support.lean:80:48: 'ring' tactic does nothing

Note: This linter can be disabled with `set_option linter.unusedTactic false`
warning: ConwaySoifer/Geometry/Support.lean:323:61: Used `tac1 <;> tac2` where `(tac1; tac2)` would suffice

Note: This linter can be disabled with `set_option linter.unnecessarySeqFocus false`
warning: ConwaySoifer/Geometry/Support.lean:326:64: Used `tac1 <;> tac2` where `(tac1; tac2)` would suffice

Note: This linter can be disabled with `set_option linter.unnecessarySeqFocus false`
warning: ConwaySoifer/Geometry/Support.lean:329:64: Used `tac1 <;> tac2` where `(tac1; tac2)` would suffice

Note: This linter can be disabled with `set_option linter.unnecessarySeqFocus false`
warning: ConwaySoifer/Geometry/Support.lean:565:33: Used `tac1 <;> tac2` where `(tac1; tac2)` would suffice

Note: This linter can be disabled with `set_option linter.unnecessarySeqFocus false`
⚠ [3122/3482] Replayed ConwaySoifer.Geometry.Area
warning: ConwaySoifer/Geometry/Area.lean:226:2: Used `tac1 <;> tac2` where `(tac1; tac2)` would suffice

Note: This linter can be disabled with `set_option linter.unnecessarySeqFocus false`
⚠ [3126/3482] Replayed ConwaySoifer.Geometry.CornerCap
warning: ConwaySoifer/Geometry/CornerCap.lean:23:41: unused variable `hp0`

Note: This linter can be disabled with `set_option linter.unusedVariables false`
warning: ConwaySoifer/Geometry/CornerCap.lean:23:55: unused variable `hpS`

Note: This linter can be disabled with `set_option linter.unusedVariables false`
warning: ConwaySoifer/Geometry/CornerCap.lean:54:28: unused variable `hR0`

Note: This linter can be disabled with `set_option linter.unusedVariables false`
warning: ConwaySoifer/Geometry/CornerCap.lean:247:35: this tactic is never executed

Note: This linter can be disabled with `set_option linter.unreachableTactic false`
warning: ConwaySoifer/Geometry/CornerCap.lean:247:35: 'field_simp' tactic does nothing

Note: This linter can be disabled with `set_option linter.unusedTactic false`
⚠ [3127/3482] Replayed ConwaySoifer.Geometry.Symmetry
warning: ConwaySoifer/Geometry/Symmetry.lean:94:41: this tactic is never executed

Note: This linter can be disabled with `set_option linter.unreachableTactic false`
warning: ConwaySoifer/Geometry/Symmetry.lean:94:41: 'norm_num' tactic does nothing

Note: This linter can be disabled with `set_option linter.unusedTactic false`
warning: ConwaySoifer/Geometry/Symmetry.lean:103:82: this tactic is never executed

Note: This linter can be disabled with `set_option linter.unreachableTactic false`
warning: ConwaySoifer/Geometry/Symmetry.lean:103:82: 'norm_num' tactic does nothing

Note: This linter can be disabled with `set_option linter.unusedTactic false`
⚠ [3130/3482] Replayed SevenTriangles.Geometry.Support
warning: SevenTriangles/Geometry/Support.lean:167:24: Used `tac1 <;> tac2` where `(tac1; tac2)` would suffice

Note: This linter can be disabled with `set_option linter.unnecessarySeqFocus false`
warning: SevenTriangles/Geometry/Support.lean:567:10: try 'simp' instead of 'simpa'

Note: This linter can be disabled with `set_option linter.unnecessarySimpa false`
warning: SevenTriangles/Geometry/Support.lean:576:10: try 'simp' instead of 'simpa'

Note: This linter can be disabled with `set_option linter.unnecessarySimpa false`
warning: SevenTriangles/Geometry/Support.lean:584:10: try 'simp' instead of 'simpa'

Note: This linter can be disabled with `set_option linter.unnecessarySimpa false`
warning: SevenTriangles/Geometry/Support.lean:631:10: try 'simp' instead of 'simpa'

Note: This linter can be disabled with `set_option linter.unnecessarySimpa false`
warning: SevenTriangles/Geometry/Support.lean:637:10: try 'simp' instead of 'simpa'

Note: This linter can be disabled with `set_option linter.unnecessarySimpa false`
warning: SevenTriangles/Geometry/Support.lean:647:10: try 'simp' instead of 'simpa'

Note: This linter can be disabled with `set_option linter.unnecessarySimpa false`
warning: SevenTriangles/Geometry/Support.lean:560:15: This simp argument is unused:
  e

Hint: Omit it from the simp argument list.
  simp [d, e̵,̵ ̵a, b, c]

Note: This linter can be disabled with `set_option linter.unusedSimpArgs false`
warning: SevenTriangles/Geometry/Support.lean:560:21: This simp argument is unused:
  b

Hint: Omit it from the simp argument list.
  simp [d, e, a, b̵,̵ ̵c]

Note: This linter can be disabled with `set_option linter.unusedSimpArgs false`
⚠ [3134/3482] Replayed ConwaySoifer.Geometry.Oblique
warning: ConwaySoifer/Geometry/Oblique.lean:30:38: Used `tac1 <;> tac2` where `(tac1; tac2)` would suffice

Note: This linter can be disabled with `set_option linter.unnecessarySeqFocus false`
warning: ConwaySoifer/Geometry/Oblique.lean:34:38: Used `tac1 <;> tac2` where `(tac1; tac2)` would suffice

Note: This linter can be disabled with `set_option linter.unnecessarySeqFocus false`
warning: ConwaySoifer/Geometry/Oblique.lean:38:38: Used `tac1 <;> tac2` where `(tac1; tac2)` would suffice

Note: This linter can be disabled with `set_option linter.unnecessarySeqFocus false`
⚠ [3135/3482] Replayed ConwaySoifer.Geometry.Budget
warning: ConwaySoifer/Geometry/Budget.lean:110:52: Used `tac1 <;> tac2` where `(tac1; tac2)` would suffice

Note: This linter can be disabled with `set_option linter.unnecessarySeqFocus false`
⚠ [3137/3482] Replayed ConwaySoifer.Geometry.Normalization
warning: ConwaySoifer/Geometry/Normalization.lean:117:23: 'ring' tactic does nothing

Note: This linter can be disabled with `set_option linter.unusedTactic false`
warning: ConwaySoifer/Geometry/Normalization.lean:149:71: Used `tac1 <;> tac2` where `(tac1; tac2)` would suffice

Note: This linter can be disabled with `set_option linter.unnecessarySeqFocus false`
warning: ConwaySoifer/Geometry/Normalization.lean:260:80: Used `tac1 <;> tac2` where `(tac1; tac2)` would suffice

Note: This linter can be disabled with `set_option linter.unnecessarySeqFocus false`
⚠ [3138/3482] Replayed ConwaySoifer.Geometry.AownFacts
warning: ConwaySoifer/Geometry/AownFacts.lean:26:76: this tactic is never executed

Note: This linter can be disabled with `set_option linter.unreachableTactic false`
warning: ConwaySoifer/Geometry/AownFacts.lean:26:76: 'ring' tactic does nothing

Note: This linter can be disabled with `set_option linter.unusedTactic false`
warning: ConwaySoifer/Geometry/AownFacts.lean:30:69: Used `tac1 <;> tac2` where `(tac1; tac2)` would suffice

Note: This linter can be disabled with `set_option linter.unnecessarySeqFocus false`
warning: ConwaySoifer/Geometry/AownFacts.lean:49:33: unused variable `hs`

Note: This linter can be disabled with `set_option linter.unusedVariables false`
warning: ConwaySoifer/Geometry/AownFacts.lean:100:61: 'ring' tactic does nothing

Note: This linter can be disabled with `set_option linter.unusedTactic false`
⚠ [3139/3482] Replayed ConwaySoifer.Geometry.AcrossFacts
warning: ConwaySoifer/Geometry/AcrossFacts.lean:33:38: unused variable `hA`

Note: This linter can be disabled with `set_option linter.unusedVariables false`
warning: ConwaySoifer/Geometry/AcrossFacts.lean:33:51: unused variable `hB`

Note: This linter can be disabled with `set_option linter.unusedVariables false`
warning: ConwaySoifer/Geometry/AcrossFacts.lean:83:61: 'ring' tactic does nothing

Note: This linter can be disabled with `set_option linter.unusedTactic false`
⚠ [3141/3482] Replayed ConwaySoifer.Geometry.SideFacts
warning: ConwaySoifer/Geometry/SideFacts.lean:255:23: 'ring' tactic does nothing

Note: This linter can be disabled with `set_option linter.unusedTactic false`
⚠ [3145/3482] Replayed ConwaySoifer.Certificates.CheckerSound
warning: ConwaySoifer/Certificates/CheckerSound.lean:670:33: This simp argument is unused:
  hord

Hint: Omit it from the simp argument list.
  simp [ordinaryCheck,̵ ̵h̵o̵r̵d̵] at h

Note: This linter can be disabled with `set_option linter.unusedSimpArgs false`
✔ [3888/3956] Built ConwaySoifer.Simplified.Geometry.SupportFan (2.5s)
✔ [3889/3956] Built ConwaySoifer.Simplified.Certificates.AllData (2.6s)
⚠ [3890/3956] Built ConwaySoifer.Simplified.Geometry.Affine (2.8s)
warning: ConwaySoifer/Simplified/Geometry/Affine.lean:32:35: Used `tac1 <;> tac2` where `(tac1; tac2)` would suffice

Note: This linter can be disabled with `set_option linter.unnecessarySeqFocus false`
✔ [3891/3956] Built ConwaySoifer.Geometry.Scaling (2.9s)
⚠ [3892/3956] Built ConwaySoifer.Certificates.ModelSound (4.6s)
warning: ConwaySoifer/Certificates/ModelSound.lean:40:15: This simp argument is unused:
  hq

Hint: Omit it from the simp argument list.
  simp only [h̵q̵,̵ ̵evalR, Int.cast_zero, mul_zero, add_zero] at h ⊢

Note: This linter can be disabled with `set_option linter.unusedSimpArgs false`
warning: ConwaySoifer/Certificates/ModelSound.lean:65:35: 'field_simp' tactic does nothing

Note: This linter can be disabled with `set_option linter.unusedTactic false`
warning: ConwaySoifer/Certificates/ModelSound.lean:70:35: 'field_simp' tactic does nothing

Note: This linter can be disabled with `set_option linter.unusedTactic false`
warning: ConwaySoifer/Certificates/ModelSound.lean:65:35: this tactic is never executed

Note: This linter can be disabled with `set_option linter.unreachableTactic false`
warning: ConwaySoifer/Certificates/ModelSound.lean:70:35: this tactic is never executed

Note: This linter can be disabled with `set_option linter.unreachableTactic false`
warning: ConwaySoifer/Certificates/ModelSound.lean:87:21: 'simp' tactic does nothing

Note: This linter can be disabled with `set_option linter.unusedTactic false`
warning: ConwaySoifer/Certificates/ModelSound.lean:92:21: 'simp' tactic does nothing

Note: This linter can be disabled with `set_option linter.unusedTactic false`
warning: ConwaySoifer/Certificates/ModelSound.lean:87:21: this tactic is never executed

Note: This linter can be disabled with `set_option linter.unreachableTactic false`
warning: ConwaySoifer/Certificates/ModelSound.lean:92:21: this tactic is never executed

Note: This linter can be disabled with `set_option linter.unreachableTactic false`
warning: ConwaySoifer/Certificates/ModelSound.lean:310:45: 'ring' tactic does nothing

Note: This linter can be disabled with `set_option linter.unusedTactic false`
warning: ConwaySoifer/Certificates/ModelSound.lean:310:45: this tactic is never executed

Note: This linter can be disabled with `set_option linter.unreachableTactic false`
warning: ConwaySoifer/Certificates/ModelSound.lean:440:39: unused variable `hlo`

Note: This linter can be disabled with `set_option linter.unusedVariables false`
warning: ConwaySoifer/Certificates/ModelSound.lean:530:45: Used `tac1 <;> tac2` where `(tac1; tac2)` would suffice

Note: This linter can be disabled with `set_option linter.unnecessarySeqFocus false`
warning: ConwaySoifer/Certificates/ModelSound.lean:547:45: Used `tac1 <;> tac2` where `(tac1; tac2)` would suffice

Note: This linter can be disabled with `set_option linter.unnecessarySeqFocus false`
✔ [3893/3956] Built ConwaySoifer.Simplified.Geometry.ForbiddenCorner (4.8s)
⚠ [3894/3956] Built ConwaySoifer.Simplified.Geometry.AcrossLargeSide (6.6s)
warning: ConwaySoifer/Simplified/Geometry/AcrossLargeSide.lean:12:26: unused variable `s`

Note: This linter can be disabled with `set_option linter.unusedVariables false`
warning: ConwaySoifer/Simplified/Geometry/AcrossLargeSide.lean:25:44: this tactic is never executed

Note: This linter can be disabled with `set_option linter.unreachableTactic false`
warning: ConwaySoifer/Simplified/Geometry/AcrossLargeSide.lean:25:23: Used `tac1 <;> tac2` where `(tac1; tac2)` would suffice

Note: This linter can be disabled with `set_option linter.unnecessarySeqFocus false`
warning: ConwaySoifer/Simplified/Geometry/AcrossLargeSide.lean:33:25: Used `tac1 <;> tac2` where `(tac1; tac2)` would suffice

Note: This linter can be disabled with `set_option linter.unnecessarySeqFocus false`
warning: ConwaySoifer/Simplified/Geometry/AcrossLargeSide.lean:33:81: Used `tac1 <;> tac2` where `(tac1; tac2)` would suffice

Note: This linter can be disabled with `set_option linter.unnecessarySeqFocus false`
warning: ConwaySoifer/Simplified/Geometry/AcrossLargeSide.lean:40:68: Used `tac1 <;> tac2` where `(tac1; tac2)` would suffice

Note: This linter can be disabled with `set_option linter.unnecessarySeqFocus false`
warning: ConwaySoifer/Simplified/Geometry/AcrossLargeSide.lean:50:25: Used `tac1 <;> tac2` where `(tac1; tac2)` would suffice

Note: This linter can be disabled with `set_option linter.unnecessarySeqFocus false`
warning: ConwaySoifer/Simplified/Geometry/AcrossLargeSide.lean:50:81: Used `tac1 <;> tac2` where `(tac1; tac2)` would suffice

Note: This linter can be disabled with `set_option linter.unnecessarySeqFocus false`
warning: ConwaySoifer/Simplified/Geometry/AcrossLargeSide.lean:57:68: Used `tac1 <;> tac2` where `(tac1; tac2)` would suffice

Note: This linter can be disabled with `set_option linter.unnecessarySeqFocus false`
warning: ConwaySoifer/Simplified/Geometry/AcrossLargeSide.lean:67:23: Used `tac1 <;> tac2` where `(tac1; tac2)` would suffice

Note: This linter can be disabled with `set_option linter.unnecessarySeqFocus false`
warning: ConwaySoifer/Simplified/Geometry/AcrossLargeSide.lean:67:40: Used `tac1 <;> tac2` where `(tac1; tac2)` would suffice

Note: This linter can be disabled with `set_option linter.unnecessarySeqFocus false`
warning: ConwaySoifer/Simplified/Geometry/AcrossLargeSide.lean:75:25: Used `tac1 <;> tac2` where `(tac1; tac2)` would suffice

Note: This linter can be disabled with `set_option linter.unnecessarySeqFocus false`
warning: ConwaySoifer/Simplified/Geometry/AcrossLargeSide.lean:75:81: Used `tac1 <;> tac2` where `(tac1; tac2)` would suffice

Note: This linter can be disabled with `set_option linter.unnecessarySeqFocus false`
warning: ConwaySoifer/Simplified/Geometry/AcrossLargeSide.lean:82:68: Used `tac1 <;> tac2` where `(tac1; tac2)` would suffice

Note: This linter can be disabled with `set_option linter.unnecessarySeqFocus false`
warning: ConwaySoifer/Simplified/Geometry/AcrossLargeSide.lean:92:25: Used `tac1 <;> tac2` where `(tac1; tac2)` would suffice

Note: This linter can be disabled with `set_option linter.unnecessarySeqFocus false`
warning: ConwaySoifer/Simplified/Geometry/AcrossLargeSide.lean:92:81: Used `tac1 <;> tac2` where `(tac1; tac2)` would suffice

Note: This linter can be disabled with `set_option linter.unnecessarySeqFocus false`
warning: ConwaySoifer/Simplified/Geometry/AcrossLargeSide.lean:99:68: Used `tac1 <;> tac2` where `(tac1; tac2)` would suffice

Note: This linter can be disabled with `set_option linter.unnecessarySeqFocus false`
warning: ConwaySoifer/Simplified/Geometry/AcrossLargeSide.lean:109:23: Used `tac1 <;> tac2` where `(tac1; tac2)` would suffice

Note: This linter can be disabled with `set_option linter.unnecessarySeqFocus false`
warning: ConwaySoifer/Simplified/Geometry/AcrossLargeSide.lean:109:40: Used `tac1 <;> tac2` where `(tac1; tac2)` would suffice

Note: This linter can be disabled with `set_option linter.unnecessarySeqFocus false`
warning: ConwaySoifer/Simplified/Geometry/AcrossLargeSide.lean:117:25: Used `tac1 <;> tac2` where `(tac1; tac2)` would suffice

Note: This linter can be disabled with `set_option linter.unnecessarySeqFocus false`
warning: ConwaySoifer/Simplified/Geometry/AcrossLargeSide.lean:117:81: Used `tac1 <;> tac2` where `(tac1; tac2)` would suffice

Note: This linter can be disabled with `set_option linter.unnecessarySeqFocus false`
warning: ConwaySoifer/Simplified/Geometry/AcrossLargeSide.lean:124:68: Used `tac1 <;> tac2` where `(tac1; tac2)` would suffice

Note: This linter can be disabled with `set_option linter.unnecessarySeqFocus false`
warning: ConwaySoifer/Simplified/Geometry/AcrossLargeSide.lean:134:25: Used `tac1 <;> tac2` where `(tac1; tac2)` would suffice

Note: This linter can be disabled with `set_option linter.unnecessarySeqFocus false`
warning: ConwaySoifer/Simplified/Geometry/AcrossLargeSide.lean:134:81: Used `tac1 <;> tac2` where `(tac1; tac2)` would suffice

Note: This linter can be disabled with `set_option linter.unnecessarySeqFocus false`
warning: ConwaySoifer/Simplified/Geometry/AcrossLargeSide.lean:141:68: Used `tac1 <;> tac2` where `(tac1; tac2)` would suffice

Note: This linter can be disabled with `set_option linter.unnecessarySeqFocus false`
warning: ConwaySoifer/Simplified/Geometry/AcrossLargeSide.lean:25:44: 'ring' tactic does nothing

Note: This linter can be disabled with `set_option linter.unusedTactic false`
⚠ [3895/3956] Built ConwaySoifer.Simplified.Geometry.MiddleThird (7.3s)
warning: ConwaySoifer/Simplified/Geometry/MiddleThird.lean:12:22: unused variable `s`

Note: This linter can be disabled with `set_option linter.unusedVariables false`
warning: ConwaySoifer/Simplified/Geometry/MiddleThird.lean:25:44: this tactic is never executed

Note: This linter can be disabled with `set_option linter.unreachableTactic false`
warning: ConwaySoifer/Simplified/Geometry/MiddleThird.lean:89:21: this tactic is never executed

Note: This linter can be disabled with `set_option linter.unreachableTactic false`
warning: ConwaySoifer/Simplified/Geometry/MiddleThird.lean:112:21: this tactic is never executed

Note: This linter can be disabled with `set_option linter.unreachableTactic false`
warning: ConwaySoifer/Simplified/Geometry/MiddleThird.lean:25:23: Used `tac1 <;> tac2` where `(tac1; tac2)` would suffice

Note: This linter can be disabled with `set_option linter.unnecessarySeqFocus false`
warning: ConwaySoifer/Simplified/Geometry/MiddleThird.lean:31:17: Used `tac1 <;> tac2` where `(tac1; tac2)` would suffice

Note: This linter can be disabled with `set_option linter.unnecessarySeqFocus false`
warning: ConwaySoifer/Simplified/Geometry/MiddleThird.lean:32:25: Used `tac1 <;> tac2` where `(tac1; tac2)` would suffice

Note: This linter can be disabled with `set_option linter.unnecessarySeqFocus false`
warning: ConwaySoifer/Simplified/Geometry/MiddleThird.lean:32:77: Used `tac1 <;> tac2` where `(tac1; tac2)` would suffice

Note: This linter can be disabled with `set_option linter.unnecessarySeqFocus false`
warning: ConwaySoifer/Simplified/Geometry/MiddleThird.lean:36:17: Used `tac1 <;> tac2` where `(tac1; tac2)` would suffice

Note: This linter can be disabled with `set_option linter.unnecessarySeqFocus false`
warning: ConwaySoifer/Simplified/Geometry/MiddleThird.lean:38:64: Used `tac1 <;> tac2` where `(tac1; tac2)` would suffice

Note: This linter can be disabled with `set_option linter.unnecessarySeqFocus false`
warning: ConwaySoifer/Simplified/Geometry/MiddleThird.lean:46:17: Used `tac1 <;> tac2` where `(tac1; tac2)` would suffice

Note: This linter can be disabled with `set_option linter.unnecessarySeqFocus false`
warning: ConwaySoifer/Simplified/Geometry/MiddleThird.lean:47:25: Used `tac1 <;> tac2` where `(tac1; tac2)` would suffice

Note: This linter can be disabled with `set_option linter.unnecessarySeqFocus false`
warning: ConwaySoifer/Simplified/Geometry/MiddleThird.lean:47:77: Used `tac1 <;> tac2` where `(tac1; tac2)` would suffice

Note: This linter can be disabled with `set_option linter.unnecessarySeqFocus false`
warning: ConwaySoifer/Simplified/Geometry/MiddleThird.lean:51:17: Used `tac1 <;> tac2` where `(tac1; tac2)` would suffice

Note: This linter can be disabled with `set_option linter.unnecessarySeqFocus false`
warning: ConwaySoifer/Simplified/Geometry/MiddleThird.lean:53:64: Used `tac1 <;> tac2` where `(tac1; tac2)` would suffice

Note: This linter can be disabled with `set_option linter.unnecessarySeqFocus false`
warning: ConwaySoifer/Simplified/Geometry/MiddleThird.lean:63:23: Used `tac1 <;> tac2` where `(tac1; tac2)` would suffice

Note: This linter can be disabled with `set_option linter.unnecessarySeqFocus false`
warning: ConwaySoifer/Simplified/Geometry/MiddleThird.lean:63:40: Used `tac1 <;> tac2` where `(tac1; tac2)` would suffice

Note: This linter can be disabled with `set_option linter.unnecessarySeqFocus false`
warning: ConwaySoifer/Simplified/Geometry/MiddleThird.lean:69:17: Used `tac1 <;> tac2` where `(tac1; tac2)` would suffice

Note: This linter can be disabled with `set_option linter.unnecessarySeqFocus false`
warning: ConwaySoifer/Simplified/Geometry/MiddleThird.lean:70:25: Used `tac1 <;> tac2` where `(tac1; tac2)` would suffice

Note: This linter can be disabled with `set_option linter.unnecessarySeqFocus false`
warning: ConwaySoifer/Simplified/Geometry/MiddleThird.lean:70:77: Used `tac1 <;> tac2` where `(tac1; tac2)` would suffice

Note: This linter can be disabled with `set_option linter.unnecessarySeqFocus false`
warning: ConwaySoifer/Simplified/Geometry/MiddleThird.lean:74:17: Used `tac1 <;> tac2` where `(tac1; tac2)` would suffice

Note: This linter can be disabled with `set_option linter.unnecessarySeqFocus false`
warning: ConwaySoifer/Simplified/Geometry/MiddleThird.lean:76:64: Used `tac1 <;> tac2` where `(tac1; tac2)` would suffice

Note: This linter can be disabled with `set_option linter.unnecessarySeqFocus false`
warning: ConwaySoifer/Simplified/Geometry/MiddleThird.lean:84:17: Used `tac1 <;> tac2` where `(tac1; tac2)` would suffice

Note: This linter can be disabled with `set_option linter.unnecessarySeqFocus false`
warning: ConwaySoifer/Simplified/Geometry/MiddleThird.lean:85:25: Used `tac1 <;> tac2` where `(tac1; tac2)` would suffice

Note: This linter can be disabled with `set_option linter.unnecessarySeqFocus false`
warning: ConwaySoifer/Simplified/Geometry/MiddleThird.lean:85:77: Used `tac1 <;> tac2` where `(tac1; tac2)` would suffice

Note: This linter can be disabled with `set_option linter.unnecessarySeqFocus false`
warning: ConwaySoifer/Simplified/Geometry/MiddleThird.lean:91:64: Used `tac1 <;> tac2` where `(tac1; tac2)` would suffice

Note: This linter can be disabled with `set_option linter.unnecessarySeqFocus false`
warning: ConwaySoifer/Simplified/Geometry/MiddleThird.lean:101:23: Used `tac1 <;> tac2` where `(tac1; tac2)` would suffice

Note: This linter can be disabled with `set_option linter.unnecessarySeqFocus false`
warning: ConwaySoifer/Simplified/Geometry/MiddleThird.lean:101:40: Used `tac1 <;> tac2` where `(tac1; tac2)` would suffice

Note: This linter can be disabled with `set_option linter.unnecessarySeqFocus false`
warning: ConwaySoifer/Simplified/Geometry/MiddleThird.lean:107:17: Used `tac1 <;> tac2` where `(tac1; tac2)` would suffice

Note: This linter can be disabled with `set_option linter.unnecessarySeqFocus false`
warning: ConwaySoifer/Simplified/Geometry/MiddleThird.lean:108:25: Used `tac1 <;> tac2` where `(tac1; tac2)` would suffice

Note: This linter can be disabled with `set_option linter.unnecessarySeqFocus false`
warning: ConwaySoifer/Simplified/Geometry/MiddleThird.lean:108:77: Used `tac1 <;> tac2` where `(tac1; tac2)` would suffice

Note: This linter can be disabled with `set_option linter.unnecessarySeqFocus false`
warning: ConwaySoifer/Simplified/Geometry/MiddleThird.lean:114:64: Used `tac1 <;> tac2` where `(tac1; tac2)` would suffice

Note: This linter can be disabled with `set_option linter.unnecessarySeqFocus false`
warning: ConwaySoifer/Simplified/Geometry/MiddleThird.lean:122:17: Used `tac1 <;> tac2` where `(tac1; tac2)` would suffice

Note: This linter can be disabled with `set_option linter.unnecessarySeqFocus false`
warning: ConwaySoifer/Simplified/Geometry/MiddleThird.lean:123:25: Used `tac1 <;> tac2` where `(tac1; tac2)` would suffice

Note: This linter can be disabled with `set_option linter.unnecessarySeqFocus false`
warning: ConwaySoifer/Simplified/Geometry/MiddleThird.lean:123:77: Used `tac1 <;> tac2` where `(tac1; tac2)` would suffice

Note: This linter can be disabled with `set_option linter.unnecessarySeqFocus false`
warning: ConwaySoifer/Simplified/Geometry/MiddleThird.lean:127:17: Used `tac1 <;> tac2` where `(tac1; tac2)` would suffice

Note: This linter can be disabled with `set_option linter.unnecessarySeqFocus false`
warning: ConwaySoifer/Simplified/Geometry/MiddleThird.lean:129:64: Used `tac1 <;> tac2` where `(tac1; tac2)` would suffice

Note: This linter can be disabled with `set_option linter.unnecessarySeqFocus false`
warning: ConwaySoifer/Simplified/Geometry/MiddleThird.lean:139:23: Used `tac1 <;> tac2` where `(tac1; tac2)` would suffice

Note: This linter can be disabled with `set_option linter.unnecessarySeqFocus false`
warning: ConwaySoifer/Simplified/Geometry/MiddleThird.lean:139:40: Used `tac1 <;> tac2` where `(tac1; tac2)` would suffice

Note: This linter can be disabled with `set_option linter.unnecessarySeqFocus false`
warning: ConwaySoifer/Simplified/Geometry/MiddleThird.lean:145:17: Used `tac1 <;> tac2` where `(tac1; tac2)` would suffice

Note: This linter can be disabled with `set_option linter.unnecessarySeqFocus false`
warning: ConwaySoifer/Simplified/Geometry/MiddleThird.lean:146:25: Used `tac1 <;> tac2` where `(tac1; tac2)` would suffice

Note: This linter can be disabled with `set_option linter.unnecessarySeqFocus false`
warning: ConwaySoifer/Simplified/Geometry/MiddleThird.lean:146:77: Used `tac1 <;> tac2` where `(tac1; tac2)` would suffice

Note: This linter can be disabled with `set_option linter.unnecessarySeqFocus false`
warning: ConwaySoifer/Simplified/Geometry/MiddleThird.lean:150:17: Used `tac1 <;> tac2` where `(tac1; tac2)` would suffice

Note: This linter can be disabled with `set_option linter.unnecessarySeqFocus false`
warning: ConwaySoifer/Simplified/Geometry/MiddleThird.lean:152:64: Used `tac1 <;> tac2` where `(tac1; tac2)` would suffice

Note: This linter can be disabled with `set_option linter.unnecessarySeqFocus false`
warning: ConwaySoifer/Simplified/Geometry/MiddleThird.lean:160:17: Used `tac1 <;> tac2` where `(tac1; tac2)` would suffice

Note: This linter can be disabled with `set_option linter.unnecessarySeqFocus false`
warning: ConwaySoifer/Simplified/Geometry/MiddleThird.lean:161:25: Used `tac1 <;> tac2` where `(tac1; tac2)` would suffice

Note: This linter can be disabled with `set_option linter.unnecessarySeqFocus false`
warning: ConwaySoifer/Simplified/Geometry/MiddleThird.lean:161:77: Used `tac1 <;> tac2` where `(tac1; tac2)` would suffice

Note: This linter can be disabled with `set_option linter.unnecessarySeqFocus false`
warning: ConwaySoifer/Simplified/Geometry/MiddleThird.lean:165:17: Used `tac1 <;> tac2` where `(tac1; tac2)` would suffice

Note: This linter can be disabled with `set_option linter.unnecessarySeqFocus false`
warning: ConwaySoifer/Simplified/Geometry/MiddleThird.lean:167:64: Used `tac1 <;> tac2` where `(tac1; tac2)` would suffice

Note: This linter can be disabled with `set_option linter.unnecessarySeqFocus false`
warning: ConwaySoifer/Simplified/Geometry/MiddleThird.lean:25:44: 'ring' tactic does nothing

Note: This linter can be disabled with `set_option linter.unusedTactic false`
warning: ConwaySoifer/Simplified/Geometry/MiddleThird.lean:89:21: 'positivity' tactic does nothing

Note: This linter can be disabled with `set_option linter.unusedTactic false`
warning: ConwaySoifer/Simplified/Geometry/MiddleThird.lean:112:21: 'positivity' tactic does nothing

Note: This linter can be disabled with `set_option linter.unusedTactic false`
⚠ [3896/3956] Built ConwaySoifer.Simplified.Geometry.AcrossLargeCentre (9.4s)
warning: ConwaySoifer/Simplified/Geometry/AcrossLargeCentre.lean:12:28: unused variable `s`

Note: This linter can be disabled with `set_option linter.unusedVariables false`
warning: ConwaySoifer/Simplified/Geometry/AcrossLargeCentre.lean:25:44: this tactic is never executed

Note: This linter can be disabled with `set_option linter.unreachableTactic false`
warning: ConwaySoifer/Simplified/Geometry/AcrossLargeCentre.lean:25:23: Used `tac1 <;> tac2` where `(tac1; tac2)` would suffice

Note: This linter can be disabled with `set_option linter.unnecessarySeqFocus false`
warning: ConwaySoifer/Simplified/Geometry/AcrossLargeCentre.lean:33:25: Used `tac1 <;> tac2` where `(tac1; tac2)` would suffice

Note: This linter can be disabled with `set_option linter.unnecessarySeqFocus false`
warning: ConwaySoifer/Simplified/Geometry/AcrossLargeCentre.lean:33:83: Used `tac1 <;> tac2` where `(tac1; tac2)` would suffice

Note: This linter can be disabled with `set_option linter.unnecessarySeqFocus false`
warning: ConwaySoifer/Simplified/Geometry/AcrossLargeCentre.lean:40:70: Used `tac1 <;> tac2` where `(tac1; tac2)` would suffice

Note: This linter can be disabled with `set_option linter.unnecessarySeqFocus false`
warning: ConwaySoifer/Simplified/Geometry/AcrossLargeCentre.lean:50:25: Used `tac1 <;> tac2` where `(tac1; tac2)` would suffice

Note: This linter can be disabled with `set_option linter.unnecessarySeqFocus false`
warning: ConwaySoifer/Simplified/Geometry/AcrossLargeCentre.lean:50:83: Used `tac1 <;> tac2` where `(tac1; tac2)` would suffice

Note: This linter can be disabled with `set_option linter.unnecessarySeqFocus false`
warning: ConwaySoifer/Simplified/Geometry/AcrossLargeCentre.lean:57:70: Used `tac1 <;> tac2` where `(tac1; tac2)` would suffice

Note: This linter can be disabled with `set_option linter.unnecessarySeqFocus false`
warning: ConwaySoifer/Simplified/Geometry/AcrossLargeCentre.lean:67:23: Used `tac1 <;> tac2` where `(tac1; tac2)` would suffice

Note: This linter can be disabled with `set_option linter.unnecessarySeqFocus false`
warning: ConwaySoifer/Simplified/Geometry/AcrossLargeCentre.lean:67:40: Used `tac1 <;> tac2` where `(tac1; tac2)` would suffice

Note: This linter can be disabled with `set_option linter.unnecessarySeqFocus false`
warning: ConwaySoifer/Simplified/Geometry/AcrossLargeCentre.lean:75:25: Used `tac1 <;> tac2` where `(tac1; tac2)` would suffice

Note: This linter can be disabled with `set_option linter.unnecessarySeqFocus false`
warning: ConwaySoifer/Simplified/Geometry/AcrossLargeCentre.lean:75:83: Used `tac1 <;> tac2` where `(tac1; tac2)` would suffice

Note: This linter can be disabled with `set_option linter.unnecessarySeqFocus false`
warning: ConwaySoifer/Simplified/Geometry/AcrossLargeCentre.lean:82:70: Used `tac1 <;> tac2` where `(tac1; tac2)` would suffice

Note: This linter can be disabled with `set_option linter.unnecessarySeqFocus false`
warning: ConwaySoifer/Simplified/Geometry/AcrossLargeCentre.lean:92:25: Used `tac1 <;> tac2` where `(tac1; tac2)` would suffice

Note: This linter can be disabled with `set_option linter.unnecessarySeqFocus false`
warning: ConwaySoifer/Simplified/Geometry/AcrossLargeCentre.lean:92:83: Used `tac1 <;> tac2` where `(tac1; tac2)` would suffice

Note: This linter can be disabled with `set_option linter.unnecessarySeqFocus false`
warning: ConwaySoifer/Simplified/Geometry/AcrossLargeCentre.lean:99:70: Used `tac1 <;> tac2` where `(tac1; tac2)` would suffice

Note: This linter can be disabled with `set_option linter.unnecessarySeqFocus false`
warning: ConwaySoifer/Simplified/Geometry/AcrossLargeCentre.lean:109:23: Used `tac1 <;> tac2` where `(tac1; tac2)` would suffice

Note: This linter can be disabled with `set_option linter.unnecessarySeqFocus false`
warning: ConwaySoifer/Simplified/Geometry/AcrossLargeCentre.lean:109:40: Used `tac1 <;> tac2` where `(tac1; tac2)` would suffice

Note: This linter can be disabled with `set_option linter.unnecessarySeqFocus false`
warning: ConwaySoifer/Simplified/Geometry/AcrossLargeCentre.lean:117:25: Used `tac1 <;> tac2` where `(tac1; tac2)` would suffice

Note: This linter can be disabled with `set_option linter.unnecessarySeqFocus false`
warning: ConwaySoifer/Simplified/Geometry/AcrossLargeCentre.lean:117:83: Used `tac1 <;> tac2` where `(tac1; tac2)` would suffice

Note: This linter can be disabled with `set_option linter.unnecessarySeqFocus false`
warning: ConwaySoifer/Simplified/Geometry/AcrossLargeCentre.lean:124:70: Used `tac1 <;> tac2` where `(tac1; tac2)` would suffice

Note: This linter can be disabled with `set_option linter.unnecessarySeqFocus false`
warning: ConwaySoifer/Simplified/Geometry/AcrossLargeCentre.lean:134:25: Used `tac1 <;> tac2` where `(tac1; tac2)` would suffice

Note: This linter can be disabled with `set_option linter.unnecessarySeqFocus false`
warning: ConwaySoifer/Simplified/Geometry/AcrossLargeCentre.lean:134:83: Used `tac1 <;> tac2` where `(tac1; tac2)` would suffice

Note: This linter can be disabled with `set_option linter.unnecessarySeqFocus false`
warning: ConwaySoifer/Simplified/Geometry/AcrossLargeCentre.lean:141:70: Used `tac1 <;> tac2` where `(tac1; tac2)` would suffice

Note: This linter can be disabled with `set_option linter.unnecessarySeqFocus false`
warning: ConwaySoifer/Simplified/Geometry/AcrossLargeCentre.lean:151:23: Used `tac1 <;> tac2` where `(tac1; tac2)` would suffice

Note: This linter can be disabled with `set_option linter.unnecessarySeqFocus false`
warning: ConwaySoifer/Simplified/Geometry/AcrossLargeCentre.lean:151:40: Used `tac1 <;> tac2` where `(tac1; tac2)` would suffice

Note: This linter can be disabled with `set_option linter.unnecessarySeqFocus false`
warning: ConwaySoifer/Simplified/Geometry/AcrossLargeCentre.lean:159:25: Used `tac1 <;> tac2` where `(tac1; tac2)` would suffice

Note: This linter can be disabled with `set_option linter.unnecessarySeqFocus false`
warning: ConwaySoifer/Simplified/Geometry/AcrossLargeCentre.lean:159:83: Used `tac1 <;> tac2` where `(tac1; tac2)` would suffice

Note: This linter can be disabled with `set_option linter.unnecessarySeqFocus false`
warning: ConwaySoifer/Simplified/Geometry/AcrossLargeCentre.lean:166:70: Used `tac1 <;> tac2` where `(tac1; tac2)` would suffice

Note: This linter can be disabled with `set_option linter.unnecessarySeqFocus false`
warning: ConwaySoifer/Simplified/Geometry/AcrossLargeCentre.lean:176:25: Used `tac1 <;> tac2` where `(tac1; tac2)` would suffice

Note: This linter can be disabled with `set_option linter.unnecessarySeqFocus false`
warning: ConwaySoifer/Simplified/Geometry/AcrossLargeCentre.lean:176:83: Used `tac1 <;> tac2` where `(tac1; tac2)` would suffice

Note: This linter can be disabled with `set_option linter.unnecessarySeqFocus false`
warning: ConwaySoifer/Simplified/Geometry/AcrossLargeCentre.lean:183:70: Used `tac1 <;> tac2` where `(tac1; tac2)` would suffice

Note: This linter can be disabled with `set_option linter.unnecessarySeqFocus false`
warning: ConwaySoifer/Simplified/Geometry/AcrossLargeCentre.lean:193:23: Used `tac1 <;> tac2` where `(tac1; tac2)` would suffice

Note: This linter can be disabled with `set_option linter.unnecessarySeqFocus false`
warning: ConwaySoifer/Simplified/Geometry/AcrossLargeCentre.lean:193:40: Used `tac1 <;> tac2` where `(tac1; tac2)` would suffice

Note: This linter can be disabled with `set_option linter.unnecessarySeqFocus false`
warning: ConwaySoifer/Simplified/Geometry/AcrossLargeCentre.lean:201:25: Used `tac1 <;> tac2` where `(tac1; tac2)` would suffice

Note: This linter can be disabled with `set_option linter.unnecessarySeqFocus false`
warning: ConwaySoifer/Simplified/Geometry/AcrossLargeCentre.lean:201:83: Used `tac1 <;> tac2` where `(tac1; tac2)` would suffice

Note: This linter can be disabled with `set_option linter.unnecessarySeqFocus false`
warning: ConwaySoifer/Simplified/Geometry/AcrossLargeCentre.lean:208:70: Used `tac1 <;> tac2` where `(tac1; tac2)` would suffice

Note: This linter can be disabled with `set_option linter.unnecessarySeqFocus false`
warning: ConwaySoifer/Simplified/Geometry/AcrossLargeCentre.lean:218:25: Used `tac1 <;> tac2` where `(tac1; tac2)` would suffice

Note: This linter can be disabled with `set_option linter.unnecessarySeqFocus false`
warning: ConwaySoifer/Simplified/Geometry/AcrossLargeCentre.lean:218:83: Used `tac1 <;> tac2` where `(tac1; tac2)` would suffice

Note: This linter can be disabled with `set_option linter.unnecessarySeqFocus false`
warning: ConwaySoifer/Simplified/Geometry/AcrossLargeCentre.lean:225:70: Used `tac1 <;> tac2` where `(tac1; tac2)` would suffice

Note: This linter can be disabled with `set_option linter.unnecessarySeqFocus false`
warning: ConwaySoifer/Simplified/Geometry/AcrossLargeCentre.lean:25:44: 'ring' tactic does nothing

Note: This linter can be disabled with `set_option linter.unusedTactic false`
⚠ [3897/3956] Built ConwaySoifer.Simplified.Geometry.AcrossFour (9.5s)
warning: ConwaySoifer/Simplified/Geometry/AcrossFour.lean:25:44: this tactic is never executed

Note: This linter can be disabled with `set_option linter.unreachableTactic false`
warning: ConwaySoifer/Simplified/Geometry/AcrossFour.lean:25:23: Used `tac1 <;> tac2` where `(tac1; tac2)` would suffice

Note: This linter can be disabled with `set_option linter.unnecessarySeqFocus false`
warning: ConwaySoifer/Simplified/Geometry/AcrossFour.lean:33:25: Used `tac1 <;> tac2` where `(tac1; tac2)` would suffice

Note: This linter can be disabled with `set_option linter.unnecessarySeqFocus false`
warning: ConwaySoifer/Simplified/Geometry/AcrossFour.lean:33:76: Used `tac1 <;> tac2` where `(tac1; tac2)` would suffice

Note: This linter can be disabled with `set_option linter.unnecessarySeqFocus false`
warning: ConwaySoifer/Simplified/Geometry/AcrossFour.lean:40:63: Used `tac1 <;> tac2` where `(tac1; tac2)` would suffice

Note: This linter can be disabled with `set_option linter.unnecessarySeqFocus false`
warning: ConwaySoifer/Simplified/Geometry/AcrossFour.lean:50:25: Used `tac1 <;> tac2` where `(tac1; tac2)` would suffice

Note: This linter can be disabled with `set_option linter.unnecessarySeqFocus false`
warning: ConwaySoifer/Simplified/Geometry/AcrossFour.lean:50:76: Used `tac1 <;> tac2` where `(tac1; tac2)` would suffice

Note: This linter can be disabled with `set_option linter.unnecessarySeqFocus false`
warning: ConwaySoifer/Simplified/Geometry/AcrossFour.lean:57:63: Used `tac1 <;> tac2` where `(tac1; tac2)` would suffice

Note: This linter can be disabled with `set_option linter.unnecessarySeqFocus false`
warning: ConwaySoifer/Simplified/Geometry/AcrossFour.lean:67:23: Used `tac1 <;> tac2` where `(tac1; tac2)` would suffice

Note: This linter can be disabled with `set_option linter.unnecessarySeqFocus false`
warning: ConwaySoifer/Simplified/Geometry/AcrossFour.lean:67:40: Used `tac1 <;> tac2` where `(tac1; tac2)` would suffice

Note: This linter can be disabled with `set_option linter.unnecessarySeqFocus false`
warning: ConwaySoifer/Simplified/Geometry/AcrossFour.lean:75:25: Used `tac1 <;> tac2` where `(tac1; tac2)` would suffice

Note: This linter can be disabled with `set_option linter.unnecessarySeqFocus false`
warning: ConwaySoifer/Simplified/Geometry/AcrossFour.lean:75:76: Used `tac1 <;> tac2` where `(tac1; tac2)` would suffice

Note: This linter can be disabled with `set_option linter.unnecessarySeqFocus false`
warning: ConwaySoifer/Simplified/Geometry/AcrossFour.lean:82:63: Used `tac1 <;> tac2` where `(tac1; tac2)` would suffice

Note: This linter can be disabled with `set_option linter.unnecessarySeqFocus false`
warning: ConwaySoifer/Simplified/Geometry/AcrossFour.lean:92:25: Used `tac1 <;> tac2` where `(tac1; tac2)` would suffice

Note: This linter can be disabled with `set_option linter.unnecessarySeqFocus false`
warning: ConwaySoifer/Simplified/Geometry/AcrossFour.lean:92:76: Used `tac1 <;> tac2` where `(tac1; tac2)` would suffice

Note: This linter can be disabled with `set_option linter.unnecessarySeqFocus false`
warning: ConwaySoifer/Simplified/Geometry/AcrossFour.lean:99:63: Used `tac1 <;> tac2` where `(tac1; tac2)` would suffice

Note: This linter can be disabled with `set_option linter.unnecessarySeqFocus false`
warning: ConwaySoifer/Simplified/Geometry/AcrossFour.lean:109:23: Used `tac1 <;> tac2` where `(tac1; tac2)` would suffice

Note: This linter can be disabled with `set_option linter.unnecessarySeqFocus false`
warning: ConwaySoifer/Simplified/Geometry/AcrossFour.lean:109:40: Used `tac1 <;> tac2` where `(tac1; tac2)` would suffice

Note: This linter can be disabled with `set_option linter.unnecessarySeqFocus false`
warning: ConwaySoifer/Simplified/Geometry/AcrossFour.lean:117:25: Used `tac1 <;> tac2` where `(tac1; tac2)` would suffice

Note: This linter can be disabled with `set_option linter.unnecessarySeqFocus false`
warning: ConwaySoifer/Simplified/Geometry/AcrossFour.lean:117:76: Used `tac1 <;> tac2` where `(tac1; tac2)` would suffice

Note: This linter can be disabled with `set_option linter.unnecessarySeqFocus false`
warning: ConwaySoifer/Simplified/Geometry/AcrossFour.lean:124:63: Used `tac1 <;> tac2` where `(tac1; tac2)` would suffice

Note: This linter can be disabled with `set_option linter.unnecessarySeqFocus false`
warning: ConwaySoifer/Simplified/Geometry/AcrossFour.lean:134:25: Used `tac1 <;> tac2` where `(tac1; tac2)` would suffice

Note: This linter can be disabled with `set_option linter.unnecessarySeqFocus false`
warning: ConwaySoifer/Simplified/Geometry/AcrossFour.lean:134:76: Used `tac1 <;> tac2` where `(tac1; tac2)` would suffice

Note: This linter can be disabled with `set_option linter.unnecessarySeqFocus false`
warning: ConwaySoifer/Simplified/Geometry/AcrossFour.lean:141:63: Used `tac1 <;> tac2` where `(tac1; tac2)` would suffice

Note: This linter can be disabled with `set_option linter.unnecessarySeqFocus false`
warning: ConwaySoifer/Simplified/Geometry/AcrossFour.lean:25:44: 'ring' tactic does nothing

Note: This linter can be disabled with `set_option linter.unusedTactic false`
⚠ [3898/3956] Built ConwaySoifer.Simplified.Geometry.Profile7Q2 (10s)
warning: ConwaySoifer/Simplified/Geometry/Profile7Q2.lean:25:44: this tactic is never executed

Note: This linter can be disabled with `set_option linter.unreachableTactic false`
warning: ConwaySoifer/Simplified/Geometry/Profile7Q2.lean:25:23: Used `tac1 <;> tac2` where `(tac1; tac2)` would suffice

Note: This linter can be disabled with `set_option linter.unnecessarySeqFocus false`
warning: ConwaySoifer/Simplified/Geometry/Profile7Q2.lean:33:25: Used `tac1 <;> tac2` where `(tac1; tac2)` would suffice

Note: This linter can be disabled with `set_option linter.unnecessarySeqFocus false`
warning: ConwaySoifer/Simplified/Geometry/Profile7Q2.lean:33:76: Used `tac1 <;> tac2` where `(tac1; tac2)` would suffice

Note: This linter can be disabled with `set_option linter.unnecessarySeqFocus false`
warning: ConwaySoifer/Simplified/Geometry/Profile7Q2.lean:40:63: Used `tac1 <;> tac2` where `(tac1; tac2)` would suffice

Note: This linter can be disabled with `set_option linter.unnecessarySeqFocus false`
warning: ConwaySoifer/Simplified/Geometry/Profile7Q2.lean:50:25: Used `tac1 <;> tac2` where `(tac1; tac2)` would suffice

Note: This linter can be disabled with `set_option linter.unnecessarySeqFocus false`
warning: ConwaySoifer/Simplified/Geometry/Profile7Q2.lean:50:76: Used `tac1 <;> tac2` where `(tac1; tac2)` would suffice

Note: This linter can be disabled with `set_option linter.unnecessarySeqFocus false`
warning: ConwaySoifer/Simplified/Geometry/Profile7Q2.lean:57:63: Used `tac1 <;> tac2` where `(tac1; tac2)` would suffice

Note: This linter can be disabled with `set_option linter.unnecessarySeqFocus false`
warning: ConwaySoifer/Simplified/Geometry/Profile7Q2.lean:67:23: Used `tac1 <;> tac2` where `(tac1; tac2)` would suffice

Note: This linter can be disabled with `set_option linter.unnecessarySeqFocus false`
warning: ConwaySoifer/Simplified/Geometry/Profile7Q2.lean:67:40: Used `tac1 <;> tac2` where `(tac1; tac2)` would suffice

Note: This linter can be disabled with `set_option linter.unnecessarySeqFocus false`
warning: ConwaySoifer/Simplified/Geometry/Profile7Q2.lean:75:25: Used `tac1 <;> tac2` where `(tac1; tac2)` would suffice

Note: This linter can be disabled with `set_option linter.unnecessarySeqFocus false`
warning: ConwaySoifer/Simplified/Geometry/Profile7Q2.lean:75:76: Used `tac1 <;> tac2` where `(tac1; tac2)` would suffice

Note: This linter can be disabled with `set_option linter.unnecessarySeqFocus false`
warning: ConwaySoifer/Simplified/Geometry/Profile7Q2.lean:82:63: Used `tac1 <;> tac2` where `(tac1; tac2)` would suffice

Note: This linter can be disabled with `set_option linter.unnecessarySeqFocus false`
warning: ConwaySoifer/Simplified/Geometry/Profile7Q2.lean:92:25: Used `tac1 <;> tac2` where `(tac1; tac2)` would suffice

Note: This linter can be disabled with `set_option linter.unnecessarySeqFocus false`
warning: ConwaySoifer/Simplified/Geometry/Profile7Q2.lean:92:76: Used `tac1 <;> tac2` where `(tac1; tac2)` would suffice

Note: This linter can be disabled with `set_option linter.unnecessarySeqFocus false`
warning: ConwaySoifer/Simplified/Geometry/Profile7Q2.lean:99:63: Used `tac1 <;> tac2` where `(tac1; tac2)` would suffice

Note: This linter can be disabled with `set_option linter.unnecessarySeqFocus false`
warning: ConwaySoifer/Simplified/Geometry/Profile7Q2.lean:109:23: Used `tac1 <;> tac2` where `(tac1; tac2)` would suffice

Note: This linter can be disabled with `set_option linter.unnecessarySeqFocus false`
warning: ConwaySoifer/Simplified/Geometry/Profile7Q2.lean:109:40: Used `tac1 <;> tac2` where `(tac1; tac2)` would suffice

Note: This linter can be disabled with `set_option linter.unnecessarySeqFocus false`
warning: ConwaySoifer/Simplified/Geometry/Profile7Q2.lean:117:25: Used `tac1 <;> tac2` where `(tac1; tac2)` would suffice

Note: This linter can be disabled with `set_option linter.unnecessarySeqFocus false`
warning: ConwaySoifer/Simplified/Geometry/Profile7Q2.lean:117:76: Used `tac1 <;> tac2` where `(tac1; tac2)` would suffice

Note: This linter can be disabled with `set_option linter.unnecessarySeqFocus false`
warning: ConwaySoifer/Simplified/Geometry/Profile7Q2.lean:124:63: Used `tac1 <;> tac2` where `(tac1; tac2)` would suffice

Note: This linter can be disabled with `set_option linter.unnecessarySeqFocus false`
warning: ConwaySoifer/Simplified/Geometry/Profile7Q2.lean:134:25: Used `tac1 <;> tac2` where `(tac1; tac2)` would suffice

Note: This linter can be disabled with `set_option linter.unnecessarySeqFocus false`
warning: ConwaySoifer/Simplified/Geometry/Profile7Q2.lean:134:76: Used `tac1 <;> tac2` where `(tac1; tac2)` would suffice

Note: This linter can be disabled with `set_option linter.unnecessarySeqFocus false`
warning: ConwaySoifer/Simplified/Geometry/Profile7Q2.lean:141:63: Used `tac1 <;> tac2` where `(tac1; tac2)` would suffice

Note: This linter can be disabled with `set_option linter.unnecessarySeqFocus false`
warning: ConwaySoifer/Simplified/Geometry/Profile7Q2.lean:25:44: 'ring' tactic does nothing

Note: This linter can be disabled with `set_option linter.unusedTactic false`
⚠ [3899/3956] Built ConwaySoifer.Simplified.Geometry.Profile6Q2 (10s)
warning: ConwaySoifer/Simplified/Geometry/Profile6Q2.lean:25:44: this tactic is never executed

Note: This linter can be disabled with `set_option linter.unreachableTactic false`
warning: ConwaySoifer/Simplified/Geometry/Profile6Q2.lean:25:23: Used `tac1 <;> tac2` where `(tac1; tac2)` would suffice

Note: This linter can be disabled with `set_option linter.unnecessarySeqFocus false`
warning: ConwaySoifer/Simplified/Geometry/Profile6Q2.lean:33:25: Used `tac1 <;> tac2` where `(tac1; tac2)` would suffice

Note: This linter can be disabled with `set_option linter.unnecessarySeqFocus false`
warning: ConwaySoifer/Simplified/Geometry/Profile6Q2.lean:33:76: Used `tac1 <;> tac2` where `(tac1; tac2)` would suffice

Note: This linter can be disabled with `set_option linter.unnecessarySeqFocus false`
warning: ConwaySoifer/Simplified/Geometry/Profile6Q2.lean:40:63: Used `tac1 <;> tac2` where `(tac1; tac2)` would suffice

Note: This linter can be disabled with `set_option linter.unnecessarySeqFocus false`
warning: ConwaySoifer/Simplified/Geometry/Profile6Q2.lean:50:25: Used `tac1 <;> tac2` where `(tac1; tac2)` would suffice

Note: This linter can be disabled with `set_option linter.unnecessarySeqFocus false`
warning: ConwaySoifer/Simplified/Geometry/Profile6Q2.lean:50:76: Used `tac1 <;> tac2` where `(tac1; tac2)` would suffice

Note: This linter can be disabled with `set_option linter.unnecessarySeqFocus false`
warning: ConwaySoifer/Simplified/Geometry/Profile6Q2.lean:57:63: Used `tac1 <;> tac2` where `(tac1; tac2)` would suffice

Note: This linter can be disabled with `set_option linter.unnecessarySeqFocus false`
warning: ConwaySoifer/Simplified/Geometry/Profile6Q2.lean:67:23: Used `tac1 <;> tac2` where `(tac1; tac2)` would suffice

Note: This linter can be disabled with `set_option linter.unnecessarySeqFocus false`
warning: ConwaySoifer/Simplified/Geometry/Profile6Q2.lean:67:40: Used `tac1 <;> tac2` where `(tac1; tac2)` would suffice

Note: This linter can be disabled with `set_option linter.unnecessarySeqFocus false`
warning: ConwaySoifer/Simplified/Geometry/Profile6Q2.lean:75:25: Used `tac1 <;> tac2` where `(tac1; tac2)` would suffice

Note: This linter can be disabled with `set_option linter.unnecessarySeqFocus false`
warning: ConwaySoifer/Simplified/Geometry/Profile6Q2.lean:75:76: Used `tac1 <;> tac2` where `(tac1; tac2)` would suffice

Note: This linter can be disabled with `set_option linter.unnecessarySeqFocus false`
warning: ConwaySoifer/Simplified/Geometry/Profile6Q2.lean:82:63: Used `tac1 <;> tac2` where `(tac1; tac2)` would suffice

Note: This linter can be disabled with `set_option linter.unnecessarySeqFocus false`
warning: ConwaySoifer/Simplified/Geometry/Profile6Q2.lean:92:25: Used `tac1 <;> tac2` where `(tac1; tac2)` would suffice

Note: This linter can be disabled with `set_option linter.unnecessarySeqFocus false`
warning: ConwaySoifer/Simplified/Geometry/Profile6Q2.lean:92:76: Used `tac1 <;> tac2` where `(tac1; tac2)` would suffice

Note: This linter can be disabled with `set_option linter.unnecessarySeqFocus false`
warning: ConwaySoifer/Simplified/Geometry/Profile6Q2.lean:99:63: Used `tac1 <;> tac2` where `(tac1; tac2)` would suffice

Note: This linter can be disabled with `set_option linter.unnecessarySeqFocus false`
warning: ConwaySoifer/Simplified/Geometry/Profile6Q2.lean:109:23: Used `tac1 <;> tac2` where `(tac1; tac2)` would suffice

Note: This linter can be disabled with `set_option linter.unnecessarySeqFocus false`
warning: ConwaySoifer/Simplified/Geometry/Profile6Q2.lean:109:40: Used `tac1 <;> tac2` where `(tac1; tac2)` would suffice

Note: This linter can be disabled with `set_option linter.unnecessarySeqFocus false`
warning: ConwaySoifer/Simplified/Geometry/Profile6Q2.lean:117:25: Used `tac1 <;> tac2` where `(tac1; tac2)` would suffice

Note: This linter can be disabled with `set_option linter.unnecessarySeqFocus false`
warning: ConwaySoifer/Simplified/Geometry/Profile6Q2.lean:117:76: Used `tac1 <;> tac2` where `(tac1; tac2)` would suffice

Note: This linter can be disabled with `set_option linter.unnecessarySeqFocus false`
warning: ConwaySoifer/Simplified/Geometry/Profile6Q2.lean:124:63: Used `tac1 <;> tac2` where `(tac1; tac2)` would suffice

Note: This linter can be disabled with `set_option linter.unnecessarySeqFocus false`
warning: ConwaySoifer/Simplified/Geometry/Profile6Q2.lean:134:25: Used `tac1 <;> tac2` where `(tac1; tac2)` would suffice

Note: This linter can be disabled with `set_option linter.unnecessarySeqFocus false`
warning: ConwaySoifer/Simplified/Geometry/Profile6Q2.lean:134:76: Used `tac1 <;> tac2` where `(tac1; tac2)` would suffice

Note: This linter can be disabled with `set_option linter.unnecessarySeqFocus false`
warning: ConwaySoifer/Simplified/Geometry/Profile6Q2.lean:141:63: Used `tac1 <;> tac2` where `(tac1; tac2)` would suffice

Note: This linter can be disabled with `set_option linter.unnecessarySeqFocus false`
warning: ConwaySoifer/Simplified/Geometry/Profile6Q2.lean:25:44: 'ring' tactic does nothing

Note: This linter can be disabled with `set_option linter.unusedTactic false`
⚠ [3900/3956] Built ConwaySoifer.Simplified.Geometry.Profile5Q2 (10s)
warning: ConwaySoifer/Simplified/Geometry/Profile5Q2.lean:25:44: this tactic is never executed

Note: This linter can be disabled with `set_option linter.unreachableTactic false`
warning: ConwaySoifer/Simplified/Geometry/Profile5Q2.lean:25:23: Used `tac1 <;> tac2` where `(tac1; tac2)` would suffice

Note: This linter can be disabled with `set_option linter.unnecessarySeqFocus false`
warning: ConwaySoifer/Simplified/Geometry/Profile5Q2.lean:33:25: Used `tac1 <;> tac2` where `(tac1; tac2)` would suffice

Note: This linter can be disabled with `set_option linter.unnecessarySeqFocus false`
warning: ConwaySoifer/Simplified/Geometry/Profile5Q2.lean:33:76: Used `tac1 <;> tac2` where `(tac1; tac2)` would suffice

Note: This linter can be disabled with `set_option linter.unnecessarySeqFocus false`
warning: ConwaySoifer/Simplified/Geometry/Profile5Q2.lean:40:63: Used `tac1 <;> tac2` where `(tac1; tac2)` would suffice

Note: This linter can be disabled with `set_option linter.unnecessarySeqFocus false`
warning: ConwaySoifer/Simplified/Geometry/Profile5Q2.lean:50:25: Used `tac1 <;> tac2` where `(tac1; tac2)` would suffice

Note: This linter can be disabled with `set_option linter.unnecessarySeqFocus false`
warning: ConwaySoifer/Simplified/Geometry/Profile5Q2.lean:50:76: Used `tac1 <;> tac2` where `(tac1; tac2)` would suffice

Note: This linter can be disabled with `set_option linter.unnecessarySeqFocus false`
warning: ConwaySoifer/Simplified/Geometry/Profile5Q2.lean:57:63: Used `tac1 <;> tac2` where `(tac1; tac2)` would suffice

Note: This linter can be disabled with `set_option linter.unnecessarySeqFocus false`
warning: ConwaySoifer/Simplified/Geometry/Profile5Q2.lean:67:23: Used `tac1 <;> tac2` where `(tac1; tac2)` would suffice

Note: This linter can be disabled with `set_option linter.unnecessarySeqFocus false`
warning: ConwaySoifer/Simplified/Geometry/Profile5Q2.lean:67:40: Used `tac1 <;> tac2` where `(tac1; tac2)` would suffice

Note: This linter can be disabled with `set_option linter.unnecessarySeqFocus false`
warning: ConwaySoifer/Simplified/Geometry/Profile5Q2.lean:75:25: Used `tac1 <;> tac2` where `(tac1; tac2)` would suffice

Note: This linter can be disabled with `set_option linter.unnecessarySeqFocus false`
warning: ConwaySoifer/Simplified/Geometry/Profile5Q2.lean:75:76: Used `tac1 <;> tac2` where `(tac1; tac2)` would suffice

Note: This linter can be disabled with `set_option linter.unnecessarySeqFocus false`
warning: ConwaySoifer/Simplified/Geometry/Profile5Q2.lean:82:63: Used `tac1 <;> tac2` where `(tac1; tac2)` would suffice

Note: This linter can be disabled with `set_option linter.unnecessarySeqFocus false`
warning: ConwaySoifer/Simplified/Geometry/Profile5Q2.lean:92:25: Used `tac1 <;> tac2` where `(tac1; tac2)` would suffice

Note: This linter can be disabled with `set_option linter.unnecessarySeqFocus false`
warning: ConwaySoifer/Simplified/Geometry/Profile5Q2.lean:92:76: Used `tac1 <;> tac2` where `(tac1; tac2)` would suffice

Note: This linter can be disabled with `set_option linter.unnecessarySeqFocus false`
warning: ConwaySoifer/Simplified/Geometry/Profile5Q2.lean:99:63: Used `tac1 <;> tac2` where `(tac1; tac2)` would suffice

Note: This linter can be disabled with `set_option linter.unnecessarySeqFocus false`
warning: ConwaySoifer/Simplified/Geometry/Profile5Q2.lean:109:23: Used `tac1 <;> tac2` where `(tac1; tac2)` would suffice

Note: This linter can be disabled with `set_option linter.unnecessarySeqFocus false`
warning: ConwaySoifer/Simplified/Geometry/Profile5Q2.lean:109:40: Used `tac1 <;> tac2` where `(tac1; tac2)` would suffice

Note: This linter can be disabled with `set_option linter.unnecessarySeqFocus false`
warning: ConwaySoifer/Simplified/Geometry/Profile5Q2.lean:117:25: Used `tac1 <;> tac2` where `(tac1; tac2)` would suffice

Note: This linter can be disabled with `set_option linter.unnecessarySeqFocus false`
warning: ConwaySoifer/Simplified/Geometry/Profile5Q2.lean:117:76: Used `tac1 <;> tac2` where `(tac1; tac2)` would suffice

Note: This linter can be disabled with `set_option linter.unnecessarySeqFocus false`
warning: ConwaySoifer/Simplified/Geometry/Profile5Q2.lean:124:63: Used `tac1 <;> tac2` where `(tac1; tac2)` would suffice

Note: This linter can be disabled with `set_option linter.unnecessarySeqFocus false`
warning: ConwaySoifer/Simplified/Geometry/Profile5Q2.lean:134:25: Used `tac1 <;> tac2` where `(tac1; tac2)` would suffice

Note: This linter can be disabled with `set_option linter.unnecessarySeqFocus false`
warning: ConwaySoifer/Simplified/Geometry/Profile5Q2.lean:134:76: Used `tac1 <;> tac2` where `(tac1; tac2)` would suffice

Note: This linter can be disabled with `set_option linter.unnecessarySeqFocus false`
warning: ConwaySoifer/Simplified/Geometry/Profile5Q2.lean:141:63: Used `tac1 <;> tac2` where `(tac1; tac2)` would suffice

Note: This linter can be disabled with `set_option linter.unnecessarySeqFocus false`
warning: ConwaySoifer/Simplified/Geometry/Profile5Q2.lean:25:44: 'ring' tactic does nothing

Note: This linter can be disabled with `set_option linter.unusedTactic false`
⚠ [3901/3956] Built ConwaySoifer.Simplified.Geometry.Profile7Q1 (11s)
warning: ConwaySoifer/Simplified/Geometry/Profile7Q1.lean:25:44: this tactic is never executed

Note: This linter can be disabled with `set_option linter.unreachableTactic false`
warning: ConwaySoifer/Simplified/Geometry/Profile7Q1.lean:25:23: Used `tac1 <;> tac2` where `(tac1; tac2)` would suffice

Note: This linter can be disabled with `set_option linter.unnecessarySeqFocus false`
warning: ConwaySoifer/Simplified/Geometry/Profile7Q1.lean:33:25: Used `tac1 <;> tac2` where `(tac1; tac2)` would suffice

Note: This linter can be disabled with `set_option linter.unnecessarySeqFocus false`
warning: ConwaySoifer/Simplified/Geometry/Profile7Q1.lean:33:76: Used `tac1 <;> tac2` where `(tac1; tac2)` would suffice

Note: This linter can be disabled with `set_option linter.unnecessarySeqFocus false`
warning: ConwaySoifer/Simplified/Geometry/Profile7Q1.lean:40:63: Used `tac1 <;> tac2` where `(tac1; tac2)` would suffice

Note: This linter can be disabled with `set_option linter.unnecessarySeqFocus false`
warning: ConwaySoifer/Simplified/Geometry/Profile7Q1.lean:50:25: Used `tac1 <;> tac2` where `(tac1; tac2)` would suffice

Note: This linter can be disabled with `set_option linter.unnecessarySeqFocus false`
warning: ConwaySoifer/Simplified/Geometry/Profile7Q1.lean:50:76: Used `tac1 <;> tac2` where `(tac1; tac2)` would suffice

Note: This linter can be disabled with `set_option linter.unnecessarySeqFocus false`
warning: ConwaySoifer/Simplified/Geometry/Profile7Q1.lean:57:63: Used `tac1 <;> tac2` where `(tac1; tac2)` would suffice

Note: This linter can be disabled with `set_option linter.unnecessarySeqFocus false`
warning: ConwaySoifer/Simplified/Geometry/Profile7Q1.lean:67:23: Used `tac1 <;> tac2` where `(tac1; tac2)` would suffice

Note: This linter can be disabled with `set_option linter.unnecessarySeqFocus false`
warning: ConwaySoifer/Simplified/Geometry/Profile7Q1.lean:67:40: Used `tac1 <;> tac2` where `(tac1; tac2)` would suffice

Note: This linter can be disabled with `set_option linter.unnecessarySeqFocus false`
warning: ConwaySoifer/Simplified/Geometry/Profile7Q1.lean:75:25: Used `tac1 <;> tac2` where `(tac1; tac2)` would suffice

Note: This linter can be disabled with `set_option linter.unnecessarySeqFocus false`
warning: ConwaySoifer/Simplified/Geometry/Profile7Q1.lean:75:76: Used `tac1 <;> tac2` where `(tac1; tac2)` would suffice

Note: This linter can be disabled with `set_option linter.unnecessarySeqFocus false`
warning: ConwaySoifer/Simplified/Geometry/Profile7Q1.lean:82:63: Used `tac1 <;> tac2` where `(tac1; tac2)` would suffice

Note: This linter can be disabled with `set_option linter.unnecessarySeqFocus false`
warning: ConwaySoifer/Simplified/Geometry/Profile7Q1.lean:92:25: Used `tac1 <;> tac2` where `(tac1; tac2)` would suffice

Note: This linter can be disabled with `set_option linter.unnecessarySeqFocus false`
warning: ConwaySoifer/Simplified/Geometry/Profile7Q1.lean:92:76: Used `tac1 <;> tac2` where `(tac1; tac2)` would suffice

Note: This linter can be disabled with `set_option linter.unnecessarySeqFocus false`
warning: ConwaySoifer/Simplified/Geometry/Profile7Q1.lean:99:63: Used `tac1 <;> tac2` where `(tac1; tac2)` would suffice

Note: This linter can be disabled with `set_option linter.unnecessarySeqFocus false`
warning: ConwaySoifer/Simplified/Geometry/Profile7Q1.lean:109:23: Used `tac1 <;> tac2` where `(tac1; tac2)` would suffice

Note: This linter can be disabled with `set_option linter.unnecessarySeqFocus false`
warning: ConwaySoifer/Simplified/Geometry/Profile7Q1.lean:109:40: Used `tac1 <;> tac2` where `(tac1; tac2)` would suffice

Note: This linter can be disabled with `set_option linter.unnecessarySeqFocus false`
warning: ConwaySoifer/Simplified/Geometry/Profile7Q1.lean:117:25: Used `tac1 <;> tac2` where `(tac1; tac2)` would suffice

Note: This linter can be disabled with `set_option linter.unnecessarySeqFocus false`
warning: ConwaySoifer/Simplified/Geometry/Profile7Q1.lean:117:76: Used `tac1 <;> tac2` where `(tac1; tac2)` would suffice

Note: This linter can be disabled with `set_option linter.unnecessarySeqFocus false`
warning: ConwaySoifer/Simplified/Geometry/Profile7Q1.lean:124:63: Used `tac1 <;> tac2` where `(tac1; tac2)` would suffice

Note: This linter can be disabled with `set_option linter.unnecessarySeqFocus false`
warning: ConwaySoifer/Simplified/Geometry/Profile7Q1.lean:134:25: Used `tac1 <;> tac2` where `(tac1; tac2)` would suffice

Note: This linter can be disabled with `set_option linter.unnecessarySeqFocus false`
warning: ConwaySoifer/Simplified/Geometry/Profile7Q1.lean:134:76: Used `tac1 <;> tac2` where `(tac1; tac2)` would suffice

Note: This linter can be disabled with `set_option linter.unnecessarySeqFocus false`
warning: ConwaySoifer/Simplified/Geometry/Profile7Q1.lean:141:63: Used `tac1 <;> tac2` where `(tac1; tac2)` would suffice

Note: This linter can be disabled with `set_option linter.unnecessarySeqFocus false`
warning: ConwaySoifer/Simplified/Geometry/Profile7Q1.lean:25:44: 'ring' tactic does nothing

Note: This linter can be disabled with `set_option linter.unusedTactic false`
⚠ [3902/3956] Built ConwaySoifer.Simplified.Geometry.Profile5Q1 (9.8s)
warning: ConwaySoifer/Simplified/Geometry/Profile5Q1.lean:25:44: this tactic is never executed

Note: This linter can be disabled with `set_option linter.unreachableTactic false`
warning: ConwaySoifer/Simplified/Geometry/Profile5Q1.lean:25:23: Used `tac1 <;> tac2` where `(tac1; tac2)` would suffice

Note: This linter can be disabled with `set_option linter.unnecessarySeqFocus false`
warning: ConwaySoifer/Simplified/Geometry/Profile5Q1.lean:33:25: Used `tac1 <;> tac2` where `(tac1; tac2)` would suffice

Note: This linter can be disabled with `set_option linter.unnecessarySeqFocus false`
warning: ConwaySoifer/Simplified/Geometry/Profile5Q1.lean:33:76: Used `tac1 <;> tac2` where `(tac1; tac2)` would suffice

Note: This linter can be disabled with `set_option linter.unnecessarySeqFocus false`
warning: ConwaySoifer/Simplified/Geometry/Profile5Q1.lean:40:63: Used `tac1 <;> tac2` where `(tac1; tac2)` would suffice

Note: This linter can be disabled with `set_option linter.unnecessarySeqFocus false`
warning: ConwaySoifer/Simplified/Geometry/Profile5Q1.lean:50:25: Used `tac1 <;> tac2` where `(tac1; tac2)` would suffice

Note: This linter can be disabled with `set_option linter.unnecessarySeqFocus false`
warning: ConwaySoifer/Simplified/Geometry/Profile5Q1.lean:50:76: Used `tac1 <;> tac2` where `(tac1; tac2)` would suffice

Note: This linter can be disabled with `set_option linter.unnecessarySeqFocus false`
warning: ConwaySoifer/Simplified/Geometry/Profile5Q1.lean:57:63: Used `tac1 <;> tac2` where `(tac1; tac2)` would suffice

Note: This linter can be disabled with `set_option linter.unnecessarySeqFocus false`
warning: ConwaySoifer/Simplified/Geometry/Profile5Q1.lean:67:23: Used `tac1 <;> tac2` where `(tac1; tac2)` would suffice

Note: This linter can be disabled with `set_option linter.unnecessarySeqFocus false`
warning: ConwaySoifer/Simplified/Geometry/Profile5Q1.lean:67:40: Used `tac1 <;> tac2` where `(tac1; tac2)` would suffice

Note: This linter can be disabled with `set_option linter.unnecessarySeqFocus false`
warning: ConwaySoifer/Simplified/Geometry/Profile5Q1.lean:75:25: Used `tac1 <;> tac2` where `(tac1; tac2)` would suffice

Note: This linter can be disabled with `set_option linter.unnecessarySeqFocus false`
warning: ConwaySoifer/Simplified/Geometry/Profile5Q1.lean:75:76: Used `tac1 <;> tac2` where `(tac1; tac2)` would suffice

Note: This linter can be disabled with `set_option linter.unnecessarySeqFocus false`
warning: ConwaySoifer/Simplified/Geometry/Profile5Q1.lean:82:63: Used `tac1 <;> tac2` where `(tac1; tac2)` would suffice

Note: This linter can be disabled with `set_option linter.unnecessarySeqFocus false`
warning: ConwaySoifer/Simplified/Geometry/Profile5Q1.lean:92:25: Used `tac1 <;> tac2` where `(tac1; tac2)` would suffice

Note: This linter can be disabled with `set_option linter.unnecessarySeqFocus false`
warning: ConwaySoifer/Simplified/Geometry/Profile5Q1.lean:92:76: Used `tac1 <;> tac2` where `(tac1; tac2)` would suffice

Note: This linter can be disabled with `set_option linter.unnecessarySeqFocus false`
warning: ConwaySoifer/Simplified/Geometry/Profile5Q1.lean:99:63: Used `tac1 <;> tac2` where `(tac1; tac2)` would suffice

Note: This linter can be disabled with `set_option linter.unnecessarySeqFocus false`
warning: ConwaySoifer/Simplified/Geometry/Profile5Q1.lean:109:23: Used `tac1 <;> tac2` where `(tac1; tac2)` would suffice

Note: This linter can be disabled with `set_option linter.unnecessarySeqFocus false`
warning: ConwaySoifer/Simplified/Geometry/Profile5Q1.lean:109:40: Used `tac1 <;> tac2` where `(tac1; tac2)` would suffice

Note: This linter can be disabled with `set_option linter.unnecessarySeqFocus false`
warning: ConwaySoifer/Simplified/Geometry/Profile5Q1.lean:117:25: Used `tac1 <;> tac2` where `(tac1; tac2)` would suffice

Note: This linter can be disabled with `set_option linter.unnecessarySeqFocus false`
warning: ConwaySoifer/Simplified/Geometry/Profile5Q1.lean:117:76: Used `tac1 <;> tac2` where `(tac1; tac2)` would suffice

Note: This linter can be disabled with `set_option linter.unnecessarySeqFocus false`
warning: ConwaySoifer/Simplified/Geometry/Profile5Q1.lean:124:63: Used `tac1 <;> tac2` where `(tac1; tac2)` would suffice

Note: This linter can be disabled with `set_option linter.unnecessarySeqFocus false`
warning: ConwaySoifer/Simplified/Geometry/Profile5Q1.lean:134:25: Used `tac1 <;> tac2` where `(tac1; tac2)` would suffice

Note: This linter can be disabled with `set_option linter.unnecessarySeqFocus false`
warning: ConwaySoifer/Simplified/Geometry/Profile5Q1.lean:134:76: Used `tac1 <;> tac2` where `(tac1; tac2)` would suffice

Note: This linter can be disabled with `set_option linter.unnecessarySeqFocus false`
warning: ConwaySoifer/Simplified/Geometry/Profile5Q1.lean:141:63: Used `tac1 <;> tac2` where `(tac1; tac2)` would suffice

Note: This linter can be disabled with `set_option linter.unnecessarySeqFocus false`
warning: ConwaySoifer/Simplified/Geometry/Profile5Q1.lean:25:44: 'ring' tactic does nothing

Note: This linter can be disabled with `set_option linter.unusedTactic false`
⚠ [3903/3956] Built ConwaySoifer.Simplified.Geometry.Profile6Q1 (11s)
warning: ConwaySoifer/Simplified/Geometry/Profile6Q1.lean:25:44: this tactic is never executed

Note: This linter can be disabled with `set_option linter.unreachableTactic false`
warning: ConwaySoifer/Simplified/Geometry/Profile6Q1.lean:25:23: Used `tac1 <;> tac2` where `(tac1; tac2)` would suffice

Note: This linter can be disabled with `set_option linter.unnecessarySeqFocus false`
warning: ConwaySoifer/Simplified/Geometry/Profile6Q1.lean:33:25: Used `tac1 <;> tac2` where `(tac1; tac2)` would suffice

Note: This linter can be disabled with `set_option linter.unnecessarySeqFocus false`
warning: ConwaySoifer/Simplified/Geometry/Profile6Q1.lean:33:76: Used `tac1 <;> tac2` where `(tac1; tac2)` would suffice

Note: This linter can be disabled with `set_option linter.unnecessarySeqFocus false`
warning: ConwaySoifer/Simplified/Geometry/Profile6Q1.lean:40:63: Used `tac1 <;> tac2` where `(tac1; tac2)` would suffice

Note: This linter can be disabled with `set_option linter.unnecessarySeqFocus false`
warning: ConwaySoifer/Simplified/Geometry/Profile6Q1.lean:50:25: Used `tac1 <;> tac2` where `(tac1; tac2)` would suffice

Note: This linter can be disabled with `set_option linter.unnecessarySeqFocus false`
warning: ConwaySoifer/Simplified/Geometry/Profile6Q1.lean:50:76: Used `tac1 <;> tac2` where `(tac1; tac2)` would suffice

Note: This linter can be disabled with `set_option linter.unnecessarySeqFocus false`
warning: ConwaySoifer/Simplified/Geometry/Profile6Q1.lean:57:63: Used `tac1 <;> tac2` where `(tac1; tac2)` would suffice

Note: This linter can be disabled with `set_option linter.unnecessarySeqFocus false`
warning: ConwaySoifer/Simplified/Geometry/Profile6Q1.lean:67:23: Used `tac1 <;> tac2` where `(tac1; tac2)` would suffice

Note: This linter can be disabled with `set_option linter.unnecessarySeqFocus false`
warning: ConwaySoifer/Simplified/Geometry/Profile6Q1.lean:67:40: Used `tac1 <;> tac2` where `(tac1; tac2)` would suffice

Note: This linter can be disabled with `set_option linter.unnecessarySeqFocus false`
warning: ConwaySoifer/Simplified/Geometry/Profile6Q1.lean:75:25: Used `tac1 <;> tac2` where `(tac1; tac2)` would suffice

Note: This linter can be disabled with `set_option linter.unnecessarySeqFocus false`
warning: ConwaySoifer/Simplified/Geometry/Profile6Q1.lean:75:76: Used `tac1 <;> tac2` where `(tac1; tac2)` would suffice

Note: This linter can be disabled with `set_option linter.unnecessarySeqFocus false`
warning: ConwaySoifer/Simplified/Geometry/Profile6Q1.lean:82:63: Used `tac1 <;> tac2` where `(tac1; tac2)` would suffice

Note: This linter can be disabled with `set_option linter.unnecessarySeqFocus false`
warning: ConwaySoifer/Simplified/Geometry/Profile6Q1.lean:92:25: Used `tac1 <;> tac2` where `(tac1; tac2)` would suffice

Note: This linter can be disabled with `set_option linter.unnecessarySeqFocus false`
warning: ConwaySoifer/Simplified/Geometry/Profile6Q1.lean:92:76: Used `tac1 <;> tac2` where `(tac1; tac2)` would suffice

Note: This linter can be disabled with `set_option linter.unnecessarySeqFocus false`
warning: ConwaySoifer/Simplified/Geometry/Profile6Q1.lean:99:63: Used `tac1 <;> tac2` where `(tac1; tac2)` would suffice

Note: This linter can be disabled with `set_option linter.unnecessarySeqFocus false`
warning: ConwaySoifer/Simplified/Geometry/Profile6Q1.lean:109:23: Used `tac1 <;> tac2` where `(tac1; tac2)` would suffice

Note: This linter can be disabled with `set_option linter.unnecessarySeqFocus false`
warning: ConwaySoifer/Simplified/Geometry/Profile6Q1.lean:109:40: Used `tac1 <;> tac2` where `(tac1; tac2)` would suffice

Note: This linter can be disabled with `set_option linter.unnecessarySeqFocus false`
warning: ConwaySoifer/Simplified/Geometry/Profile6Q1.lean:117:25: Used `tac1 <;> tac2` where `(tac1; tac2)` would suffice

Note: This linter can be disabled with `set_option linter.unnecessarySeqFocus false`
warning: ConwaySoifer/Simplified/Geometry/Profile6Q1.lean:117:76: Used `tac1 <;> tac2` where `(tac1; tac2)` would suffice

Note: This linter can be disabled with `set_option linter.unnecessarySeqFocus false`
warning: ConwaySoifer/Simplified/Geometry/Profile6Q1.lean:124:63: Used `tac1 <;> tac2` where `(tac1; tac2)` would suffice

Note: This linter can be disabled with `set_option linter.unnecessarySeqFocus false`
warning: ConwaySoifer/Simplified/Geometry/Profile6Q1.lean:134:25: Used `tac1 <;> tac2` where `(tac1; tac2)` would suffice

Note: This linter can be disabled with `set_option linter.unnecessarySeqFocus false`
warning: ConwaySoifer/Simplified/Geometry/Profile6Q1.lean:134:76: Used `tac1 <;> tac2` where `(tac1; tac2)` would suffice

Note: This linter can be disabled with `set_option linter.unnecessarySeqFocus false`
warning: ConwaySoifer/Simplified/Geometry/Profile6Q1.lean:141:63: Used `tac1 <;> tac2` where `(tac1; tac2)` would suffice

Note: This linter can be disabled with `set_option linter.unnecessarySeqFocus false`
warning: ConwaySoifer/Simplified/Geometry/Profile6Q1.lean:25:44: 'ring' tactic does nothing

Note: This linter can be disabled with `set_option linter.unusedTactic false`
⚠ [3904/3956] Built ConwaySoifer.Simplified.Geometry.Profile4Q2 (8.0s)
warning: ConwaySoifer/Simplified/Geometry/Profile4Q2.lean:25:44: this tactic is never executed

Note: This linter can be disabled with `set_option linter.unreachableTactic false`
warning: ConwaySoifer/Simplified/Geometry/Profile4Q2.lean:25:23: Used `tac1 <;> tac2` where `(tac1; tac2)` would suffice

Note: This linter can be disabled with `set_option linter.unnecessarySeqFocus false`
warning: ConwaySoifer/Simplified/Geometry/Profile4Q2.lean:33:25: Used `tac1 <;> tac2` where `(tac1; tac2)` would suffice

Note: This linter can be disabled with `set_option linter.unnecessarySeqFocus false`
warning: ConwaySoifer/Simplified/Geometry/Profile4Q2.lean:33:76: Used `tac1 <;> tac2` where `(tac1; tac2)` would suffice

Note: This linter can be disabled with `set_option linter.unnecessarySeqFocus false`
warning: ConwaySoifer/Simplified/Geometry/Profile4Q2.lean:40:63: Used `tac1 <;> tac2` where `(tac1; tac2)` would suffice

Note: This linter can be disabled with `set_option linter.unnecessarySeqFocus false`
warning: ConwaySoifer/Simplified/Geometry/Profile4Q2.lean:50:25: Used `tac1 <;> tac2` where `(tac1; tac2)` would suffice

Note: This linter can be disabled with `set_option linter.unnecessarySeqFocus false`
warning: ConwaySoifer/Simplified/Geometry/Profile4Q2.lean:50:76: Used `tac1 <;> tac2` where `(tac1; tac2)` would suffice

Note: This linter can be disabled with `set_option linter.unnecessarySeqFocus false`
warning: ConwaySoifer/Simplified/Geometry/Profile4Q2.lean:57:63: Used `tac1 <;> tac2` where `(tac1; tac2)` would suffice

Note: This linter can be disabled with `set_option linter.unnecessarySeqFocus false`
warning: ConwaySoifer/Simplified/Geometry/Profile4Q2.lean:67:23: Used `tac1 <;> tac2` where `(tac1; tac2)` would suffice

Note: This linter can be disabled with `set_option linter.unnecessarySeqFocus false`
warning: ConwaySoifer/Simplified/Geometry/Profile4Q2.lean:67:40: Used `tac1 <;> tac2` where `(tac1; tac2)` would suffice

Note: This linter can be disabled with `set_option linter.unnecessarySeqFocus false`
warning: ConwaySoifer/Simplified/Geometry/Profile4Q2.lean:75:25: Used `tac1 <;> tac2` where `(tac1; tac2)` would suffice

Note: This linter can be disabled with `set_option linter.unnecessarySeqFocus false`
warning: ConwaySoifer/Simplified/Geometry/Profile4Q2.lean:75:76: Used `tac1 <;> tac2` where `(tac1; tac2)` would suffice

Note: This linter can be disabled with `set_option linter.unnecessarySeqFocus false`
warning: ConwaySoifer/Simplified/Geometry/Profile4Q2.lean:82:63: Used `tac1 <;> tac2` where `(tac1; tac2)` would suffice

Note: This linter can be disabled with `set_option linter.unnecessarySeqFocus false`
warning: ConwaySoifer/Simplified/Geometry/Profile4Q2.lean:92:25: Used `tac1 <;> tac2` where `(tac1; tac2)` would suffice

Note: This linter can be disabled with `set_option linter.unnecessarySeqFocus false`
warning: ConwaySoifer/Simplified/Geometry/Profile4Q2.lean:92:76: Used `tac1 <;> tac2` where `(tac1; tac2)` would suffice

Note: This linter can be disabled with `set_option linter.unnecessarySeqFocus false`
warning: ConwaySoifer/Simplified/Geometry/Profile4Q2.lean:99:63: Used `tac1 <;> tac2` where `(tac1; tac2)` would suffice

Note: This linter can be disabled with `set_option linter.unnecessarySeqFocus false`
warning: ConwaySoifer/Simplified/Geometry/Profile4Q2.lean:109:23: Used `tac1 <;> tac2` where `(tac1; tac2)` would suffice

Note: This linter can be disabled with `set_option linter.unnecessarySeqFocus false`
warning: ConwaySoifer/Simplified/Geometry/Profile4Q2.lean:109:40: Used `tac1 <;> tac2` where `(tac1; tac2)` would suffice

Note: This linter can be disabled with `set_option linter.unnecessarySeqFocus false`
warning: ConwaySoifer/Simplified/Geometry/Profile4Q2.lean:117:25: Used `tac1 <;> tac2` where `(tac1; tac2)` would suffice

Note: This linter can be disabled with `set_option linter.unnecessarySeqFocus false`
warning: ConwaySoifer/Simplified/Geometry/Profile4Q2.lean:117:76: Used `tac1 <;> tac2` where `(tac1; tac2)` would suffice

Note: This linter can be disabled with `set_option linter.unnecessarySeqFocus false`
warning: ConwaySoifer/Simplified/Geometry/Profile4Q2.lean:124:63: Used `tac1 <;> tac2` where `(tac1; tac2)` would suffice

Note: This linter can be disabled with `set_option linter.unnecessarySeqFocus false`
warning: ConwaySoifer/Simplified/Geometry/Profile4Q2.lean:134:25: Used `tac1 <;> tac2` where `(tac1; tac2)` would suffice

Note: This linter can be disabled with `set_option linter.unnecessarySeqFocus false`
warning: ConwaySoifer/Simplified/Geometry/Profile4Q2.lean:134:76: Used `tac1 <;> tac2` where `(tac1; tac2)` would suffice

Note: This linter can be disabled with `set_option linter.unnecessarySeqFocus false`
warning: ConwaySoifer/Simplified/Geometry/Profile4Q2.lean:141:63: Used `tac1 <;> tac2` where `(tac1; tac2)` would suffice

Note: This linter can be disabled with `set_option linter.unnecessarySeqFocus false`
warning: ConwaySoifer/Simplified/Geometry/Profile4Q2.lean:25:44: 'ring' tactic does nothing

Note: This linter can be disabled with `set_option linter.unusedTactic false`
⚠ [3905/3956] Built ConwaySoifer.Simplified.Geometry.AownCentral (16s)
warning: ConwaySoifer/Simplified/Geometry/AownCentral.lean:25:44: this tactic is never executed

Note: This linter can be disabled with `set_option linter.unreachableTactic false`
warning: ConwaySoifer/Simplified/Geometry/AownCentral.lean:25:23: Used `tac1 <;> tac2` where `(tac1; tac2)` would suffice

Note: This linter can be disabled with `set_option linter.unnecessarySeqFocus false`
warning: ConwaySoifer/Simplified/Geometry/AownCentral.lean:33:25: Used `tac1 <;> tac2` where `(tac1; tac2)` would suffice

Note: This linter can be disabled with `set_option linter.unnecessarySeqFocus false`
warning: ConwaySoifer/Simplified/Geometry/AownCentral.lean:33:77: Used `tac1 <;> tac2` where `(tac1; tac2)` would suffice

Note: This linter can be disabled with `set_option linter.unnecessarySeqFocus false`
warning: ConwaySoifer/Simplified/Geometry/AownCentral.lean:40:64: Used `tac1 <;> tac2` where `(tac1; tac2)` would suffice

Note: This linter can be disabled with `set_option linter.unnecessarySeqFocus false`
warning: ConwaySoifer/Simplified/Geometry/AownCentral.lean:50:25: Used `tac1 <;> tac2` where `(tac1; tac2)` would suffice

Note: This linter can be disabled with `set_option linter.unnecessarySeqFocus false`
warning: ConwaySoifer/Simplified/Geometry/AownCentral.lean:50:77: Used `tac1 <;> tac2` where `(tac1; tac2)` would suffice

Note: This linter can be disabled with `set_option linter.unnecessarySeqFocus false`
warning: ConwaySoifer/Simplified/Geometry/AownCentral.lean:57:64: Used `tac1 <;> tac2` where `(tac1; tac2)` would suffice

Note: This linter can be disabled with `set_option linter.unnecessarySeqFocus false`
warning: ConwaySoifer/Simplified/Geometry/AownCentral.lean:67:23: Used `tac1 <;> tac2` where `(tac1; tac2)` would suffice

Note: This linter can be disabled with `set_option linter.unnecessarySeqFocus false`
warning: ConwaySoifer/Simplified/Geometry/AownCentral.lean:67:40: Used `tac1 <;> tac2` where `(tac1; tac2)` would suffice

Note: This linter can be disabled with `set_option linter.unnecessarySeqFocus false`
warning: ConwaySoifer/Simplified/Geometry/AownCentral.lean:75:25: Used `tac1 <;> tac2` where `(tac1; tac2)` would suffice

Note: This linter can be disabled with `set_option linter.unnecessarySeqFocus false`
warning: ConwaySoifer/Simplified/Geometry/AownCentral.lean:75:77: Used `tac1 <;> tac2` where `(tac1; tac2)` would suffice

Note: This linter can be disabled with `set_option linter.unnecessarySeqFocus false`
warning: ConwaySoifer/Simplified/Geometry/AownCentral.lean:82:64: Used `tac1 <;> tac2` where `(tac1; tac2)` would suffice

Note: This linter can be disabled with `set_option linter.unnecessarySeqFocus false`
warning: ConwaySoifer/Simplified/Geometry/AownCentral.lean:92:25: Used `tac1 <;> tac2` where `(tac1; tac2)` would suffice

Note: This linter can be disabled with `set_option linter.unnecessarySeqFocus false`
warning: ConwaySoifer/Simplified/Geometry/AownCentral.lean:92:77: Used `tac1 <;> tac2` where `(tac1; tac2)` would suffice

Note: This linter can be disabled with `set_option linter.unnecessarySeqFocus false`
warning: ConwaySoifer/Simplified/Geometry/AownCentral.lean:99:64: Used `tac1 <;> tac2` where `(tac1; tac2)` would suffice

Note: This linter can be disabled with `set_option linter.unnecessarySeqFocus false`
warning: ConwaySoifer/Simplified/Geometry/AownCentral.lean:109:23: Used `tac1 <;> tac2` where `(tac1; tac2)` would suffice

Note: This linter can be disabled with `set_option linter.unnecessarySeqFocus false`
warning: ConwaySoifer/Simplified/Geometry/AownCentral.lean:109:40: Used `tac1 <;> tac2` where `(tac1; tac2)` would suffice

Note: This linter can be disabled with `set_option linter.unnecessarySeqFocus false`
warning: ConwaySoifer/Simplified/Geometry/AownCentral.lean:117:25: Used `tac1 <;> tac2` where `(tac1; tac2)` would suffice

Note: This linter can be disabled with `set_option linter.unnecessarySeqFocus false`
warning: ConwaySoifer/Simplified/Geometry/AownCentral.lean:117:77: Used `tac1 <;> tac2` where `(tac1; tac2)` would suffice

Note: This linter can be disabled with `set_option linter.unnecessarySeqFocus false`
warning: ConwaySoifer/Simplified/Geometry/AownCentral.lean:124:64: Used `tac1 <;> tac2` where `(tac1; tac2)` would suffice

Note: This linter can be disabled with `set_option linter.unnecessarySeqFocus false`
warning: ConwaySoifer/Simplified/Geometry/AownCentral.lean:134:25: Used `tac1 <;> tac2` where `(tac1; tac2)` would suffice

Note: This linter can be disabled with `set_option linter.unnecessarySeqFocus false`
warning: ConwaySoifer/Simplified/Geometry/AownCentral.lean:134:77: Used `tac1 <;> tac2` where `(tac1; tac2)` would suffice

Note: This linter can be disabled with `set_option linter.unnecessarySeqFocus false`
warning: ConwaySoifer/Simplified/Geometry/AownCentral.lean:141:64: Used `tac1 <;> tac2` where `(tac1; tac2)` would suffice

Note: This linter can be disabled with `set_option linter.unnecessarySeqFocus false`
warning: ConwaySoifer/Simplified/Geometry/AownCentral.lean:151:23: Used `tac1 <;> tac2` where `(tac1; tac2)` would suffice

Note: This linter can be disabled with `set_option linter.unnecessarySeqFocus false`
warning: ConwaySoifer/Simplified/Geometry/AownCentral.lean:151:40: Used `tac1 <;> tac2` where `(tac1; tac2)` would suffice

Note: This linter can be disabled with `set_option linter.unnecessarySeqFocus false`
warning: ConwaySoifer/Simplified/Geometry/AownCentral.lean:159:25: Used `tac1 <;> tac2` where `(tac1; tac2)` would suffice

Note: This linter can be disabled with `set_option linter.unnecessarySeqFocus false`
warning: ConwaySoifer/Simplified/Geometry/AownCentral.lean:159:77: Used `tac1 <;> tac2` where `(tac1; tac2)` would suffice

Note: This linter can be disabled with `set_option linter.unnecessarySeqFocus false`
warning: ConwaySoifer/Simplified/Geometry/AownCentral.lean:166:64: Used `tac1 <;> tac2` where `(tac1; tac2)` would suffice

Note: This linter can be disabled with `set_option linter.unnecessarySeqFocus false`
warning: ConwaySoifer/Simplified/Geometry/AownCentral.lean:176:25: Used `tac1 <;> tac2` where `(tac1; tac2)` would suffice

Note: This linter can be disabled with `set_option linter.unnecessarySeqFocus false`
warning: ConwaySoifer/Simplified/Geometry/AownCentral.lean:176:77: Used `tac1 <;> tac2` where `(tac1; tac2)` would suffice

Note: This linter can be disabled with `set_option linter.unnecessarySeqFocus false`
warning: ConwaySoifer/Simplified/Geometry/AownCentral.lean:183:64: Used `tac1 <;> tac2` where `(tac1; tac2)` would suffice

Note: This linter can be disabled with `set_option linter.unnecessarySeqFocus false`
warning: ConwaySoifer/Simplified/Geometry/AownCentral.lean:193:23: Used `tac1 <;> tac2` where `(tac1; tac2)` would suffice

Note: This linter can be disabled with `set_option linter.unnecessarySeqFocus false`
warning: ConwaySoifer/Simplified/Geometry/AownCentral.lean:193:40: Used `tac1 <;> tac2` where `(tac1; tac2)` would suffice

Note: This linter can be disabled with `set_option linter.unnecessarySeqFocus false`
warning: ConwaySoifer/Simplified/Geometry/AownCentral.lean:201:25: Used `tac1 <;> tac2` where `(tac1; tac2)` would suffice

Note: This linter can be disabled with `set_option linter.unnecessarySeqFocus false`
warning: ConwaySoifer/Simplified/Geometry/AownCentral.lean:201:77: Used `tac1 <;> tac2` where `(tac1; tac2)` would suffice

Note: This linter can be disabled with `set_option linter.unnecessarySeqFocus false`
warning: ConwaySoifer/Simplified/Geometry/AownCentral.lean:208:64: Used `tac1 <;> tac2` where `(tac1; tac2)` would suffice

Note: This linter can be disabled with `set_option linter.unnecessarySeqFocus false`
warning: ConwaySoifer/Simplified/Geometry/AownCentral.lean:218:25: Used `tac1 <;> tac2` where `(tac1; tac2)` would suffice

Note: This linter can be disabled with `set_option linter.unnecessarySeqFocus false`
warning: ConwaySoifer/Simplified/Geometry/AownCentral.lean:218:77: Used `tac1 <;> tac2` where `(tac1; tac2)` would suffice

Note: This linter can be disabled with `set_option linter.unnecessarySeqFocus false`
warning: ConwaySoifer/Simplified/Geometry/AownCentral.lean:225:64: Used `tac1 <;> tac2` where `(tac1; tac2)` would suffice

Note: This linter can be disabled with `set_option linter.unnecessarySeqFocus false`
warning: ConwaySoifer/Simplified/Geometry/AownCentral.lean:25:44: 'ring' tactic does nothing

Note: This linter can be disabled with `set_option linter.unusedTactic false`
⚠ [3906/3956] Built ConwaySoifer.Simplified.Geometry.Profile4Q1 (9.9s)
warning: ConwaySoifer/Simplified/Geometry/Profile4Q1.lean:25:44: this tactic is never executed

Note: This linter can be disabled with `set_option linter.unreachableTactic false`
warning: ConwaySoifer/Simplified/Geometry/Profile4Q1.lean:25:23: Used `tac1 <;> tac2` where `(tac1; tac2)` would suffice

Note: This linter can be disabled with `set_option linter.unnecessarySeqFocus false`
warning: ConwaySoifer/Simplified/Geometry/Profile4Q1.lean:33:25: Used `tac1 <;> tac2` where `(tac1; tac2)` would suffice

Note: This linter can be disabled with `set_option linter.unnecessarySeqFocus false`
warning: ConwaySoifer/Simplified/Geometry/Profile4Q1.lean:33:76: Used `tac1 <;> tac2` where `(tac1; tac2)` would suffice

Note: This linter can be disabled with `set_option linter.unnecessarySeqFocus false`
warning: ConwaySoifer/Simplified/Geometry/Profile4Q1.lean:40:63: Used `tac1 <;> tac2` where `(tac1; tac2)` would suffice

Note: This linter can be disabled with `set_option linter.unnecessarySeqFocus false`
warning: ConwaySoifer/Simplified/Geometry/Profile4Q1.lean:50:25: Used `tac1 <;> tac2` where `(tac1; tac2)` would suffice

Note: This linter can be disabled with `set_option linter.unnecessarySeqFocus false`
warning: ConwaySoifer/Simplified/Geometry/Profile4Q1.lean:50:76: Used `tac1 <;> tac2` where `(tac1; tac2)` would suffice

Note: This linter can be disabled with `set_option linter.unnecessarySeqFocus false`
warning: ConwaySoifer/Simplified/Geometry/Profile4Q1.lean:57:63: Used `tac1 <;> tac2` where `(tac1; tac2)` would suffice

Note: This linter can be disabled with `set_option linter.unnecessarySeqFocus false`
warning: ConwaySoifer/Simplified/Geometry/Profile4Q1.lean:67:23: Used `tac1 <;> tac2` where `(tac1; tac2)` would suffice

Note: This linter can be disabled with `set_option linter.unnecessarySeqFocus false`
warning: ConwaySoifer/Simplified/Geometry/Profile4Q1.lean:67:40: Used `tac1 <;> tac2` where `(tac1; tac2)` would suffice

Note: This linter can be disabled with `set_option linter.unnecessarySeqFocus false`
warning: ConwaySoifer/Simplified/Geometry/Profile4Q1.lean:75:25: Used `tac1 <;> tac2` where `(tac1; tac2)` would suffice

Note: This linter can be disabled with `set_option linter.unnecessarySeqFocus false`
warning: ConwaySoifer/Simplified/Geometry/Profile4Q1.lean:75:76: Used `tac1 <;> tac2` where `(tac1; tac2)` would suffice

Note: This linter can be disabled with `set_option linter.unnecessarySeqFocus false`
warning: ConwaySoifer/Simplified/Geometry/Profile4Q1.lean:82:63: Used `tac1 <;> tac2` where `(tac1; tac2)` would suffice

Note: This linter can be disabled with `set_option linter.unnecessarySeqFocus false`
warning: ConwaySoifer/Simplified/Geometry/Profile4Q1.lean:92:25: Used `tac1 <;> tac2` where `(tac1; tac2)` would suffice

Note: This linter can be disabled with `set_option linter.unnecessarySeqFocus false`
warning: ConwaySoifer/Simplified/Geometry/Profile4Q1.lean:92:76: Used `tac1 <;> tac2` where `(tac1; tac2)` would suffice

Note: This linter can be disabled with `set_option linter.unnecessarySeqFocus false`
warning: ConwaySoifer/Simplified/Geometry/Profile4Q1.lean:99:63: Used `tac1 <;> tac2` where `(tac1; tac2)` would suffice

Note: This linter can be disabled with `set_option linter.unnecessarySeqFocus false`
warning: ConwaySoifer/Simplified/Geometry/Profile4Q1.lean:109:23: Used `tac1 <;> tac2` where `(tac1; tac2)` would suffice

Note: This linter can be disabled with `set_option linter.unnecessarySeqFocus false`
warning: ConwaySoifer/Simplified/Geometry/Profile4Q1.lean:109:40: Used `tac1 <;> tac2` where `(tac1; tac2)` would suffice

Note: This linter can be disabled with `set_option linter.unnecessarySeqFocus false`
warning: ConwaySoifer/Simplified/Geometry/Profile4Q1.lean:117:25: Used `tac1 <;> tac2` where `(tac1; tac2)` would suffice

Note: This linter can be disabled with `set_option linter.unnecessarySeqFocus false`
warning: ConwaySoifer/Simplified/Geometry/Profile4Q1.lean:117:76: Used `tac1 <;> tac2` where `(tac1; tac2)` would suffice

Note: This linter can be disabled with `set_option linter.unnecessarySeqFocus false`
warning: ConwaySoifer/Simplified/Geometry/Profile4Q1.lean:124:63: Used `tac1 <;> tac2` where `(tac1; tac2)` would suffice

Note: This linter can be disabled with `set_option linter.unnecessarySeqFocus false`
warning: ConwaySoifer/Simplified/Geometry/Profile4Q1.lean:134:25: Used `tac1 <;> tac2` where `(tac1; tac2)` would suffice

Note: This linter can be disabled with `set_option linter.unnecessarySeqFocus false`
warning: ConwaySoifer/Simplified/Geometry/Profile4Q1.lean:134:76: Used `tac1 <;> tac2` where `(tac1; tac2)` would suffice

Note: This linter can be disabled with `set_option linter.unnecessarySeqFocus false`
warning: ConwaySoifer/Simplified/Geometry/Profile4Q1.lean:141:63: Used `tac1 <;> tac2` where `(tac1; tac2)` would suffice

Note: This linter can be disabled with `set_option linter.unnecessarySeqFocus false`
warning: ConwaySoifer/Simplified/Geometry/Profile4Q1.lean:25:44: 'ring' tactic does nothing

Note: This linter can be disabled with `set_option linter.unusedTactic false`
⚠ [3907/3956] Built ConwaySoifer.Simplified.Geometry.Profile3Q2 (9.1s)
warning: ConwaySoifer/Simplified/Geometry/Profile3Q2.lean:25:44: this tactic is never executed

Note: This linter can be disabled with `set_option linter.unreachableTactic false`
warning: ConwaySoifer/Simplified/Geometry/Profile3Q2.lean:25:23: Used `tac1 <;> tac2` where `(tac1; tac2)` would suffice

Note: This linter can be disabled with `set_option linter.unnecessarySeqFocus false`
warning: ConwaySoifer/Simplified/Geometry/Profile3Q2.lean:33:25: Used `tac1 <;> tac2` where `(tac1; tac2)` would suffice

Note: This linter can be disabled with `set_option linter.unnecessarySeqFocus false`
warning: ConwaySoifer/Simplified/Geometry/Profile3Q2.lean:33:76: Used `tac1 <;> tac2` where `(tac1; tac2)` would suffice

Note: This linter can be disabled with `set_option linter.unnecessarySeqFocus false`
warning: ConwaySoifer/Simplified/Geometry/Profile3Q2.lean:40:63: Used `tac1 <;> tac2` where `(tac1; tac2)` would suffice

Note: This linter can be disabled with `set_option linter.unnecessarySeqFocus false`
warning: ConwaySoifer/Simplified/Geometry/Profile3Q2.lean:50:25: Used `tac1 <;> tac2` where `(tac1; tac2)` would suffice

Note: This linter can be disabled with `set_option linter.unnecessarySeqFocus false`
warning: ConwaySoifer/Simplified/Geometry/Profile3Q2.lean:50:76: Used `tac1 <;> tac2` where `(tac1; tac2)` would suffice

Note: This linter can be disabled with `set_option linter.unnecessarySeqFocus false`
warning: ConwaySoifer/Simplified/Geometry/Profile3Q2.lean:57:63: Used `tac1 <;> tac2` where `(tac1; tac2)` would suffice

Note: This linter can be disabled with `set_option linter.unnecessarySeqFocus false`
warning: ConwaySoifer/Simplified/Geometry/Profile3Q2.lean:67:23: Used `tac1 <;> tac2` where `(tac1; tac2)` would suffice

Note: This linter can be disabled with `set_option linter.unnecessarySeqFocus false`
warning: ConwaySoifer/Simplified/Geometry/Profile3Q2.lean:67:40: Used `tac1 <;> tac2` where `(tac1; tac2)` would suffice

Note: This linter can be disabled with `set_option linter.unnecessarySeqFocus false`
warning: ConwaySoifer/Simplified/Geometry/Profile3Q2.lean:75:25: Used `tac1 <;> tac2` where `(tac1; tac2)` would suffice

Note: This linter can be disabled with `set_option linter.unnecessarySeqFocus false`
warning: ConwaySoifer/Simplified/Geometry/Profile3Q2.lean:75:76: Used `tac1 <;> tac2` where `(tac1; tac2)` would suffice

Note: This linter can be disabled with `set_option linter.unnecessarySeqFocus false`
warning: ConwaySoifer/Simplified/Geometry/Profile3Q2.lean:82:63: Used `tac1 <;> tac2` where `(tac1; tac2)` would suffice

Note: This linter can be disabled with `set_option linter.unnecessarySeqFocus false`
warning: ConwaySoifer/Simplified/Geometry/Profile3Q2.lean:92:25: Used `tac1 <;> tac2` where `(tac1; tac2)` would suffice

Note: This linter can be disabled with `set_option linter.unnecessarySeqFocus false`
warning: ConwaySoifer/Simplified/Geometry/Profile3Q2.lean:92:76: Used `tac1 <;> tac2` where `(tac1; tac2)` would suffice

Note: This linter can be disabled with `set_option linter.unnecessarySeqFocus false`
warning: ConwaySoifer/Simplified/Geometry/Profile3Q2.lean:99:63: Used `tac1 <;> tac2` where `(tac1; tac2)` would suffice

Note: This linter can be disabled with `set_option linter.unnecessarySeqFocus false`
warning: ConwaySoifer/Simplified/Geometry/Profile3Q2.lean:109:23: Used `tac1 <;> tac2` where `(tac1; tac2)` would suffice

Note: This linter can be disabled with `set_option linter.unnecessarySeqFocus false`
warning: ConwaySoifer/Simplified/Geometry/Profile3Q2.lean:109:40: Used `tac1 <;> tac2` where `(tac1; tac2)` would suffice

Note: This linter can be disabled with `set_option linter.unnecessarySeqFocus false`
warning: ConwaySoifer/Simplified/Geometry/Profile3Q2.lean:117:25: Used `tac1 <;> tac2` where `(tac1; tac2)` would suffice

Note: This linter can be disabled with `set_option linter.unnecessarySeqFocus false`
warning: ConwaySoifer/Simplified/Geometry/Profile3Q2.lean:117:76: Used `tac1 <;> tac2` where `(tac1; tac2)` would suffice

Note: This linter can be disabled with `set_option linter.unnecessarySeqFocus false`
warning: ConwaySoifer/Simplified/Geometry/Profile3Q2.lean:124:63: Used `tac1 <;> tac2` where `(tac1; tac2)` would suffice

Note: This linter can be disabled with `set_option linter.unnecessarySeqFocus false`
warning: ConwaySoifer/Simplified/Geometry/Profile3Q2.lean:134:25: Used `tac1 <;> tac2` where `(tac1; tac2)` would suffice

Note: This linter can be disabled with `set_option linter.unnecessarySeqFocus false`
warning: ConwaySoifer/Simplified/Geometry/Profile3Q2.lean:134:76: Used `tac1 <;> tac2` where `(tac1; tac2)` would suffice

Note: This linter can be disabled with `set_option linter.unnecessarySeqFocus false`
warning: ConwaySoifer/Simplified/Geometry/Profile3Q2.lean:141:63: Used `tac1 <;> tac2` where `(tac1; tac2)` would suffice

Note: This linter can be disabled with `set_option linter.unnecessarySeqFocus false`
warning: ConwaySoifer/Simplified/Geometry/Profile3Q2.lean:25:44: 'ring' tactic does nothing

Note: This linter can be disabled with `set_option linter.unusedTactic false`
⚠ [3908/3956] Built ConwaySoifer.Simplified.Geometry.Profile3Q1 (9.7s)
warning: ConwaySoifer/Simplified/Geometry/Profile3Q1.lean:25:44: this tactic is never executed

Note: This linter can be disabled with `set_option linter.unreachableTactic false`
warning: ConwaySoifer/Simplified/Geometry/Profile3Q1.lean:25:23: Used `tac1 <;> tac2` where `(tac1; tac2)` would suffice

Note: This linter can be disabled with `set_option linter.unnecessarySeqFocus false`
warning: ConwaySoifer/Simplified/Geometry/Profile3Q1.lean:33:25: Used `tac1 <;> tac2` where `(tac1; tac2)` would suffice

Note: This linter can be disabled with `set_option linter.unnecessarySeqFocus false`
warning: ConwaySoifer/Simplified/Geometry/Profile3Q1.lean:33:76: Used `tac1 <;> tac2` where `(tac1; tac2)` would suffice

Note: This linter can be disabled with `set_option linter.unnecessarySeqFocus false`
warning: ConwaySoifer/Simplified/Geometry/Profile3Q1.lean:40:63: Used `tac1 <;> tac2` where `(tac1; tac2)` would suffice

Note: This linter can be disabled with `set_option linter.unnecessarySeqFocus false`
warning: ConwaySoifer/Simplified/Geometry/Profile3Q1.lean:50:25: Used `tac1 <;> tac2` where `(tac1; tac2)` would suffice

Note: This linter can be disabled with `set_option linter.unnecessarySeqFocus false`
warning: ConwaySoifer/Simplified/Geometry/Profile3Q1.lean:50:76: Used `tac1 <;> tac2` where `(tac1; tac2)` would suffice

Note: This linter can be disabled with `set_option linter.unnecessarySeqFocus false`
warning: ConwaySoifer/Simplified/Geometry/Profile3Q1.lean:57:63: Used `tac1 <;> tac2` where `(tac1; tac2)` would suffice

Note: This linter can be disabled with `set_option linter.unnecessarySeqFocus false`
warning: ConwaySoifer/Simplified/Geometry/Profile3Q1.lean:67:23: Used `tac1 <;> tac2` where `(tac1; tac2)` would suffice

Note: This linter can be disabled with `set_option linter.unnecessarySeqFocus false`
warning: ConwaySoifer/Simplified/Geometry/Profile3Q1.lean:67:40: Used `tac1 <;> tac2` where `(tac1; tac2)` would suffice

Note: This linter can be disabled with `set_option linter.unnecessarySeqFocus false`
warning: ConwaySoifer/Simplified/Geometry/Profile3Q1.lean:75:25: Used `tac1 <;> tac2` where `(tac1; tac2)` would suffice

Note: This linter can be disabled with `set_option linter.unnecessarySeqFocus false`
warning: ConwaySoifer/Simplified/Geometry/Profile3Q1.lean:75:76: Used `tac1 <;> tac2` where `(tac1; tac2)` would suffice

Note: This linter can be disabled with `set_option linter.unnecessarySeqFocus false`
warning: ConwaySoifer/Simplified/Geometry/Profile3Q1.lean:82:63: Used `tac1 <;> tac2` where `(tac1; tac2)` would suffice

Note: This linter can be disabled with `set_option linter.unnecessarySeqFocus false`
warning: ConwaySoifer/Simplified/Geometry/Profile3Q1.lean:92:25: Used `tac1 <;> tac2` where `(tac1; tac2)` would suffice

Note: This linter can be disabled with `set_option linter.unnecessarySeqFocus false`
warning: ConwaySoifer/Simplified/Geometry/Profile3Q1.lean:92:76: Used `tac1 <;> tac2` where `(tac1; tac2)` would suffice

Note: This linter can be disabled with `set_option linter.unnecessarySeqFocus false`
warning: ConwaySoifer/Simplified/Geometry/Profile3Q1.lean:99:63: Used `tac1 <;> tac2` where `(tac1; tac2)` would suffice

Note: This linter can be disabled with `set_option linter.unnecessarySeqFocus false`
warning: ConwaySoifer/Simplified/Geometry/Profile3Q1.lean:109:23: Used `tac1 <;> tac2` where `(tac1; tac2)` would suffice

Note: This linter can be disabled with `set_option linter.unnecessarySeqFocus false`
warning: ConwaySoifer/Simplified/Geometry/Profile3Q1.lean:109:40: Used `tac1 <;> tac2` where `(tac1; tac2)` would suffice

Note: This linter can be disabled with `set_option linter.unnecessarySeqFocus false`
warning: ConwaySoifer/Simplified/Geometry/Profile3Q1.lean:117:25: Used `tac1 <;> tac2` where `(tac1; tac2)` would suffice

Note: This linter can be disabled with `set_option linter.unnecessarySeqFocus false`
warning: ConwaySoifer/Simplified/Geometry/Profile3Q1.lean:117:76: Used `tac1 <;> tac2` where `(tac1; tac2)` would suffice

Note: This linter can be disabled with `set_option linter.unnecessarySeqFocus false`
warning: ConwaySoifer/Simplified/Geometry/Profile3Q1.lean:124:63: Used `tac1 <;> tac2` where `(tac1; tac2)` would suffice

Note: This linter can be disabled with `set_option linter.unnecessarySeqFocus false`
warning: ConwaySoifer/Simplified/Geometry/Profile3Q1.lean:134:25: Used `tac1 <;> tac2` where `(tac1; tac2)` would suffice

Note: This linter can be disabled with `set_option linter.unnecessarySeqFocus false`
warning: ConwaySoifer/Simplified/Geometry/Profile3Q1.lean:134:76: Used `tac1 <;> tac2` where `(tac1; tac2)` would suffice

Note: This linter can be disabled with `set_option linter.unnecessarySeqFocus false`
warning: ConwaySoifer/Simplified/Geometry/Profile3Q1.lean:141:63: Used `tac1 <;> tac2` where `(tac1; tac2)` would suffice

Note: This linter can be disabled with `set_option linter.unnecessarySeqFocus false`
warning: ConwaySoifer/Simplified/Geometry/Profile3Q1.lean:25:44: 'ring' tactic does nothing

Note: This linter can be disabled with `set_option linter.unusedTactic false`
⚠ [3909/3956] Built ConwaySoifer.Simplified.Geometry.Profile2Q2 (9.5s)
warning: ConwaySoifer/Simplified/Geometry/Profile2Q2.lean:25:44: this tactic is never executed

Note: This linter can be disabled with `set_option linter.unreachableTactic false`
warning: ConwaySoifer/Simplified/Geometry/Profile2Q2.lean:25:23: Used `tac1 <;> tac2` where `(tac1; tac2)` would suffice

Note: This linter can be disabled with `set_option linter.unnecessarySeqFocus false`
warning: ConwaySoifer/Simplified/Geometry/Profile2Q2.lean:33:25: Used `tac1 <;> tac2` where `(tac1; tac2)` would suffice

Note: This linter can be disabled with `set_option linter.unnecessarySeqFocus false`
warning: ConwaySoifer/Simplified/Geometry/Profile2Q2.lean:33:76: Used `tac1 <;> tac2` where `(tac1; tac2)` would suffice

Note: This linter can be disabled with `set_option linter.unnecessarySeqFocus false`
warning: ConwaySoifer/Simplified/Geometry/Profile2Q2.lean:40:63: Used `tac1 <;> tac2` where `(tac1; tac2)` would suffice

Note: This linter can be disabled with `set_option linter.unnecessarySeqFocus false`
warning: ConwaySoifer/Simplified/Geometry/Profile2Q2.lean:50:25: Used `tac1 <;> tac2` where `(tac1; tac2)` would suffice

Note: This linter can be disabled with `set_option linter.unnecessarySeqFocus false`
warning: ConwaySoifer/Simplified/Geometry/Profile2Q2.lean:50:76: Used `tac1 <;> tac2` where `(tac1; tac2)` would suffice

Note: This linter can be disabled with `set_option linter.unnecessarySeqFocus false`
warning: ConwaySoifer/Simplified/Geometry/Profile2Q2.lean:57:63: Used `tac1 <;> tac2` where `(tac1; tac2)` would suffice

Note: This linter can be disabled with `set_option linter.unnecessarySeqFocus false`
warning: ConwaySoifer/Simplified/Geometry/Profile2Q2.lean:67:23: Used `tac1 <;> tac2` where `(tac1; tac2)` would suffice

Note: This linter can be disabled with `set_option linter.unnecessarySeqFocus false`
warning: ConwaySoifer/Simplified/Geometry/Profile2Q2.lean:67:40: Used `tac1 <;> tac2` where `(tac1; tac2)` would suffice

Note: This linter can be disabled with `set_option linter.unnecessarySeqFocus false`
warning: ConwaySoifer/Simplified/Geometry/Profile2Q2.lean:75:25: Used `tac1 <;> tac2` where `(tac1; tac2)` would suffice

Note: This linter can be disabled with `set_option linter.unnecessarySeqFocus false`
warning: ConwaySoifer/Simplified/Geometry/Profile2Q2.lean:75:76: Used `tac1 <;> tac2` where `(tac1; tac2)` would suffice

Note: This linter can be disabled with `set_option linter.unnecessarySeqFocus false`
warning: ConwaySoifer/Simplified/Geometry/Profile2Q2.lean:82:63: Used `tac1 <;> tac2` where `(tac1; tac2)` would suffice

Note: This linter can be disabled with `set_option linter.unnecessarySeqFocus false`
warning: ConwaySoifer/Simplified/Geometry/Profile2Q2.lean:92:25: Used `tac1 <;> tac2` where `(tac1; tac2)` would suffice

Note: This linter can be disabled with `set_option linter.unnecessarySeqFocus false`
warning: ConwaySoifer/Simplified/Geometry/Profile2Q2.lean:92:76: Used `tac1 <;> tac2` where `(tac1; tac2)` would suffice

Note: This linter can be disabled with `set_option linter.unnecessarySeqFocus false`
warning: ConwaySoifer/Simplified/Geometry/Profile2Q2.lean:99:63: Used `tac1 <;> tac2` where `(tac1; tac2)` would suffice

Note: This linter can be disabled with `set_option linter.unnecessarySeqFocus false`
warning: ConwaySoifer/Simplified/Geometry/Profile2Q2.lean:109:23: Used `tac1 <;> tac2` where `(tac1; tac2)` would suffice

Note: This linter can be disabled with `set_option linter.unnecessarySeqFocus false`
warning: ConwaySoifer/Simplified/Geometry/Profile2Q2.lean:109:40: Used `tac1 <;> tac2` where `(tac1; tac2)` would suffice

Note: This linter can be disabled with `set_option linter.unnecessarySeqFocus false`
warning: ConwaySoifer/Simplified/Geometry/Profile2Q2.lean:117:25: Used `tac1 <;> tac2` where `(tac1; tac2)` would suffice

Note: This linter can be disabled with `set_option linter.unnecessarySeqFocus false`
warning: ConwaySoifer/Simplified/Geometry/Profile2Q2.lean:117:76: Used `tac1 <;> tac2` where `(tac1; tac2)` would suffice

Note: This linter can be disabled with `set_option linter.unnecessarySeqFocus false`
warning: ConwaySoifer/Simplified/Geometry/Profile2Q2.lean:124:63: Used `tac1 <;> tac2` where `(tac1; tac2)` would suffice

Note: This linter can be disabled with `set_option linter.unnecessarySeqFocus false`
warning: ConwaySoifer/Simplified/Geometry/Profile2Q2.lean:134:25: Used `tac1 <;> tac2` where `(tac1; tac2)` would suffice

Note: This linter can be disabled with `set_option linter.unnecessarySeqFocus false`
warning: ConwaySoifer/Simplified/Geometry/Profile2Q2.lean:134:76: Used `tac1 <;> tac2` where `(tac1; tac2)` would suffice

Note: This linter can be disabled with `set_option linter.unnecessarySeqFocus false`
warning: ConwaySoifer/Simplified/Geometry/Profile2Q2.lean:141:63: Used `tac1 <;> tac2` where `(tac1; tac2)` would suffice

Note: This linter can be disabled with `set_option linter.unnecessarySeqFocus false`
warning: ConwaySoifer/Simplified/Geometry/Profile2Q2.lean:25:44: 'ring' tactic does nothing

Note: This linter can be disabled with `set_option linter.unusedTactic false`
⚠ [3910/3956] Built ConwaySoifer.Simplified.Geometry.Profile2Q1 (9.9s)
warning: ConwaySoifer/Simplified/Geometry/Profile2Q1.lean:25:44: this tactic is never executed

Note: This linter can be disabled with `set_option linter.unreachableTactic false`
warning: ConwaySoifer/Simplified/Geometry/Profile2Q1.lean:25:23: Used `tac1 <;> tac2` where `(tac1; tac2)` would suffice

Note: This linter can be disabled with `set_option linter.unnecessarySeqFocus false`
warning: ConwaySoifer/Simplified/Geometry/Profile2Q1.lean:33:25: Used `tac1 <;> tac2` where `(tac1; tac2)` would suffice

Note: This linter can be disabled with `set_option linter.unnecessarySeqFocus false`
warning: ConwaySoifer/Simplified/Geometry/Profile2Q1.lean:33:76: Used `tac1 <;> tac2` where `(tac1; tac2)` would suffice

Note: This linter can be disabled with `set_option linter.unnecessarySeqFocus false`
warning: ConwaySoifer/Simplified/Geometry/Profile2Q1.lean:40:63: Used `tac1 <;> tac2` where `(tac1; tac2)` would suffice

Note: This linter can be disabled with `set_option linter.unnecessarySeqFocus false`
warning: ConwaySoifer/Simplified/Geometry/Profile2Q1.lean:50:25: Used `tac1 <;> tac2` where `(tac1; tac2)` would suffice

Note: This linter can be disabled with `set_option linter.unnecessarySeqFocus false`
warning: ConwaySoifer/Simplified/Geometry/Profile2Q1.lean:50:76: Used `tac1 <;> tac2` where `(tac1; tac2)` would suffice

Note: This linter can be disabled with `set_option linter.unnecessarySeqFocus false`
warning: ConwaySoifer/Simplified/Geometry/Profile2Q1.lean:57:63: Used `tac1 <;> tac2` where `(tac1; tac2)` would suffice

Note: This linter can be disabled with `set_option linter.unnecessarySeqFocus false`
warning: ConwaySoifer/Simplified/Geometry/Profile2Q1.lean:67:23: Used `tac1 <;> tac2` where `(tac1; tac2)` would suffice

Note: This linter can be disabled with `set_option linter.unnecessarySeqFocus false`
warning: ConwaySoifer/Simplified/Geometry/Profile2Q1.lean:67:40: Used `tac1 <;> tac2` where `(tac1; tac2)` would suffice

Note: This linter can be disabled with `set_option linter.unnecessarySeqFocus false`
warning: ConwaySoifer/Simplified/Geometry/Profile2Q1.lean:75:25: Used `tac1 <;> tac2` where `(tac1; tac2)` would suffice

Note: This linter can be disabled with `set_option linter.unnecessarySeqFocus false`
warning: ConwaySoifer/Simplified/Geometry/Profile2Q1.lean:75:76: Used `tac1 <;> tac2` where `(tac1; tac2)` would suffice

Note: This linter can be disabled with `set_option linter.unnecessarySeqFocus false`
warning: ConwaySoifer/Simplified/Geometry/Profile2Q1.lean:82:63: Used `tac1 <;> tac2` where `(tac1; tac2)` would suffice

Note: This linter can be disabled with `set_option linter.unnecessarySeqFocus false`
warning: ConwaySoifer/Simplified/Geometry/Profile2Q1.lean:92:25: Used `tac1 <;> tac2` where `(tac1; tac2)` would suffice

Note: This linter can be disabled with `set_option linter.unnecessarySeqFocus false`
warning: ConwaySoifer/Simplified/Geometry/Profile2Q1.lean:92:76: Used `tac1 <;> tac2` where `(tac1; tac2)` would suffice

Note: This linter can be disabled with `set_option linter.unnecessarySeqFocus false`
warning: ConwaySoifer/Simplified/Geometry/Profile2Q1.lean:99:63: Used `tac1 <;> tac2` where `(tac1; tac2)` would suffice

Note: This linter can be disabled with `set_option linter.unnecessarySeqFocus false`
warning: ConwaySoifer/Simplified/Geometry/Profile2Q1.lean:109:23: Used `tac1 <;> tac2` where `(tac1; tac2)` would suffice

Note: This linter can be disabled with `set_option linter.unnecessarySeqFocus false`
warning: ConwaySoifer/Simplified/Geometry/Profile2Q1.lean:109:40: Used `tac1 <;> tac2` where `(tac1; tac2)` would suffice

Note: This linter can be disabled with `set_option linter.unnecessarySeqFocus false`
warning: ConwaySoifer/Simplified/Geometry/Profile2Q1.lean:117:25: Used `tac1 <;> tac2` where `(tac1; tac2)` would suffice

Note: This linter can be disabled with `set_option linter.unnecessarySeqFocus false`
warning: ConwaySoifer/Simplified/Geometry/Profile2Q1.lean:117:76: Used `tac1 <;> tac2` where `(tac1; tac2)` would suffice

Note: This linter can be disabled with `set_option linter.unnecessarySeqFocus false`
warning: ConwaySoifer/Simplified/Geometry/Profile2Q1.lean:124:63: Used `tac1 <;> tac2` where `(tac1; tac2)` would suffice

Note: This linter can be disabled with `set_option linter.unnecessarySeqFocus false`
warning: ConwaySoifer/Simplified/Geometry/Profile2Q1.lean:134:25: Used `tac1 <;> tac2` where `(tac1; tac2)` would suffice

Note: This linter can be disabled with `set_option linter.unnecessarySeqFocus false`
warning: ConwaySoifer/Simplified/Geometry/Profile2Q1.lean:134:76: Used `tac1 <;> tac2` where `(tac1; tac2)` would suffice

Note: This linter can be disabled with `set_option linter.unnecessarySeqFocus false`
warning: ConwaySoifer/Simplified/Geometry/Profile2Q1.lean:141:63: Used `tac1 <;> tac2` where `(tac1; tac2)` would suffice

Note: This linter can be disabled with `set_option linter.unnecessarySeqFocus false`
warning: ConwaySoifer/Simplified/Geometry/Profile2Q1.lean:25:44: 'ring' tactic does nothing

Note: This linter can be disabled with `set_option linter.unusedTactic false`
⚠ [3911/3956] Built ConwaySoifer.Simplified.Geometry.Profile1Q2 (9.3s)
warning: ConwaySoifer/Simplified/Geometry/Profile1Q2.lean:25:44: this tactic is never executed

Note: This linter can be disabled with `set_option linter.unreachableTactic false`
warning: ConwaySoifer/Simplified/Geometry/Profile1Q2.lean:25:23: Used `tac1 <;> tac2` where `(tac1; tac2)` would suffice

Note: This linter can be disabled with `set_option linter.unnecessarySeqFocus false`
warning: ConwaySoifer/Simplified/Geometry/Profile1Q2.lean:33:25: Used `tac1 <;> tac2` where `(tac1; tac2)` would suffice

Note: This linter can be disabled with `set_option linter.unnecessarySeqFocus false`
warning: ConwaySoifer/Simplified/Geometry/Profile1Q2.lean:33:76: Used `tac1 <;> tac2` where `(tac1; tac2)` would suffice

Note: This linter can be disabled with `set_option linter.unnecessarySeqFocus false`
warning: ConwaySoifer/Simplified/Geometry/Profile1Q2.lean:40:63: Used `tac1 <;> tac2` where `(tac1; tac2)` would suffice

Note: This linter can be disabled with `set_option linter.unnecessarySeqFocus false`
warning: ConwaySoifer/Simplified/Geometry/Profile1Q2.lean:50:25: Used `tac1 <;> tac2` where `(tac1; tac2)` would suffice

Note: This linter can be disabled with `set_option linter.unnecessarySeqFocus false`
warning: ConwaySoifer/Simplified/Geometry/Profile1Q2.lean:50:76: Used `tac1 <;> tac2` where `(tac1; tac2)` would suffice

Note: This linter can be disabled with `set_option linter.unnecessarySeqFocus false`
warning: ConwaySoifer/Simplified/Geometry/Profile1Q2.lean:57:63: Used `tac1 <;> tac2` where `(tac1; tac2)` would suffice

Note: This linter can be disabled with `set_option linter.unnecessarySeqFocus false`
warning: ConwaySoifer/Simplified/Geometry/Profile1Q2.lean:67:23: Used `tac1 <;> tac2` where `(tac1; tac2)` would suffice

Note: This linter can be disabled with `set_option linter.unnecessarySeqFocus false`
warning: ConwaySoifer/Simplified/Geometry/Profile1Q2.lean:67:40: Used `tac1 <;> tac2` where `(tac1; tac2)` would suffice

Note: This linter can be disabled with `set_option linter.unnecessarySeqFocus false`
warning: ConwaySoifer/Simplified/Geometry/Profile1Q2.lean:75:25: Used `tac1 <;> tac2` where `(tac1; tac2)` would suffice

Note: This linter can be disabled with `set_option linter.unnecessarySeqFocus false`
warning: ConwaySoifer/Simplified/Geometry/Profile1Q2.lean:75:76: Used `tac1 <;> tac2` where `(tac1; tac2)` would suffice

Note: This linter can be disabled with `set_option linter.unnecessarySeqFocus false`
warning: ConwaySoifer/Simplified/Geometry/Profile1Q2.lean:82:63: Used `tac1 <;> tac2` where `(tac1; tac2)` would suffice

Note: This linter can be disabled with `set_option linter.unnecessarySeqFocus false`
warning: ConwaySoifer/Simplified/Geometry/Profile1Q2.lean:92:25: Used `tac1 <;> tac2` where `(tac1; tac2)` would suffice

Note: This linter can be disabled with `set_option linter.unnecessarySeqFocus false`
warning: ConwaySoifer/Simplified/Geometry/Profile1Q2.lean:92:76: Used `tac1 <;> tac2` where `(tac1; tac2)` would suffice

Note: This linter can be disabled with `set_option linter.unnecessarySeqFocus false`
warning: ConwaySoifer/Simplified/Geometry/Profile1Q2.lean:99:63: Used `tac1 <;> tac2` where `(tac1; tac2)` would suffice

Note: This linter can be disabled with `set_option linter.unnecessarySeqFocus false`
warning: ConwaySoifer/Simplified/Geometry/Profile1Q2.lean:109:23: Used `tac1 <;> tac2` where `(tac1; tac2)` would suffice

Note: This linter can be disabled with `set_option linter.unnecessarySeqFocus false`
warning: ConwaySoifer/Simplified/Geometry/Profile1Q2.lean:109:40: Used `tac1 <;> tac2` where `(tac1; tac2)` would suffice

Note: This linter can be disabled with `set_option linter.unnecessarySeqFocus false`
warning: ConwaySoifer/Simplified/Geometry/Profile1Q2.lean:117:25: Used `tac1 <;> tac2` where `(tac1; tac2)` would suffice

Note: This linter can be disabled with `set_option linter.unnecessarySeqFocus false`
warning: ConwaySoifer/Simplified/Geometry/Profile1Q2.lean:117:76: Used `tac1 <;> tac2` where `(tac1; tac2)` would suffice

Note: This linter can be disabled with `set_option linter.unnecessarySeqFocus false`
warning: ConwaySoifer/Simplified/Geometry/Profile1Q2.lean:124:63: Used `tac1 <;> tac2` where `(tac1; tac2)` would suffice

Note: This linter can be disabled with `set_option linter.unnecessarySeqFocus false`
warning: ConwaySoifer/Simplified/Geometry/Profile1Q2.lean:134:25: Used `tac1 <;> tac2` where `(tac1; tac2)` would suffice

Note: This linter can be disabled with `set_option linter.unnecessarySeqFocus false`
warning: ConwaySoifer/Simplified/Geometry/Profile1Q2.lean:134:76: Used `tac1 <;> tac2` where `(tac1; tac2)` would suffice

Note: This linter can be disabled with `set_option linter.unnecessarySeqFocus false`
warning: ConwaySoifer/Simplified/Geometry/Profile1Q2.lean:141:63: Used `tac1 <;> tac2` where `(tac1; tac2)` would suffice

Note: This linter can be disabled with `set_option linter.unnecessarySeqFocus false`
warning: ConwaySoifer/Simplified/Geometry/Profile1Q2.lean:25:44: 'ring' tactic does nothing

Note: This linter can be disabled with `set_option linter.unusedTactic false`
⚠ [3912/3956] Built ConwaySoifer.Simplified.Geometry.Profile1Q1 (9.9s)
warning: ConwaySoifer/Simplified/Geometry/Profile1Q1.lean:25:44: this tactic is never executed

Note: This linter can be disabled with `set_option linter.unreachableTactic false`
warning: ConwaySoifer/Simplified/Geometry/Profile1Q1.lean:25:23: Used `tac1 <;> tac2` where `(tac1; tac2)` would suffice

Note: This linter can be disabled with `set_option linter.unnecessarySeqFocus false`
warning: ConwaySoifer/Simplified/Geometry/Profile1Q1.lean:33:25: Used `tac1 <;> tac2` where `(tac1; tac2)` would suffice

Note: This linter can be disabled with `set_option linter.unnecessarySeqFocus false`
warning: ConwaySoifer/Simplified/Geometry/Profile1Q1.lean:33:76: Used `tac1 <;> tac2` where `(tac1; tac2)` would suffice

Note: This linter can be disabled with `set_option linter.unnecessarySeqFocus false`
warning: ConwaySoifer/Simplified/Geometry/Profile1Q1.lean:40:63: Used `tac1 <;> tac2` where `(tac1; tac2)` would suffice

Note: This linter can be disabled with `set_option linter.unnecessarySeqFocus false`
warning: ConwaySoifer/Simplified/Geometry/Profile1Q1.lean:50:25: Used `tac1 <;> tac2` where `(tac1; tac2)` would suffice

Note: This linter can be disabled with `set_option linter.unnecessarySeqFocus false`
warning: ConwaySoifer/Simplified/Geometry/Profile1Q1.lean:50:76: Used `tac1 <;> tac2` where `(tac1; tac2)` would suffice

Note: This linter can be disabled with `set_option linter.unnecessarySeqFocus false`
warning: ConwaySoifer/Simplified/Geometry/Profile1Q1.lean:57:63: Used `tac1 <;> tac2` where `(tac1; tac2)` would suffice

Note: This linter can be disabled with `set_option linter.unnecessarySeqFocus false`
warning: ConwaySoifer/Simplified/Geometry/Profile1Q1.lean:67:23: Used `tac1 <;> tac2` where `(tac1; tac2)` would suffice

Note: This linter can be disabled with `set_option linter.unnecessarySeqFocus false`
warning: ConwaySoifer/Simplified/Geometry/Profile1Q1.lean:67:40: Used `tac1 <;> tac2` where `(tac1; tac2)` would suffice

Note: This linter can be disabled with `set_option linter.unnecessarySeqFocus false`
warning: ConwaySoifer/Simplified/Geometry/Profile1Q1.lean:75:25: Used `tac1 <;> tac2` where `(tac1; tac2)` would suffice

Note: This linter can be disabled with `set_option linter.unnecessarySeqFocus false`
warning: ConwaySoifer/Simplified/Geometry/Profile1Q1.lean:75:76: Used `tac1 <;> tac2` where `(tac1; tac2)` would suffice

Note: This linter can be disabled with `set_option linter.unnecessarySeqFocus false`
warning: ConwaySoifer/Simplified/Geometry/Profile1Q1.lean:82:63: Used `tac1 <;> tac2` where `(tac1; tac2)` would suffice

Note: This linter can be disabled with `set_option linter.unnecessarySeqFocus false`
warning: ConwaySoifer/Simplified/Geometry/Profile1Q1.lean:92:25: Used `tac1 <;> tac2` where `(tac1; tac2)` would suffice

Note: This linter can be disabled with `set_option linter.unnecessarySeqFocus false`
warning: ConwaySoifer/Simplified/Geometry/Profile1Q1.lean:92:76: Used `tac1 <;> tac2` where `(tac1; tac2)` would suffice

Note: This linter can be disabled with `set_option linter.unnecessarySeqFocus false`
warning: ConwaySoifer/Simplified/Geometry/Profile1Q1.lean:99:63: Used `tac1 <;> tac2` where `(tac1; tac2)` would suffice

Note: This linter can be disabled with `set_option linter.unnecessarySeqFocus false`
warning: ConwaySoifer/Simplified/Geometry/Profile1Q1.lean:109:23: Used `tac1 <;> tac2` where `(tac1; tac2)` would suffice

Note: This linter can be disabled with `set_option linter.unnecessarySeqFocus false`
warning: ConwaySoifer/Simplified/Geometry/Profile1Q1.lean:109:40: Used `tac1 <;> tac2` where `(tac1; tac2)` would suffice

Note: This linter can be disabled with `set_option linter.unnecessarySeqFocus false`
warning: ConwaySoifer/Simplified/Geometry/Profile1Q1.lean:117:25: Used `tac1 <;> tac2` where `(tac1; tac2)` would suffice

Note: This linter can be disabled with `set_option linter.unnecessarySeqFocus false`
warning: ConwaySoifer/Simplified/Geometry/Profile1Q1.lean:117:76: Used `tac1 <;> tac2` where `(tac1; tac2)` would suffice

Note: This linter can be disabled with `set_option linter.unnecessarySeqFocus false`
warning: ConwaySoifer/Simplified/Geometry/Profile1Q1.lean:124:63: Used `tac1 <;> tac2` where `(tac1; tac2)` would suffice

Note: This linter can be disabled with `set_option linter.unnecessarySeqFocus false`
warning: ConwaySoifer/Simplified/Geometry/Profile1Q1.lean:134:25: Used `tac1 <;> tac2` where `(tac1; tac2)` would suffice

Note: This linter can be disabled with `set_option linter.unnecessarySeqFocus false`
warning: ConwaySoifer/Simplified/Geometry/Profile1Q1.lean:134:76: Used `tac1 <;> tac2` where `(tac1; tac2)` would suffice

Note: This linter can be disabled with `set_option linter.unnecessarySeqFocus false`
warning: ConwaySoifer/Simplified/Geometry/Profile1Q1.lean:141:63: Used `tac1 <;> tac2` where `(tac1; tac2)` would suffice

Note: This linter can be disabled with `set_option linter.unnecessarySeqFocus false`
warning: ConwaySoifer/Simplified/Geometry/Profile1Q1.lean:25:44: 'ring' tactic does nothing

Note: This linter can be disabled with `set_option linter.unusedTactic false`
⚠ [3913/3956] Built ConwaySoifer.Simplified.Geometry.Profile0Q2 (9.4s)
warning: ConwaySoifer/Simplified/Geometry/Profile0Q2.lean:25:44: this tactic is never executed

Note: This linter can be disabled with `set_option linter.unreachableTactic false`
warning: ConwaySoifer/Simplified/Geometry/Profile0Q2.lean:25:23: Used `tac1 <;> tac2` where `(tac1; tac2)` would suffice

Note: This linter can be disabled with `set_option linter.unnecessarySeqFocus false`
warning: ConwaySoifer/Simplified/Geometry/Profile0Q2.lean:33:25: Used `tac1 <;> tac2` where `(tac1; tac2)` would suffice

Note: This linter can be disabled with `set_option linter.unnecessarySeqFocus false`
warning: ConwaySoifer/Simplified/Geometry/Profile0Q2.lean:33:76: Used `tac1 <;> tac2` where `(tac1; tac2)` would suffice

Note: This linter can be disabled with `set_option linter.unnecessarySeqFocus false`
warning: ConwaySoifer/Simplified/Geometry/Profile0Q2.lean:40:63: Used `tac1 <;> tac2` where `(tac1; tac2)` would suffice

Note: This linter can be disabled with `set_option linter.unnecessarySeqFocus false`
warning: ConwaySoifer/Simplified/Geometry/Profile0Q2.lean:50:25: Used `tac1 <;> tac2` where `(tac1; tac2)` would suffice

Note: This linter can be disabled with `set_option linter.unnecessarySeqFocus false`
warning: ConwaySoifer/Simplified/Geometry/Profile0Q2.lean:50:76: Used `tac1 <;> tac2` where `(tac1; tac2)` would suffice

Note: This linter can be disabled with `set_option linter.unnecessarySeqFocus false`
warning: ConwaySoifer/Simplified/Geometry/Profile0Q2.lean:57:63: Used `tac1 <;> tac2` where `(tac1; tac2)` would suffice

Note: This linter can be disabled with `set_option linter.unnecessarySeqFocus false`
warning: ConwaySoifer/Simplified/Geometry/Profile0Q2.lean:67:23: Used `tac1 <;> tac2` where `(tac1; tac2)` would suffice

Note: This linter can be disabled with `set_option linter.unnecessarySeqFocus false`
warning: ConwaySoifer/Simplified/Geometry/Profile0Q2.lean:67:40: Used `tac1 <;> tac2` where `(tac1; tac2)` would suffice

Note: This linter can be disabled with `set_option linter.unnecessarySeqFocus false`
warning: ConwaySoifer/Simplified/Geometry/Profile0Q2.lean:75:25: Used `tac1 <;> tac2` where `(tac1; tac2)` would suffice

Note: This linter can be disabled with `set_option linter.unnecessarySeqFocus false`
warning: ConwaySoifer/Simplified/Geometry/Profile0Q2.lean:75:76: Used `tac1 <;> tac2` where `(tac1; tac2)` would suffice

Note: This linter can be disabled with `set_option linter.unnecessarySeqFocus false`
warning: ConwaySoifer/Simplified/Geometry/Profile0Q2.lean:82:63: Used `tac1 <;> tac2` where `(tac1; tac2)` would suffice

Note: This linter can be disabled with `set_option linter.unnecessarySeqFocus false`
warning: ConwaySoifer/Simplified/Geometry/Profile0Q2.lean:92:25: Used `tac1 <;> tac2` where `(tac1; tac2)` would suffice

Note: This linter can be disabled with `set_option linter.unnecessarySeqFocus false`
warning: ConwaySoifer/Simplified/Geometry/Profile0Q2.lean:92:76: Used `tac1 <;> tac2` where `(tac1; tac2)` would suffice

Note: This linter can be disabled with `set_option linter.unnecessarySeqFocus false`
warning: ConwaySoifer/Simplified/Geometry/Profile0Q2.lean:99:63: Used `tac1 <;> tac2` where `(tac1; tac2)` would suffice

Note: This linter can be disabled with `set_option linter.unnecessarySeqFocus false`
warning: ConwaySoifer/Simplified/Geometry/Profile0Q2.lean:109:23: Used `tac1 <;> tac2` where `(tac1; tac2)` would suffice

Note: This linter can be disabled with `set_option linter.unnecessarySeqFocus false`
warning: ConwaySoifer/Simplified/Geometry/Profile0Q2.lean:109:40: Used `tac1 <;> tac2` where `(tac1; tac2)` would suffice

Note: This linter can be disabled with `set_option linter.unnecessarySeqFocus false`
warning: ConwaySoifer/Simplified/Geometry/Profile0Q2.lean:117:25: Used `tac1 <;> tac2` where `(tac1; tac2)` would suffice

Note: This linter can be disabled with `set_option linter.unnecessarySeqFocus false`
warning: ConwaySoifer/Simplified/Geometry/Profile0Q2.lean:117:76: Used `tac1 <;> tac2` where `(tac1; tac2)` would suffice

Note: This linter can be disabled with `set_option linter.unnecessarySeqFocus false`
warning: ConwaySoifer/Simplified/Geometry/Profile0Q2.lean:124:63: Used `tac1 <;> tac2` where `(tac1; tac2)` would suffice

Note: This linter can be disabled with `set_option linter.unnecessarySeqFocus false`
warning: ConwaySoifer/Simplified/Geometry/Profile0Q2.lean:134:25: Used `tac1 <;> tac2` where `(tac1; tac2)` would suffice

Note: This linter can be disabled with `set_option linter.unnecessarySeqFocus false`
warning: ConwaySoifer/Simplified/Geometry/Profile0Q2.lean:134:76: Used `tac1 <;> tac2` where `(tac1; tac2)` would suffice

Note: This linter can be disabled with `set_option linter.unnecessarySeqFocus false`
warning: ConwaySoifer/Simplified/Geometry/Profile0Q2.lean:141:63: Used `tac1 <;> tac2` where `(tac1; tac2)` would suffice

Note: This linter can be disabled with `set_option linter.unnecessarySeqFocus false`
warning: ConwaySoifer/Simplified/Geometry/Profile0Q2.lean:25:44: 'ring' tactic does nothing

Note: This linter can be disabled with `set_option linter.unusedTactic false`
⚠ [3914/3956] Built ConwaySoifer.Simplified.Geometry.Profile3Q0 (15s)
warning: ConwaySoifer/Simplified/Geometry/Profile3Q0.lean:27:46: this tactic is never executed

Note: This linter can be disabled with `set_option linter.unreachableTactic false`
warning: ConwaySoifer/Simplified/Geometry/Profile3Q0.lean:160:46: this tactic is never executed

Note: This linter can be disabled with `set_option linter.unreachableTactic false`
warning: ConwaySoifer/Simplified/Geometry/Profile3Q0.lean:27:25: Used `tac1 <;> tac2` where `(tac1; tac2)` would suffice

Note: This linter can be disabled with `set_option linter.unnecessarySeqFocus false`
warning: ConwaySoifer/Simplified/Geometry/Profile3Q0.lean:35:27: Used `tac1 <;> tac2` where `(tac1; tac2)` would suffice

Note: This linter can be disabled with `set_option linter.unnecessarySeqFocus false`
warning: ConwaySoifer/Simplified/Geometry/Profile3Q0.lean:35:78: Used `tac1 <;> tac2` where `(tac1; tac2)` would suffice

Note: This linter can be disabled with `set_option linter.unnecessarySeqFocus false`
warning: ConwaySoifer/Simplified/Geometry/Profile3Q0.lean:42:65: Used `tac1 <;> tac2` where `(tac1; tac2)` would suffice

Note: This linter can be disabled with `set_option linter.unnecessarySeqFocus false`
warning: ConwaySoifer/Simplified/Geometry/Profile3Q0.lean:52:27: Used `tac1 <;> tac2` where `(tac1; tac2)` would suffice

Note: This linter can be disabled with `set_option linter.unnecessarySeqFocus false`
warning: ConwaySoifer/Simplified/Geometry/Profile3Q0.lean:52:78: Used `tac1 <;> tac2` where `(tac1; tac2)` would suffice

Note: This linter can be disabled with `set_option linter.unnecessarySeqFocus false`
warning: ConwaySoifer/Simplified/Geometry/Profile3Q0.lean:59:65: Used `tac1 <;> tac2` where `(tac1; tac2)` would suffice

Note: This linter can be disabled with `set_option linter.unnecessarySeqFocus false`
warning: ConwaySoifer/Simplified/Geometry/Profile3Q0.lean:69:25: Used `tac1 <;> tac2` where `(tac1; tac2)` would suffice

Note: This linter can be disabled with `set_option linter.unnecessarySeqFocus false`
warning: ConwaySoifer/Simplified/Geometry/Profile3Q0.lean:69:42: Used `tac1 <;> tac2` where `(tac1; tac2)` would suffice

Note: This linter can be disabled with `set_option linter.unnecessarySeqFocus false`
warning: ConwaySoifer/Simplified/Geometry/Profile3Q0.lean:77:27: Used `tac1 <;> tac2` where `(tac1; tac2)` would suffice

Note: This linter can be disabled with `set_option linter.unnecessarySeqFocus false`
warning: ConwaySoifer/Simplified/Geometry/Profile3Q0.lean:77:78: Used `tac1 <;> tac2` where `(tac1; tac2)` would suffice

Note: This linter can be disabled with `set_option linter.unnecessarySeqFocus false`
warning: ConwaySoifer/Simplified/Geometry/Profile3Q0.lean:84:65: Used `tac1 <;> tac2` where `(tac1; tac2)` would suffice

Note: This linter can be disabled with `set_option linter.unnecessarySeqFocus false`
warning: ConwaySoifer/Simplified/Geometry/Profile3Q0.lean:94:27: Used `tac1 <;> tac2` where `(tac1; tac2)` would suffice

Note: This linter can be disabled with `set_option linter.unnecessarySeqFocus false`
warning: ConwaySoifer/Simplified/Geometry/Profile3Q0.lean:94:78: Used `tac1 <;> tac2` where `(tac1; tac2)` would suffice

Note: This linter can be disabled with `set_option linter.unnecessarySeqFocus false`
warning: ConwaySoifer/Simplified/Geometry/Profile3Q0.lean:101:65: Used `tac1 <;> tac2` where `(tac1; tac2)` would suffice

Note: This linter can be disabled with `set_option linter.unnecessarySeqFocus false`
warning: ConwaySoifer/Simplified/Geometry/Profile3Q0.lean:111:25: Used `tac1 <;> tac2` where `(tac1; tac2)` would suffice

Note: This linter can be disabled with `set_option linter.unnecessarySeqFocus false`
warning: ConwaySoifer/Simplified/Geometry/Profile3Q0.lean:111:42: Used `tac1 <;> tac2` where `(tac1; tac2)` would suffice

Note: This linter can be disabled with `set_option linter.unnecessarySeqFocus false`
warning: ConwaySoifer/Simplified/Geometry/Profile3Q0.lean:119:27: Used `tac1 <;> tac2` where `(tac1; tac2)` would suffice

Note: This linter can be disabled with `set_option linter.unnecessarySeqFocus false`
warning: ConwaySoifer/Simplified/Geometry/Profile3Q0.lean:119:78: Used `tac1 <;> tac2` where `(tac1; tac2)` would suffice

Note: This linter can be disabled with `set_option linter.unnecessarySeqFocus false`
warning: ConwaySoifer/Simplified/Geometry/Profile3Q0.lean:126:65: Used `tac1 <;> tac2` where `(tac1; tac2)` would suffice

Note: This linter can be disabled with `set_option linter.unnecessarySeqFocus false`
warning: ConwaySoifer/Simplified/Geometry/Profile3Q0.lean:136:27: Used `tac1 <;> tac2` where `(tac1; tac2)` would suffice

Note: This linter can be disabled with `set_option linter.unnecessarySeqFocus false`
warning: ConwaySoifer/Simplified/Geometry/Profile3Q0.lean:136:78: Used `tac1 <;> tac2` where `(tac1; tac2)` would suffice

Note: This linter can be disabled with `set_option linter.unnecessarySeqFocus false`
warning: ConwaySoifer/Simplified/Geometry/Profile3Q0.lean:143:65: Used `tac1 <;> tac2` where `(tac1; tac2)` would suffice

Note: This linter can be disabled with `set_option linter.unnecessarySeqFocus false`
warning: ConwaySoifer/Simplified/Geometry/Profile3Q0.lean:160:25: Used `tac1 <;> tac2` where `(tac1; tac2)` would suffice

Note: This linter can be disabled with `set_option linter.unnecessarySeqFocus false`
warning: ConwaySoifer/Simplified/Geometry/Profile3Q0.lean:168:27: Used `tac1 <;> tac2` where `(tac1; tac2)` would suffice

Note: This linter can be disabled with `set_option linter.unnecessarySeqFocus false`
warning: ConwaySoifer/Simplified/Geometry/Profile3Q0.lean:168:78: Used `tac1 <;> tac2` where `(tac1; tac2)` would suffice

Note: This linter can be disabled with `set_option linter.unnecessarySeqFocus false`
warning: ConwaySoifer/Simplified/Geometry/Profile3Q0.lean:175:65: Used `tac1 <;> tac2` where `(tac1; tac2)` would suffice

Note: This linter can be disabled with `set_option linter.unnecessarySeqFocus false`
warning: ConwaySoifer/Simplified/Geometry/Profile3Q0.lean:185:27: Used `tac1 <;> tac2` where `(tac1; tac2)` would suffice

Note: This linter can be disabled with `set_option linter.unnecessarySeqFocus false`
warning: ConwaySoifer/Simplified/Geometry/Profile3Q0.lean:185:78: Used `tac1 <;> tac2` where `(tac1; tac2)` would suffice

Note: This linter can be disabled with `set_option linter.unnecessarySeqFocus false`
warning: ConwaySoifer/Simplified/Geometry/Profile3Q0.lean:192:65: Used `tac1 <;> tac2` where `(tac1; tac2)` would suffice

Note: This linter can be disabled with `set_option linter.unnecessarySeqFocus false`
warning: ConwaySoifer/Simplified/Geometry/Profile3Q0.lean:202:25: Used `tac1 <;> tac2` where `(tac1; tac2)` would suffice

Note: This linter can be disabled with `set_option linter.unnecessarySeqFocus false`
warning: ConwaySoifer/Simplified/Geometry/Profile3Q0.lean:202:42: Used `tac1 <;> tac2` where `(tac1; tac2)` would suffice

Note: This linter can be disabled with `set_option linter.unnecessarySeqFocus false`
warning: ConwaySoifer/Simplified/Geometry/Profile3Q0.lean:210:27: Used `tac1 <;> tac2` where `(tac1; tac2)` would suffice

Note: This linter can be disabled with `set_option linter.unnecessarySeqFocus false`
warning: ConwaySoifer/Simplified/Geometry/Profile3Q0.lean:210:78: Used `tac1 <;> tac2` where `(tac1; tac2)` would suffice

Note: This linter can be disabled with `set_option linter.unnecessarySeqFocus false`
warning: ConwaySoifer/Simplified/Geometry/Profile3Q0.lean:217:65: Used `tac1 <;> tac2` where `(tac1; tac2)` would suffice

Note: This linter can be disabled with `set_option linter.unnecessarySeqFocus false`
warning: ConwaySoifer/Simplified/Geometry/Profile3Q0.lean:227:27: Used `tac1 <;> tac2` where `(tac1; tac2)` would suffice

Note: This linter can be disabled with `set_option linter.unnecessarySeqFocus false`
warning: ConwaySoifer/Simplified/Geometry/Profile3Q0.lean:227:78: Used `tac1 <;> tac2` where `(tac1; tac2)` would suffice

Note: This linter can be disabled with `set_option linter.unnecessarySeqFocus false`
warning: ConwaySoifer/Simplified/Geometry/Profile3Q0.lean:234:65: Used `tac1 <;> tac2` where `(tac1; tac2)` would suffice

Note: This linter can be disabled with `set_option linter.unnecessarySeqFocus false`
warning: ConwaySoifer/Simplified/Geometry/Profile3Q0.lean:27:46: 'ring' tactic does nothing

Note: This linter can be disabled with `set_option linter.unusedTactic false`
warning: ConwaySoifer/Simplified/Geometry/Profile3Q0.lean:160:46: 'ring' tactic does nothing

Note: This linter can be disabled with `set_option linter.unusedTactic false`
⚠ [3915/3956] Built ConwaySoifer.Simplified.Geometry.Profile2Q0 (15s)
warning: ConwaySoifer/Simplified/Geometry/Profile2Q0.lean:27:46: this tactic is never executed

Note: This linter can be disabled with `set_option linter.unreachableTactic false`
warning: ConwaySoifer/Simplified/Geometry/Profile2Q0.lean:160:46: this tactic is never executed

Note: This linter can be disabled with `set_option linter.unreachableTactic false`
warning: ConwaySoifer/Simplified/Geometry/Profile2Q0.lean:27:25: Used `tac1 <;> tac2` where `(tac1; tac2)` would suffice

Note: This linter can be disabled with `set_option linter.unnecessarySeqFocus false`
warning: ConwaySoifer/Simplified/Geometry/Profile2Q0.lean:35:27: Used `tac1 <;> tac2` where `(tac1; tac2)` would suffice

Note: This linter can be disabled with `set_option linter.unnecessarySeqFocus false`
warning: ConwaySoifer/Simplified/Geometry/Profile2Q0.lean:35:78: Used `tac1 <;> tac2` where `(tac1; tac2)` would suffice

Note: This linter can be disabled with `set_option linter.unnecessarySeqFocus false`
warning: ConwaySoifer/Simplified/Geometry/Profile2Q0.lean:42:65: Used `tac1 <;> tac2` where `(tac1; tac2)` would suffice

Note: This linter can be disabled with `set_option linter.unnecessarySeqFocus false`
warning: ConwaySoifer/Simplified/Geometry/Profile2Q0.lean:52:27: Used `tac1 <;> tac2` where `(tac1; tac2)` would suffice

Note: This linter can be disabled with `set_option linter.unnecessarySeqFocus false`
warning: ConwaySoifer/Simplified/Geometry/Profile2Q0.lean:52:78: Used `tac1 <;> tac2` where `(tac1; tac2)` would suffice

Note: This linter can be disabled with `set_option linter.unnecessarySeqFocus false`
warning: ConwaySoifer/Simplified/Geometry/Profile2Q0.lean:59:65: Used `tac1 <;> tac2` where `(tac1; tac2)` would suffice

Note: This linter can be disabled with `set_option linter.unnecessarySeqFocus false`
warning: ConwaySoifer/Simplified/Geometry/Profile2Q0.lean:69:25: Used `tac1 <;> tac2` where `(tac1; tac2)` would suffice

Note: This linter can be disabled with `set_option linter.unnecessarySeqFocus false`
warning: ConwaySoifer/Simplified/Geometry/Profile2Q0.lean:69:42: Used `tac1 <;> tac2` where `(tac1; tac2)` would suffice

Note: This linter can be disabled with `set_option linter.unnecessarySeqFocus false`
warning: ConwaySoifer/Simplified/Geometry/Profile2Q0.lean:77:27: Used `tac1 <;> tac2` where `(tac1; tac2)` would suffice

Note: This linter can be disabled with `set_option linter.unnecessarySeqFocus false`
warning: ConwaySoifer/Simplified/Geometry/Profile2Q0.lean:77:78: Used `tac1 <;> tac2` where `(tac1; tac2)` would suffice

Note: This linter can be disabled with `set_option linter.unnecessarySeqFocus false`
warning: ConwaySoifer/Simplified/Geometry/Profile2Q0.lean:84:65: Used `tac1 <;> tac2` where `(tac1; tac2)` would suffice

Note: This linter can be disabled with `set_option linter.unnecessarySeqFocus false`
warning: ConwaySoifer/Simplified/Geometry/Profile2Q0.lean:94:27: Used `tac1 <;> tac2` where `(tac1; tac2)` would suffice

Note: This linter can be disabled with `set_option linter.unnecessarySeqFocus false`
warning: ConwaySoifer/Simplified/Geometry/Profile2Q0.lean:94:78: Used `tac1 <;> tac2` where `(tac1; tac2)` would suffice

Note: This linter can be disabled with `set_option linter.unnecessarySeqFocus false`
warning: ConwaySoifer/Simplified/Geometry/Profile2Q0.lean:101:65: Used `tac1 <;> tac2` where `(tac1; tac2)` would suffice

Note: This linter can be disabled with `set_option linter.unnecessarySeqFocus false`
warning: ConwaySoifer/Simplified/Geometry/Profile2Q0.lean:111:25: Used `tac1 <;> tac2` where `(tac1; tac2)` would suffice

Note: This linter can be disabled with `set_option linter.unnecessarySeqFocus false`
warning: ConwaySoifer/Simplified/Geometry/Profile2Q0.lean:111:42: Used `tac1 <;> tac2` where `(tac1; tac2)` would suffice

Note: This linter can be disabled with `set_option linter.unnecessarySeqFocus false`
warning: ConwaySoifer/Simplified/Geometry/Profile2Q0.lean:119:27: Used `tac1 <;> tac2` where `(tac1; tac2)` would suffice

Note: This linter can be disabled with `set_option linter.unnecessarySeqFocus false`
warning: ConwaySoifer/Simplified/Geometry/Profile2Q0.lean:119:78: Used `tac1 <;> tac2` where `(tac1; tac2)` would suffice

Note: This linter can be disabled with `set_option linter.unnecessarySeqFocus false`
warning: ConwaySoifer/Simplified/Geometry/Profile2Q0.lean:126:65: Used `tac1 <;> tac2` where `(tac1; tac2)` would suffice

Note: This linter can be disabled with `set_option linter.unnecessarySeqFocus false`
warning: ConwaySoifer/Simplified/Geometry/Profile2Q0.lean:136:27: Used `tac1 <;> tac2` where `(tac1; tac2)` would suffice

Note: This linter can be disabled with `set_option linter.unnecessarySeqFocus false`
warning: ConwaySoifer/Simplified/Geometry/Profile2Q0.lean:136:78: Used `tac1 <;> tac2` where `(tac1; tac2)` would suffice

Note: This linter can be disabled with `set_option linter.unnecessarySeqFocus false`
warning: ConwaySoifer/Simplified/Geometry/Profile2Q0.lean:143:65: Used `tac1 <;> tac2` where `(tac1; tac2)` would suffice

Note: This linter can be disabled with `set_option linter.unnecessarySeqFocus false`
warning: ConwaySoifer/Simplified/Geometry/Profile2Q0.lean:160:25: Used `tac1 <;> tac2` where `(tac1; tac2)` would suffice

Note: This linter can be disabled with `set_option linter.unnecessarySeqFocus false`
warning: ConwaySoifer/Simplified/Geometry/Profile2Q0.lean:168:27: Used `tac1 <;> tac2` where `(tac1; tac2)` would suffice

Note: This linter can be disabled with `set_option linter.unnecessarySeqFocus false`
warning: ConwaySoifer/Simplified/Geometry/Profile2Q0.lean:168:78: Used `tac1 <;> tac2` where `(tac1; tac2)` would suffice

Note: This linter can be disabled with `set_option linter.unnecessarySeqFocus false`
warning: ConwaySoifer/Simplified/Geometry/Profile2Q0.lean:175:65: Used `tac1 <;> tac2` where `(tac1; tac2)` would suffice

Note: This linter can be disabled with `set_option linter.unnecessarySeqFocus false`
warning: ConwaySoifer/Simplified/Geometry/Profile2Q0.lean:185:27: Used `tac1 <;> tac2` where `(tac1; tac2)` would suffice

Note: This linter can be disabled with `set_option linter.unnecessarySeqFocus false`
warning: ConwaySoifer/Simplified/Geometry/Profile2Q0.lean:185:78: Used `tac1 <;> tac2` where `(tac1; tac2)` would suffice

Note: This linter can be disabled with `set_option linter.unnecessarySeqFocus false`
warning: ConwaySoifer/Simplified/Geometry/Profile2Q0.lean:192:65: Used `tac1 <;> tac2` where `(tac1; tac2)` would suffice

Note: This linter can be disabled with `set_option linter.unnecessarySeqFocus false`
warning: ConwaySoifer/Simplified/Geometry/Profile2Q0.lean:202:25: Used `tac1 <;> tac2` where `(tac1; tac2)` would suffice

Note: This linter can be disabled with `set_option linter.unnecessarySeqFocus false`
warning: ConwaySoifer/Simplified/Geometry/Profile2Q0.lean:202:42: Used `tac1 <;> tac2` where `(tac1; tac2)` would suffice

Note: This linter can be disabled with `set_option linter.unnecessarySeqFocus false`
warning: ConwaySoifer/Simplified/Geometry/Profile2Q0.lean:210:27: Used `tac1 <;> tac2` where `(tac1; tac2)` would suffice

Note: This linter can be disabled with `set_option linter.unnecessarySeqFocus false`
warning: ConwaySoifer/Simplified/Geometry/Profile2Q0.lean:210:78: Used `tac1 <;> tac2` where `(tac1; tac2)` would suffice

Note: This linter can be disabled with `set_option linter.unnecessarySeqFocus false`
warning: ConwaySoifer/Simplified/Geometry/Profile2Q0.lean:217:65: Used `tac1 <;> tac2` where `(tac1; tac2)` would suffice

Note: This linter can be disabled with `set_option linter.unnecessarySeqFocus false`
warning: ConwaySoifer/Simplified/Geometry/Profile2Q0.lean:227:27: Used `tac1 <;> tac2` where `(tac1; tac2)` would suffice

Note: This linter can be disabled with `set_option linter.unnecessarySeqFocus false`
warning: ConwaySoifer/Simplified/Geometry/Profile2Q0.lean:227:78: Used `tac1 <;> tac2` where `(tac1; tac2)` would suffice

Note: This linter can be disabled with `set_option linter.unnecessarySeqFocus false`
warning: ConwaySoifer/Simplified/Geometry/Profile2Q0.lean:234:65: Used `tac1 <;> tac2` where `(tac1; tac2)` would suffice

Note: This linter can be disabled with `set_option linter.unnecessarySeqFocus false`
warning: ConwaySoifer/Simplified/Geometry/Profile2Q0.lean:27:46: 'ring' tactic does nothing

Note: This linter can be disabled with `set_option linter.unusedTactic false`
warning: ConwaySoifer/Simplified/Geometry/Profile2Q0.lean:160:46: 'ring' tactic does nothing

Note: This linter can be disabled with `set_option linter.unusedTactic false`
⚠ [3916/3956] Built ConwaySoifer.Simplified.Geometry.Profile0Q1 (10s)
warning: ConwaySoifer/Simplified/Geometry/Profile0Q1.lean:25:44: this tactic is never executed

Note: This linter can be disabled with `set_option linter.unreachableTactic false`
warning: ConwaySoifer/Simplified/Geometry/Profile0Q1.lean:25:23: Used `tac1 <;> tac2` where `(tac1; tac2)` would suffice

Note: This linter can be disabled with `set_option linter.unnecessarySeqFocus false`
warning: ConwaySoifer/Simplified/Geometry/Profile0Q1.lean:33:25: Used `tac1 <;> tac2` where `(tac1; tac2)` would suffice

Note: This linter can be disabled with `set_option linter.unnecessarySeqFocus false`
warning: ConwaySoifer/Simplified/Geometry/Profile0Q1.lean:33:76: Used `tac1 <;> tac2` where `(tac1; tac2)` would suffice

Note: This linter can be disabled with `set_option linter.unnecessarySeqFocus false`
warning: ConwaySoifer/Simplified/Geometry/Profile0Q1.lean:40:63: Used `tac1 <;> tac2` where `(tac1; tac2)` would suffice

Note: This linter can be disabled with `set_option linter.unnecessarySeqFocus false`
warning: ConwaySoifer/Simplified/Geometry/Profile0Q1.lean:50:25: Used `tac1 <;> tac2` where `(tac1; tac2)` would suffice

Note: This linter can be disabled with `set_option linter.unnecessarySeqFocus false`
warning: ConwaySoifer/Simplified/Geometry/Profile0Q1.lean:50:76: Used `tac1 <;> tac2` where `(tac1; tac2)` would suffice

Note: This linter can be disabled with `set_option linter.unnecessarySeqFocus false`
warning: ConwaySoifer/Simplified/Geometry/Profile0Q1.lean:57:63: Used `tac1 <;> tac2` where `(tac1; tac2)` would suffice

Note: This linter can be disabled with `set_option linter.unnecessarySeqFocus false`
warning: ConwaySoifer/Simplified/Geometry/Profile0Q1.lean:67:23: Used `tac1 <;> tac2` where `(tac1; tac2)` would suffice

Note: This linter can be disabled with `set_option linter.unnecessarySeqFocus false`
warning: ConwaySoifer/Simplified/Geometry/Profile0Q1.lean:67:40: Used `tac1 <;> tac2` where `(tac1; tac2)` would suffice

Note: This linter can be disabled with `set_option linter.unnecessarySeqFocus false`
warning: ConwaySoifer/Simplified/Geometry/Profile0Q1.lean:75:25: Used `tac1 <;> tac2` where `(tac1; tac2)` would suffice

Note: This linter can be disabled with `set_option linter.unnecessarySeqFocus false`
warning: ConwaySoifer/Simplified/Geometry/Profile0Q1.lean:75:76: Used `tac1 <;> tac2` where `(tac1; tac2)` would suffice

Note: This linter can be disabled with `set_option linter.unnecessarySeqFocus false`
warning: ConwaySoifer/Simplified/Geometry/Profile0Q1.lean:82:63: Used `tac1 <;> tac2` where `(tac1; tac2)` would suffice

Note: This linter can be disabled with `set_option linter.unnecessarySeqFocus false`
warning: ConwaySoifer/Simplified/Geometry/Profile0Q1.lean:92:25: Used `tac1 <;> tac2` where `(tac1; tac2)` would suffice

Note: This linter can be disabled with `set_option linter.unnecessarySeqFocus false`
warning: ConwaySoifer/Simplified/Geometry/Profile0Q1.lean:92:76: Used `tac1 <;> tac2` where `(tac1; tac2)` would suffice

Note: This linter can be disabled with `set_option linter.unnecessarySeqFocus false`
warning: ConwaySoifer/Simplified/Geometry/Profile0Q1.lean:99:63: Used `tac1 <;> tac2` where `(tac1; tac2)` would suffice

Note: This linter can be disabled with `set_option linter.unnecessarySeqFocus false`
warning: ConwaySoifer/Simplified/Geometry/Profile0Q1.lean:109:23: Used `tac1 <;> tac2` where `(tac1; tac2)` would suffice

Note: This linter can be disabled with `set_option linter.unnecessarySeqFocus false`
warning: ConwaySoifer/Simplified/Geometry/Profile0Q1.lean:109:40: Used `tac1 <;> tac2` where `(tac1; tac2)` would suffice

Note: This linter can be disabled with `set_option linter.unnecessarySeqFocus false`
warning: ConwaySoifer/Simplified/Geometry/Profile0Q1.lean:117:25: Used `tac1 <;> tac2` where `(tac1; tac2)` would suffice

Note: This linter can be disabled with `set_option linter.unnecessarySeqFocus false`
warning: ConwaySoifer/Simplified/Geometry/Profile0Q1.lean:117:76: Used `tac1 <;> tac2` where `(tac1; tac2)` would suffice

Note: This linter can be disabled with `set_option linter.unnecessarySeqFocus false`
warning: ConwaySoifer/Simplified/Geometry/Profile0Q1.lean:124:63: Used `tac1 <;> tac2` where `(tac1; tac2)` would suffice

Note: This linter can be disabled with `set_option linter.unnecessarySeqFocus false`
warning: ConwaySoifer/Simplified/Geometry/Profile0Q1.lean:134:25: Used `tac1 <;> tac2` where `(tac1; tac2)` would suffice

Note: This linter can be disabled with `set_option linter.unnecessarySeqFocus false`
warning: ConwaySoifer/Simplified/Geometry/Profile0Q1.lean:134:76: Used `tac1 <;> tac2` where `(tac1; tac2)` would suffice

Note: This linter can be disabled with `set_option linter.unnecessarySeqFocus false`
warning: ConwaySoifer/Simplified/Geometry/Profile0Q1.lean:141:63: Used `tac1 <;> tac2` where `(tac1; tac2)` would suffice

Note: This linter can be disabled with `set_option linter.unnecessarySeqFocus false`
warning: ConwaySoifer/Simplified/Geometry/Profile0Q1.lean:25:44: 'ring' tactic does nothing

Note: This linter can be disabled with `set_option linter.unusedTactic false`
⚠ [3917/3956] Built ConwaySoifer.Simplified.Geometry.Profile4Q0 (21s)
warning: ConwaySoifer/Simplified/Geometry/Profile4Q0.lean:27:46: this tactic is never executed

Note: This linter can be disabled with `set_option linter.unreachableTactic false`
warning: ConwaySoifer/Simplified/Geometry/Profile4Q0.lean:162:48: this tactic is never executed

Note: This linter can be disabled with `set_option linter.unreachableTactic false`
warning: ConwaySoifer/Simplified/Geometry/Profile4Q0.lean:253:48: this tactic is never executed

Note: This linter can be disabled with `set_option linter.unreachableTactic false`
warning: ConwaySoifer/Simplified/Geometry/Profile4Q0.lean:27:25: Used `tac1 <;> tac2` where `(tac1; tac2)` would suffice

Note: This linter can be disabled with `set_option linter.unnecessarySeqFocus false`
warning: ConwaySoifer/Simplified/Geometry/Profile4Q0.lean:35:27: Used `tac1 <;> tac2` where `(tac1; tac2)` would suffice

Note: This linter can be disabled with `set_option linter.unnecessarySeqFocus false`
warning: ConwaySoifer/Simplified/Geometry/Profile4Q0.lean:35:78: Used `tac1 <;> tac2` where `(tac1; tac2)` would suffice

Note: This linter can be disabled with `set_option linter.unnecessarySeqFocus false`
warning: ConwaySoifer/Simplified/Geometry/Profile4Q0.lean:42:65: Used `tac1 <;> tac2` where `(tac1; tac2)` would suffice

Note: This linter can be disabled with `set_option linter.unnecessarySeqFocus false`
warning: ConwaySoifer/Simplified/Geometry/Profile4Q0.lean:52:27: Used `tac1 <;> tac2` where `(tac1; tac2)` would suffice

Note: This linter can be disabled with `set_option linter.unnecessarySeqFocus false`
warning: ConwaySoifer/Simplified/Geometry/Profile4Q0.lean:52:78: Used `tac1 <;> tac2` where `(tac1; tac2)` would suffice

Note: This linter can be disabled with `set_option linter.unnecessarySeqFocus false`
warning: ConwaySoifer/Simplified/Geometry/Profile4Q0.lean:59:65: Used `tac1 <;> tac2` where `(tac1; tac2)` would suffice

Note: This linter can be disabled with `set_option linter.unnecessarySeqFocus false`
warning: ConwaySoifer/Simplified/Geometry/Profile4Q0.lean:69:25: Used `tac1 <;> tac2` where `(tac1; tac2)` would suffice

Note: This linter can be disabled with `set_option linter.unnecessarySeqFocus false`
warning: ConwaySoifer/Simplified/Geometry/Profile4Q0.lean:69:42: Used `tac1 <;> tac2` where `(tac1; tac2)` would suffice

Note: This linter can be disabled with `set_option linter.unnecessarySeqFocus false`
warning: ConwaySoifer/Simplified/Geometry/Profile4Q0.lean:77:27: Used `tac1 <;> tac2` where `(tac1; tac2)` would suffice

Note: This linter can be disabled with `set_option linter.unnecessarySeqFocus false`
warning: ConwaySoifer/Simplified/Geometry/Profile4Q0.lean:77:78: Used `tac1 <;> tac2` where `(tac1; tac2)` would suffice

Note: This linter can be disabled with `set_option linter.unnecessarySeqFocus false`
warning: ConwaySoifer/Simplified/Geometry/Profile4Q0.lean:84:65: Used `tac1 <;> tac2` where `(tac1; tac2)` would suffice

Note: This linter can be disabled with `set_option linter.unnecessarySeqFocus false`
warning: ConwaySoifer/Simplified/Geometry/Profile4Q0.lean:94:27: Used `tac1 <;> tac2` where `(tac1; tac2)` would suffice

Note: This linter can be disabled with `set_option linter.unnecessarySeqFocus false`
warning: ConwaySoifer/Simplified/Geometry/Profile4Q0.lean:94:78: Used `tac1 <;> tac2` where `(tac1; tac2)` would suffice

Note: This linter can be disabled with `set_option linter.unnecessarySeqFocus false`
warning: ConwaySoifer/Simplified/Geometry/Profile4Q0.lean:101:65: Used `tac1 <;> tac2` where `(tac1; tac2)` would suffice

Note: This linter can be disabled with `set_option linter.unnecessarySeqFocus false`
warning: ConwaySoifer/Simplified/Geometry/Profile4Q0.lean:111:25: Used `tac1 <;> tac2` where `(tac1; tac2)` would suffice

Note: This linter can be disabled with `set_option linter.unnecessarySeqFocus false`
warning: ConwaySoifer/Simplified/Geometry/Profile4Q0.lean:111:42: Used `tac1 <;> tac2` where `(tac1; tac2)` would suffice

Note: This linter can be disabled with `set_option linter.unnecessarySeqFocus false`
warning: ConwaySoifer/Simplified/Geometry/Profile4Q0.lean:119:27: Used `tac1 <;> tac2` where `(tac1; tac2)` would suffice

Note: This linter can be disabled with `set_option linter.unnecessarySeqFocus false`
warning: ConwaySoifer/Simplified/Geometry/Profile4Q0.lean:119:78: Used `tac1 <;> tac2` where `(tac1; tac2)` would suffice

Note: This linter can be disabled with `set_option linter.unnecessarySeqFocus false`
warning: ConwaySoifer/Simplified/Geometry/Profile4Q0.lean:126:65: Used `tac1 <;> tac2` where `(tac1; tac2)` would suffice

Note: This linter can be disabled with `set_option linter.unnecessarySeqFocus false`
warning: ConwaySoifer/Simplified/Geometry/Profile4Q0.lean:136:27: Used `tac1 <;> tac2` where `(tac1; tac2)` would suffice

Note: This linter can be disabled with `set_option linter.unnecessarySeqFocus false`
warning: ConwaySoifer/Simplified/Geometry/Profile4Q0.lean:136:78: Used `tac1 <;> tac2` where `(tac1; tac2)` would suffice

Note: This linter can be disabled with `set_option linter.unnecessarySeqFocus false`
warning: ConwaySoifer/Simplified/Geometry/Profile4Q0.lean:143:65: Used `tac1 <;> tac2` where `(tac1; tac2)` would suffice

Note: This linter can be disabled with `set_option linter.unnecessarySeqFocus false`
warning: ConwaySoifer/Simplified/Geometry/Profile4Q0.lean:162:27: Used `tac1 <;> tac2` where `(tac1; tac2)` would suffice

Note: This linter can be disabled with `set_option linter.unnecessarySeqFocus false`
warning: ConwaySoifer/Simplified/Geometry/Profile4Q0.lean:170:29: Used `tac1 <;> tac2` where `(tac1; tac2)` would suffice

Note: This linter can be disabled with `set_option linter.unnecessarySeqFocus false`
warning: ConwaySoifer/Simplified/Geometry/Profile4Q0.lean:170:80: Used `tac1 <;> tac2` where `(tac1; tac2)` would suffice

Note: This linter can be disabled with `set_option linter.unnecessarySeqFocus false`
warning: ConwaySoifer/Simplified/Geometry/Profile4Q0.lean:177:67: Used `tac1 <;> tac2` where `(tac1; tac2)` would suffice

Note: This linter can be disabled with `set_option linter.unnecessarySeqFocus false`
warning: ConwaySoifer/Simplified/Geometry/Profile4Q0.lean:187:29: Used `tac1 <;> tac2` where `(tac1; tac2)` would suffice

Note: This linter can be disabled with `set_option linter.unnecessarySeqFocus false`
warning: ConwaySoifer/Simplified/Geometry/Profile4Q0.lean:187:80: Used `tac1 <;> tac2` where `(tac1; tac2)` would suffice

Note: This linter can be disabled with `set_option linter.unnecessarySeqFocus false`
warning: ConwaySoifer/Simplified/Geometry/Profile4Q0.lean:194:67: Used `tac1 <;> tac2` where `(tac1; tac2)` would suffice

Note: This linter can be disabled with `set_option linter.unnecessarySeqFocus false`
warning: ConwaySoifer/Simplified/Geometry/Profile4Q0.lean:204:27: Used `tac1 <;> tac2` where `(tac1; tac2)` would suffice

Note: This linter can be disabled with `set_option linter.unnecessarySeqFocus false`
warning: ConwaySoifer/Simplified/Geometry/Profile4Q0.lean:204:44: Used `tac1 <;> tac2` where `(tac1; tac2)` would suffice

Note: This linter can be disabled with `set_option linter.unnecessarySeqFocus false`
warning: ConwaySoifer/Simplified/Geometry/Profile4Q0.lean:212:29: Used `tac1 <;> tac2` where `(tac1; tac2)` would suffice

Note: This linter can be disabled with `set_option linter.unnecessarySeqFocus false`
warning: ConwaySoifer/Simplified/Geometry/Profile4Q0.lean:212:80: Used `tac1 <;> tac2` where `(tac1; tac2)` would suffice

Note: This linter can be disabled with `set_option linter.unnecessarySeqFocus false`
warning: ConwaySoifer/Simplified/Geometry/Profile4Q0.lean:219:67: Used `tac1 <;> tac2` where `(tac1; tac2)` would suffice

Note: This linter can be disabled with `set_option linter.unnecessarySeqFocus false`
warning: ConwaySoifer/Simplified/Geometry/Profile4Q0.lean:229:29: Used `tac1 <;> tac2` where `(tac1; tac2)` would suffice

Note: This linter can be disabled with `set_option linter.unnecessarySeqFocus false`
warning: ConwaySoifer/Simplified/Geometry/Profile4Q0.lean:229:80: Used `tac1 <;> tac2` where `(tac1; tac2)` would suffice

Note: This linter can be disabled with `set_option linter.unnecessarySeqFocus false`
warning: ConwaySoifer/Simplified/Geometry/Profile4Q0.lean:236:67: Used `tac1 <;> tac2` where `(tac1; tac2)` would suffice

Note: This linter can be disabled with `set_option linter.unnecessarySeqFocus false`
warning: ConwaySoifer/Simplified/Geometry/Profile4Q0.lean:253:27: Used `tac1 <;> tac2` where `(tac1; tac2)` would suffice

Note: This linter can be disabled with `set_option linter.unnecessarySeqFocus false`
warning: ConwaySoifer/Simplified/Geometry/Profile4Q0.lean:261:29: Used `tac1 <;> tac2` where `(tac1; tac2)` would suffice

Note: This linter can be disabled with `set_option linter.unnecessarySeqFocus false`
warning: ConwaySoifer/Simplified/Geometry/Profile4Q0.lean:261:80: Used `tac1 <;> tac2` where `(tac1; tac2)` would suffice

Note: This linter can be disabled with `set_option linter.unnecessarySeqFocus false`
warning: ConwaySoifer/Simplified/Geometry/Profile4Q0.lean:268:67: Used `tac1 <;> tac2` where `(tac1; tac2)` would suffice

Note: This linter can be disabled with `set_option linter.unnecessarySeqFocus false`
warning: ConwaySoifer/Simplified/Geometry/Profile4Q0.lean:278:29: Used `tac1 <;> tac2` where `(tac1; tac2)` would suffice

Note: This linter can be disabled with `set_option linter.unnecessarySeqFocus false`
warning: ConwaySoifer/Simplified/Geometry/Profile4Q0.lean:278:80: Used `tac1 <;> tac2` where `(tac1; tac2)` would suffice

Note: This linter can be disabled with `set_option linter.unnecessarySeqFocus false`
warning: ConwaySoifer/Simplified/Geometry/Profile4Q0.lean:285:67: Used `tac1 <;> tac2` where `(tac1; tac2)` would suffice

Note: This linter can be disabled with `set_option linter.unnecessarySeqFocus false`
warning: ConwaySoifer/Simplified/Geometry/Profile4Q0.lean:295:27: Used `tac1 <;> tac2` where `(tac1; tac2)` would suffice

Note: This linter can be disabled with `set_option linter.unnecessarySeqFocus false`
warning: ConwaySoifer/Simplified/Geometry/Profile4Q0.lean:295:44: Used `tac1 <;> tac2` where `(tac1; tac2)` would suffice

Note: This linter can be disabled with `set_option linter.unnecessarySeqFocus false`
warning: ConwaySoifer/Simplified/Geometry/Profile4Q0.lean:303:29: Used `tac1 <;> tac2` where `(tac1; tac2)` would suffice

Note: This linter can be disabled with `set_option linter.unnecessarySeqFocus false`
warning: ConwaySoifer/Simplified/Geometry/Profile4Q0.lean:303:80: Used `tac1 <;> tac2` where `(tac1; tac2)` would suffice

Note: This linter can be disabled with `set_option linter.unnecessarySeqFocus false`
warning: ConwaySoifer/Simplified/Geometry/Profile4Q0.lean:310:67: Used `tac1 <;> tac2` where `(tac1; tac2)` would suffice

Note: This linter can be disabled with `set_option linter.unnecessarySeqFocus false`
warning: ConwaySoifer/Simplified/Geometry/Profile4Q0.lean:320:29: Used `tac1 <;> tac2` where `(tac1; tac2)` would suffice

Note: This linter can be disabled with `set_option linter.unnecessarySeqFocus false`
warning: ConwaySoifer/Simplified/Geometry/Profile4Q0.lean:320:80: Used `tac1 <;> tac2` where `(tac1; tac2)` would suffice

Note: This linter can be disabled with `set_option linter.unnecessarySeqFocus false`
warning: ConwaySoifer/Simplified/Geometry/Profile4Q0.lean:327:67: Used `tac1 <;> tac2` where `(tac1; tac2)` would suffice

Note: This linter can be disabled with `set_option linter.unnecessarySeqFocus false`
warning: ConwaySoifer/Simplified/Geometry/Profile4Q0.lean:27:46: 'ring' tactic does nothing

Note: This linter can be disabled with `set_option linter.unusedTactic false`
warning: ConwaySoifer/Simplified/Geometry/Profile4Q0.lean:162:48: 'ring' tactic does nothing

Note: This linter can be disabled with `set_option linter.unusedTactic false`
warning: ConwaySoifer/Simplified/Geometry/Profile4Q0.lean:253:48: 'ring' tactic does nothing

Note: This linter can be disabled with `set_option linter.unusedTactic false`
⚠ [3918/3956] Built ConwaySoifer.Certificates.IntervalCover (3.3s)
warning: ConwaySoifer/Certificates/IntervalCover.lean:29:13: `le_or_lt` has been deprecated: Use `le_or_gt` instead
⚠ [3919/3956] Built ConwaySoifer.Simplified.Geometry.Receiver (4.1s)
warning: ConwaySoifer/Simplified/Geometry/Receiver.lean:20:68: this tactic is never executed

Note: This linter can be disabled with `set_option linter.unreachableTactic false`
warning: ConwaySoifer/Simplified/Geometry/Receiver.lean:22:68: this tactic is never executed

Note: This linter can be disabled with `set_option linter.unreachableTactic false`
warning: ConwaySoifer/Simplified/Geometry/Receiver.lean:19:27: Used `tac1 <;> tac2` where `(tac1; tac2)` would suffice

Note: This linter can be disabled with `set_option linter.unnecessarySeqFocus false`
warning: ConwaySoifer/Simplified/Geometry/Receiver.lean:20:27: Used `tac1 <;> tac2` where `(tac1; tac2)` would suffice

Note: This linter can be disabled with `set_option linter.unnecessarySeqFocus false`
warning: ConwaySoifer/Simplified/Geometry/Receiver.lean:21:27: Used `tac1 <;> tac2` where `(tac1; tac2)` would suffice

Note: This linter can be disabled with `set_option linter.unnecessarySeqFocus false`
warning: ConwaySoifer/Simplified/Geometry/Receiver.lean:22:27: Used `tac1 <;> tac2` where `(tac1; tac2)` would suffice

Note: This linter can be disabled with `set_option linter.unnecessarySeqFocus false`
warning: ConwaySoifer/Simplified/Geometry/Receiver.lean:20:68: 'ring' tactic does nothing

Note: This linter can be disabled with `set_option linter.unusedTactic false`
warning: ConwaySoifer/Simplified/Geometry/Receiver.lean:22:68: 'ring' tactic does nothing

Note: This linter can be disabled with `set_option linter.unusedTactic false`
warning: ConwaySoifer/Simplified/Geometry/Receiver.lean:40:23: Used `tac1 <;> tac2` where `(tac1; tac2)` would suffice

Note: This linter can be disabled with `set_option linter.unnecessarySeqFocus false`
warning: ConwaySoifer/Simplified/Geometry/Receiver.lean:43:23: Used `tac1 <;> tac2` where `(tac1; tac2)` would suffice

Note: This linter can be disabled with `set_option linter.unnecessarySeqFocus false`
warning: ConwaySoifer/Simplified/Geometry/Receiver.lean:46:23: Used `tac1 <;> tac2` where `(tac1; tac2)` would suffice

Note: This linter can be disabled with `set_option linter.unnecessarySeqFocus false`
warning: ConwaySoifer/Simplified/Geometry/Receiver.lean:46:50: Used `tac1 <;> tac2` where `(tac1; tac2)` would suffice

Note: This linter can be disabled with `set_option linter.unnecessarySeqFocus false`
✔ [3920/3956] Built ConwaySoifer.Simplified.Geometry.FullOwn (6.4s)
⚠ [3921/3956] Built ConwaySoifer.Simplified.Geometry.HexSymmetry (6.7s)
warning: ConwaySoifer/Simplified/Geometry/HexSymmetry.lean:39:35: Used `tac1 <;> tac2` where `(tac1; tac2)` would suffice

Note: This linter can be disabled with `set_option linter.unnecessarySeqFocus false`
warning: ConwaySoifer/Simplified/Geometry/HexSymmetry.lean:51:92: this tactic is never executed

Note: This linter can be disabled with `set_option linter.unreachableTactic false`
warning: ConwaySoifer/Simplified/Geometry/HexSymmetry.lean:51:92: 'ring' tactic does nothing

Note: This linter can be disabled with `set_option linter.unusedTactic false`
warning: ConwaySoifer/Simplified/Geometry/HexSymmetry.lean:72:85: this tactic is never executed

Note: This linter can be disabled with `set_option linter.unreachableTactic false`
warning: ConwaySoifer/Simplified/Geometry/HexSymmetry.lean:72:85: 'ring' tactic does nothing

Note: This linter can be disabled with `set_option linter.unusedTactic false`
✔ [3922/3956] Built ConwaySoifer.Simplified.Certificates.AllChecked (8.9s)
⚠ [3923/3956] Built ConwaySoifer.Simplified.Geometry.Profile5Q0 (31s)
warning: ConwaySoifer/Simplified/Geometry/Profile5Q0.lean:29:48: this tactic is never executed

Note: This linter can be disabled with `set_option linter.unreachableTactic false`
warning: ConwaySoifer/Simplified/Geometry/Profile5Q0.lean:164:50: this tactic is never executed

Note: This linter can be disabled with `set_option linter.unreachableTactic false`
warning: ConwaySoifer/Simplified/Geometry/Profile5Q0.lean:297:50: this tactic is never executed

Note: This linter can be disabled with `set_option linter.unreachableTactic false`
warning: ConwaySoifer/Simplified/Geometry/Profile5Q0.lean:388:46: this tactic is never executed

Note: This linter can be disabled with `set_option linter.unreachableTactic false`
warning: ConwaySoifer/Simplified/Geometry/Profile5Q0.lean:29:27: Used `tac1 <;> tac2` where `(tac1; tac2)` would suffice

Note: This linter can be disabled with `set_option linter.unnecessarySeqFocus false`
warning: ConwaySoifer/Simplified/Geometry/Profile5Q0.lean:37:29: Used `tac1 <;> tac2` where `(tac1; tac2)` would suffice

Note: This linter can be disabled with `set_option linter.unnecessarySeqFocus false`
warning: ConwaySoifer/Simplified/Geometry/Profile5Q0.lean:37:80: Used `tac1 <;> tac2` where `(tac1; tac2)` would suffice

Note: This linter can be disabled with `set_option linter.unnecessarySeqFocus false`
warning: ConwaySoifer/Simplified/Geometry/Profile5Q0.lean:44:67: Used `tac1 <;> tac2` where `(tac1; tac2)` would suffice

Note: This linter can be disabled with `set_option linter.unnecessarySeqFocus false`
warning: ConwaySoifer/Simplified/Geometry/Profile5Q0.lean:54:29: Used `tac1 <;> tac2` where `(tac1; tac2)` would suffice

Note: This linter can be disabled with `set_option linter.unnecessarySeqFocus false`
warning: ConwaySoifer/Simplified/Geometry/Profile5Q0.lean:54:80: Used `tac1 <;> tac2` where `(tac1; tac2)` would suffice

Note: This linter can be disabled with `set_option linter.unnecessarySeqFocus false`
warning: ConwaySoifer/Simplified/Geometry/Profile5Q0.lean:61:67: Used `tac1 <;> tac2` where `(tac1; tac2)` would suffice

Note: This linter can be disabled with `set_option linter.unnecessarySeqFocus false`
warning: ConwaySoifer/Simplified/Geometry/Profile5Q0.lean:71:27: Used `tac1 <;> tac2` where `(tac1; tac2)` would suffice

Note: This linter can be disabled with `set_option linter.unnecessarySeqFocus false`
warning: ConwaySoifer/Simplified/Geometry/Profile5Q0.lean:71:44: Used `tac1 <;> tac2` where `(tac1; tac2)` would suffice

Note: This linter can be disabled with `set_option linter.unnecessarySeqFocus false`
warning: ConwaySoifer/Simplified/Geometry/Profile5Q0.lean:79:29: Used `tac1 <;> tac2` where `(tac1; tac2)` would suffice

Note: This linter can be disabled with `set_option linter.unnecessarySeqFocus false`
warning: ConwaySoifer/Simplified/Geometry/Profile5Q0.lean:79:80: Used `tac1 <;> tac2` where `(tac1; tac2)` would suffice

Note: This linter can be disabled with `set_option linter.unnecessarySeqFocus false`
warning: ConwaySoifer/Simplified/Geometry/Profile5Q0.lean:86:67: Used `tac1 <;> tac2` where `(tac1; tac2)` would suffice

Note: This linter can be disabled with `set_option linter.unnecessarySeqFocus false`
warning: ConwaySoifer/Simplified/Geometry/Profile5Q0.lean:96:29: Used `tac1 <;> tac2` where `(tac1; tac2)` would suffice

Note: This linter can be disabled with `set_option linter.unnecessarySeqFocus false`
warning: ConwaySoifer/Simplified/Geometry/Profile5Q0.lean:96:80: Used `tac1 <;> tac2` where `(tac1; tac2)` would suffice

Note: This linter can be disabled with `set_option linter.unnecessarySeqFocus false`
warning: ConwaySoifer/Simplified/Geometry/Profile5Q0.lean:103:67: Used `tac1 <;> tac2` where `(tac1; tac2)` would suffice

Note: This linter can be disabled with `set_option linter.unnecessarySeqFocus false`
warning: ConwaySoifer/Simplified/Geometry/Profile5Q0.lean:113:27: Used `tac1 <;> tac2` where `(tac1; tac2)` would suffice

Note: This linter can be disabled with `set_option linter.unnecessarySeqFocus false`
warning: ConwaySoifer/Simplified/Geometry/Profile5Q0.lean:113:44: Used `tac1 <;> tac2` where `(tac1; tac2)` would suffice

Note: This linter can be disabled with `set_option linter.unnecessarySeqFocus false`
warning: ConwaySoifer/Simplified/Geometry/Profile5Q0.lean:121:29: Used `tac1 <;> tac2` where `(tac1; tac2)` would suffice

Note: This linter can be disabled with `set_option linter.unnecessarySeqFocus false`
warning: ConwaySoifer/Simplified/Geometry/Profile5Q0.lean:121:80: Used `tac1 <;> tac2` where `(tac1; tac2)` would suffice

Note: This linter can be disabled with `set_option linter.unnecessarySeqFocus false`
warning: ConwaySoifer/Simplified/Geometry/Profile5Q0.lean:128:67: Used `tac1 <;> tac2` where `(tac1; tac2)` would suffice

Note: This linter can be disabled with `set_option linter.unnecessarySeqFocus false`
warning: ConwaySoifer/Simplified/Geometry/Profile5Q0.lean:138:29: Used `tac1 <;> tac2` where `(tac1; tac2)` would suffice

Note: This linter can be disabled with `set_option linter.unnecessarySeqFocus false`
warning: ConwaySoifer/Simplified/Geometry/Profile5Q0.lean:138:80: Used `tac1 <;> tac2` where `(tac1; tac2)` would suffice

Note: This linter can be disabled with `set_option linter.unnecessarySeqFocus false`
warning: ConwaySoifer/Simplified/Geometry/Profile5Q0.lean:145:67: Used `tac1 <;> tac2` where `(tac1; tac2)` would suffice

Note: This linter can be disabled with `set_option linter.unnecessarySeqFocus false`
warning: ConwaySoifer/Simplified/Geometry/Profile5Q0.lean:164:29: Used `tac1 <;> tac2` where `(tac1; tac2)` would suffice

Note: This linter can be disabled with `set_option linter.unnecessarySeqFocus false`
warning: ConwaySoifer/Simplified/Geometry/Profile5Q0.lean:172:31: Used `tac1 <;> tac2` where `(tac1; tac2)` would suffice

Note: This linter can be disabled with `set_option linter.unnecessarySeqFocus false`
warning: ConwaySoifer/Simplified/Geometry/Profile5Q0.lean:172:82: Used `tac1 <;> tac2` where `(tac1; tac2)` would suffice

Note: This linter can be disabled with `set_option linter.unnecessarySeqFocus false`
warning: ConwaySoifer/Simplified/Geometry/Profile5Q0.lean:179:69: Used `tac1 <;> tac2` where `(tac1; tac2)` would suffice

Note: This linter can be disabled with `set_option linter.unnecessarySeqFocus false`
warning: ConwaySoifer/Simplified/Geometry/Profile5Q0.lean:189:31: Used `tac1 <;> tac2` where `(tac1; tac2)` would suffice

Note: This linter can be disabled with `set_option linter.unnecessarySeqFocus false`
warning: ConwaySoifer/Simplified/Geometry/Profile5Q0.lean:189:82: Used `tac1 <;> tac2` where `(tac1; tac2)` would suffice

Note: This linter can be disabled with `set_option linter.unnecessarySeqFocus false`
warning: ConwaySoifer/Simplified/Geometry/Profile5Q0.lean:196:69: Used `tac1 <;> tac2` where `(tac1; tac2)` would suffice

Note: This linter can be disabled with `set_option linter.unnecessarySeqFocus false`
warning: ConwaySoifer/Simplified/Geometry/Profile5Q0.lean:206:29: Used `tac1 <;> tac2` where `(tac1; tac2)` would suffice

Note: This linter can be disabled with `set_option linter.unnecessarySeqFocus false`
warning: ConwaySoifer/Simplified/Geometry/Profile5Q0.lean:206:46: Used `tac1 <;> tac2` where `(tac1; tac2)` would suffice

Note: This linter can be disabled with `set_option linter.unnecessarySeqFocus false`
warning: ConwaySoifer/Simplified/Geometry/Profile5Q0.lean:214:31: Used `tac1 <;> tac2` where `(tac1; tac2)` would suffice

Note: This linter can be disabled with `set_option linter.unnecessarySeqFocus false`
warning: ConwaySoifer/Simplified/Geometry/Profile5Q0.lean:214:82: Used `tac1 <;> tac2` where `(tac1; tac2)` would suffice

Note: This linter can be disabled with `set_option linter.unnecessarySeqFocus false`
warning: ConwaySoifer/Simplified/Geometry/Profile5Q0.lean:221:69: Used `tac1 <;> tac2` where `(tac1; tac2)` would suffice

Note: This linter can be disabled with `set_option linter.unnecessarySeqFocus false`
warning: ConwaySoifer/Simplified/Geometry/Profile5Q0.lean:231:31: Used `tac1 <;> tac2` where `(tac1; tac2)` would suffice

Note: This linter can be disabled with `set_option linter.unnecessarySeqFocus false`
warning: ConwaySoifer/Simplified/Geometry/Profile5Q0.lean:231:82: Used `tac1 <;> tac2` where `(tac1; tac2)` would suffice

Note: This linter can be disabled with `set_option linter.unnecessarySeqFocus false`
warning: ConwaySoifer/Simplified/Geometry/Profile5Q0.lean:238:69: Used `tac1 <;> tac2` where `(tac1; tac2)` would suffice

Note: This linter can be disabled with `set_option linter.unnecessarySeqFocus false`
warning: ConwaySoifer/Simplified/Geometry/Profile5Q0.lean:248:29: Used `tac1 <;> tac2` where `(tac1; tac2)` would suffice

Note: This linter can be disabled with `set_option linter.unnecessarySeqFocus false`
warning: ConwaySoifer/Simplified/Geometry/Profile5Q0.lean:248:46: Used `tac1 <;> tac2` where `(tac1; tac2)` would suffice

Note: This linter can be disabled with `set_option linter.unnecessarySeqFocus false`
warning: ConwaySoifer/Simplified/Geometry/Profile5Q0.lean:256:31: Used `tac1 <;> tac2` where `(tac1; tac2)` would suffice

Note: This linter can be disabled with `set_option linter.unnecessarySeqFocus false`
warning: ConwaySoifer/Simplified/Geometry/Profile5Q0.lean:256:82: Used `tac1 <;> tac2` where `(tac1; tac2)` would suffice

Note: This linter can be disabled with `set_option linter.unnecessarySeqFocus false`
warning: ConwaySoifer/Simplified/Geometry/Profile5Q0.lean:263:69: Used `tac1 <;> tac2` where `(tac1; tac2)` would suffice

Note: This linter can be disabled with `set_option linter.unnecessarySeqFocus false`
warning: ConwaySoifer/Simplified/Geometry/Profile5Q0.lean:273:31: Used `tac1 <;> tac2` where `(tac1; tac2)` would suffice

Note: This linter can be disabled with `set_option linter.unnecessarySeqFocus false`
warning: ConwaySoifer/Simplified/Geometry/Profile5Q0.lean:273:82: Used `tac1 <;> tac2` where `(tac1; tac2)` would suffice

Note: This linter can be disabled with `set_option linter.unnecessarySeqFocus false`
warning: ConwaySoifer/Simplified/Geometry/Profile5Q0.lean:280:69: Used `tac1 <;> tac2` where `(tac1; tac2)` would suffice

Note: This linter can be disabled with `set_option linter.unnecessarySeqFocus false`
warning: ConwaySoifer/Simplified/Geometry/Profile5Q0.lean:297:29: Used `tac1 <;> tac2` where `(tac1; tac2)` would suffice

Note: This linter can be disabled with `set_option linter.unnecessarySeqFocus false`
warning: ConwaySoifer/Simplified/Geometry/Profile5Q0.lean:305:31: Used `tac1 <;> tac2` where `(tac1; tac2)` would suffice

Note: This linter can be disabled with `set_option linter.unnecessarySeqFocus false`
warning: ConwaySoifer/Simplified/Geometry/Profile5Q0.lean:305:82: Used `tac1 <;> tac2` where `(tac1; tac2)` would suffice

Note: This linter can be disabled with `set_option linter.unnecessarySeqFocus false`
warning: ConwaySoifer/Simplified/Geometry/Profile5Q0.lean:312:69: Used `tac1 <;> tac2` where `(tac1; tac2)` would suffice

Note: This linter can be disabled with `set_option linter.unnecessarySeqFocus false`
warning: ConwaySoifer/Simplified/Geometry/Profile5Q0.lean:322:31: Used `tac1 <;> tac2` where `(tac1; tac2)` would suffice

Note: This linter can be disabled with `set_option linter.unnecessarySeqFocus false`
warning: ConwaySoifer/Simplified/Geometry/Profile5Q0.lean:322:82: Used `tac1 <;> tac2` where `(tac1; tac2)` would suffice

Note: This linter can be disabled with `set_option linter.unnecessarySeqFocus false`
warning: ConwaySoifer/Simplified/Geometry/Profile5Q0.lean:329:69: Used `tac1 <;> tac2` where `(tac1; tac2)` would suffice

Note: This linter can be disabled with `set_option linter.unnecessarySeqFocus false`
warning: ConwaySoifer/Simplified/Geometry/Profile5Q0.lean:339:29: Used `tac1 <;> tac2` where `(tac1; tac2)` would suffice

Note: This linter can be disabled with `set_option linter.unnecessarySeqFocus false`
warning: ConwaySoifer/Simplified/Geometry/Profile5Q0.lean:339:46: Used `tac1 <;> tac2` where `(tac1; tac2)` would suffice

Note: This linter can be disabled with `set_option linter.unnecessarySeqFocus false`
warning: ConwaySoifer/Simplified/Geometry/Profile5Q0.lean:347:31: Used `tac1 <;> tac2` where `(tac1; tac2)` would suffice

Note: This linter can be disabled with `set_option linter.unnecessarySeqFocus false`
warning: ConwaySoifer/Simplified/Geometry/Profile5Q0.lean:347:82: Used `tac1 <;> tac2` where `(tac1; tac2)` would suffice

Note: This linter can be disabled with `set_option linter.unnecessarySeqFocus false`
warning: ConwaySoifer/Simplified/Geometry/Profile5Q0.lean:354:69: Used `tac1 <;> tac2` where `(tac1; tac2)` would suffice

Note: This linter can be disabled with `set_option linter.unnecessarySeqFocus false`
warning: ConwaySoifer/Simplified/Geometry/Profile5Q0.lean:364:31: Used `tac1 <;> tac2` where `(tac1; tac2)` would suffice

Note: This linter can be disabled with `set_option linter.unnecessarySeqFocus false`
warning: ConwaySoifer/Simplified/Geometry/Profile5Q0.lean:364:82: Used `tac1 <;> tac2` where `(tac1; tac2)` would suffice

Note: This linter can be disabled with `set_option linter.unnecessarySeqFocus false`
warning: ConwaySoifer/Simplified/Geometry/Profile5Q0.lean:371:69: Used `tac1 <;> tac2` where `(tac1; tac2)` would suffice

Note: This linter can be disabled with `set_option linter.unnecessarySeqFocus false`
warning: ConwaySoifer/Simplified/Geometry/Profile5Q0.lean:388:25: Used `tac1 <;> tac2` where `(tac1; tac2)` would suffice

Note: This linter can be disabled with `set_option linter.unnecessarySeqFocus false`
warning: ConwaySoifer/Simplified/Geometry/Profile5Q0.lean:396:27: Used `tac1 <;> tac2` where `(tac1; tac2)` would suffice

Note: This linter can be disabled with `set_option linter.unnecessarySeqFocus false`
warning: ConwaySoifer/Simplified/Geometry/Profile5Q0.lean:396:78: Used `tac1 <;> tac2` where `(tac1; tac2)` would suffice

Note: This linter can be disabled with `set_option linter.unnecessarySeqFocus false`
warning: ConwaySoifer/Simplified/Geometry/Profile5Q0.lean:403:65: Used `tac1 <;> tac2` where `(tac1; tac2)` would suffice

Note: This linter can be disabled with `set_option linter.unnecessarySeqFocus false`
warning: ConwaySoifer/Simplified/Geometry/Profile5Q0.lean:413:27: Used `tac1 <;> tac2` where `(tac1; tac2)` would suffice

Note: This linter can be disabled with `set_option linter.unnecessarySeqFocus false`
warning: ConwaySoifer/Simplified/Geometry/Profile5Q0.lean:413:78: Used `tac1 <;> tac2` where `(tac1; tac2)` would suffice

Note: This linter can be disabled with `set_option linter.unnecessarySeqFocus false`
warning: ConwaySoifer/Simplified/Geometry/Profile5Q0.lean:420:65: Used `tac1 <;> tac2` where `(tac1; tac2)` would suffice

Note: This linter can be disabled with `set_option linter.unnecessarySeqFocus false`
warning: ConwaySoifer/Simplified/Geometry/Profile5Q0.lean:430:25: Used `tac1 <;> tac2` where `(tac1; tac2)` would suffice

Note: This linter can be disabled with `set_option linter.unnecessarySeqFocus false`
warning: ConwaySoifer/Simplified/Geometry/Profile5Q0.lean:430:42: Used `tac1 <;> tac2` where `(tac1; tac2)` would suffice

Note: This linter can be disabled with `set_option linter.unnecessarySeqFocus false`
warning: ConwaySoifer/Simplified/Geometry/Profile5Q0.lean:438:27: Used `tac1 <;> tac2` where `(tac1; tac2)` would suffice

Note: This linter can be disabled with `set_option linter.unnecessarySeqFocus false`
warning: ConwaySoifer/Simplified/Geometry/Profile5Q0.lean:438:78: Used `tac1 <;> tac2` where `(tac1; tac2)` would suffice

Note: This linter can be disabled with `set_option linter.unnecessarySeqFocus false`
warning: ConwaySoifer/Simplified/Geometry/Profile5Q0.lean:445:65: Used `tac1 <;> tac2` where `(tac1; tac2)` would suffice

Note: This linter can be disabled with `set_option linter.unnecessarySeqFocus false`
warning: ConwaySoifer/Simplified/Geometry/Profile5Q0.lean:455:27: Used `tac1 <;> tac2` where `(tac1; tac2)` would suffice

Note: This linter can be disabled with `set_option linter.unnecessarySeqFocus false`
warning: ConwaySoifer/Simplified/Geometry/Profile5Q0.lean:455:78: Used `tac1 <;> tac2` where `(tac1; tac2)` would suffice

Note: This linter can be disabled with `set_option linter.unnecessarySeqFocus false`
warning: ConwaySoifer/Simplified/Geometry/Profile5Q0.lean:462:65: Used `tac1 <;> tac2` where `(tac1; tac2)` would suffice

Note: This linter can be disabled with `set_option linter.unnecessarySeqFocus false`
warning: ConwaySoifer/Simplified/Geometry/Profile5Q0.lean:29:48: 'ring' tactic does nothing

Note: This linter can be disabled with `set_option linter.unusedTactic false`
warning: ConwaySoifer/Simplified/Geometry/Profile5Q0.lean:164:50: 'ring' tactic does nothing

Note: This linter can be disabled with `set_option linter.unusedTactic false`
warning: ConwaySoifer/Simplified/Geometry/Profile5Q0.lean:297:50: 'ring' tactic does nothing

Note: This linter can be disabled with `set_option linter.unusedTactic false`
warning: ConwaySoifer/Simplified/Geometry/Profile5Q0.lean:388:46: 'ring' tactic does nothing

Note: This linter can be disabled with `set_option linter.unusedTactic false`
⚠ [3924/3956] Built ConwaySoifer.Simplified.Geometry.Profile6Q0 (33s)
warning: ConwaySoifer/Simplified/Geometry/Profile6Q0.lean:29:48: this tactic is never executed

Note: This linter can be disabled with `set_option linter.unreachableTactic false`
warning: ConwaySoifer/Simplified/Geometry/Profile6Q0.lean:164:50: this tactic is never executed

Note: This linter can be disabled with `set_option linter.unreachableTactic false`
warning: ConwaySoifer/Simplified/Geometry/Profile6Q0.lean:297:50: this tactic is never executed

Note: This linter can be disabled with `set_option linter.unreachableTactic false`
warning: ConwaySoifer/Simplified/Geometry/Profile6Q0.lean:388:46: this tactic is never executed

Note: This linter can be disabled with `set_option linter.unreachableTactic false`
warning: ConwaySoifer/Simplified/Geometry/Profile6Q0.lean:29:27: Used `tac1 <;> tac2` where `(tac1; tac2)` would suffice

Note: This linter can be disabled with `set_option linter.unnecessarySeqFocus false`
warning: ConwaySoifer/Simplified/Geometry/Profile6Q0.lean:37:29: Used `tac1 <;> tac2` where `(tac1; tac2)` would suffice

Note: This linter can be disabled with `set_option linter.unnecessarySeqFocus false`
warning: ConwaySoifer/Simplified/Geometry/Profile6Q0.lean:37:80: Used `tac1 <;> tac2` where `(tac1; tac2)` would suffice

Note: This linter can be disabled with `set_option linter.unnecessarySeqFocus false`
warning: ConwaySoifer/Simplified/Geometry/Profile6Q0.lean:44:67: Used `tac1 <;> tac2` where `(tac1; tac2)` would suffice

Note: This linter can be disabled with `set_option linter.unnecessarySeqFocus false`
warning: ConwaySoifer/Simplified/Geometry/Profile6Q0.lean:54:29: Used `tac1 <;> tac2` where `(tac1; tac2)` would suffice

Note: This linter can be disabled with `set_option linter.unnecessarySeqFocus false`
warning: ConwaySoifer/Simplified/Geometry/Profile6Q0.lean:54:80: Used `tac1 <;> tac2` where `(tac1; tac2)` would suffice

Note: This linter can be disabled with `set_option linter.unnecessarySeqFocus false`
warning: ConwaySoifer/Simplified/Geometry/Profile6Q0.lean:61:67: Used `tac1 <;> tac2` where `(tac1; tac2)` would suffice

Note: This linter can be disabled with `set_option linter.unnecessarySeqFocus false`
warning: ConwaySoifer/Simplified/Geometry/Profile6Q0.lean:71:27: Used `tac1 <;> tac2` where `(tac1; tac2)` would suffice

Note: This linter can be disabled with `set_option linter.unnecessarySeqFocus false`
warning: ConwaySoifer/Simplified/Geometry/Profile6Q0.lean:71:44: Used `tac1 <;> tac2` where `(tac1; tac2)` would suffice

Note: This linter can be disabled with `set_option linter.unnecessarySeqFocus false`
warning: ConwaySoifer/Simplified/Geometry/Profile6Q0.lean:79:29: Used `tac1 <;> tac2` where `(tac1; tac2)` would suffice

Note: This linter can be disabled with `set_option linter.unnecessarySeqFocus false`
warning: ConwaySoifer/Simplified/Geometry/Profile6Q0.lean:79:80: Used `tac1 <;> tac2` where `(tac1; tac2)` would suffice

Note: This linter can be disabled with `set_option linter.unnecessarySeqFocus false`
warning: ConwaySoifer/Simplified/Geometry/Profile6Q0.lean:86:67: Used `tac1 <;> tac2` where `(tac1; tac2)` would suffice

Note: This linter can be disabled with `set_option linter.unnecessarySeqFocus false`
warning: ConwaySoifer/Simplified/Geometry/Profile6Q0.lean:96:29: Used `tac1 <;> tac2` where `(tac1; tac2)` would suffice

Note: This linter can be disabled with `set_option linter.unnecessarySeqFocus false`
warning: ConwaySoifer/Simplified/Geometry/Profile6Q0.lean:96:80: Used `tac1 <;> tac2` where `(tac1; tac2)` would suffice

Note: This linter can be disabled with `set_option linter.unnecessarySeqFocus false`
warning: ConwaySoifer/Simplified/Geometry/Profile6Q0.lean:103:67: Used `tac1 <;> tac2` where `(tac1; tac2)` would suffice

Note: This linter can be disabled with `set_option linter.unnecessarySeqFocus false`
warning: ConwaySoifer/Simplified/Geometry/Profile6Q0.lean:113:27: Used `tac1 <;> tac2` where `(tac1; tac2)` would suffice

Note: This linter can be disabled with `set_option linter.unnecessarySeqFocus false`
warning: ConwaySoifer/Simplified/Geometry/Profile6Q0.lean:113:44: Used `tac1 <;> tac2` where `(tac1; tac2)` would suffice

Note: This linter can be disabled with `set_option linter.unnecessarySeqFocus false`
warning: ConwaySoifer/Simplified/Geometry/Profile6Q0.lean:121:29: Used `tac1 <;> tac2` where `(tac1; tac2)` would suffice

Note: This linter can be disabled with `set_option linter.unnecessarySeqFocus false`
warning: ConwaySoifer/Simplified/Geometry/Profile6Q0.lean:121:80: Used `tac1 <;> tac2` where `(tac1; tac2)` would suffice

Note: This linter can be disabled with `set_option linter.unnecessarySeqFocus false`
warning: ConwaySoifer/Simplified/Geometry/Profile6Q0.lean:128:67: Used `tac1 <;> tac2` where `(tac1; tac2)` would suffice

Note: This linter can be disabled with `set_option linter.unnecessarySeqFocus false`
warning: ConwaySoifer/Simplified/Geometry/Profile6Q0.lean:138:29: Used `tac1 <;> tac2` where `(tac1; tac2)` would suffice

Note: This linter can be disabled with `set_option linter.unnecessarySeqFocus false`
warning: ConwaySoifer/Simplified/Geometry/Profile6Q0.lean:138:80: Used `tac1 <;> tac2` where `(tac1; tac2)` would suffice

Note: This linter can be disabled with `set_option linter.unnecessarySeqFocus false`
warning: ConwaySoifer/Simplified/Geometry/Profile6Q0.lean:145:67: Used `tac1 <;> tac2` where `(tac1; tac2)` would suffice

Note: This linter can be disabled with `set_option linter.unnecessarySeqFocus false`
warning: ConwaySoifer/Simplified/Geometry/Profile6Q0.lean:164:29: Used `tac1 <;> tac2` where `(tac1; tac2)` would suffice

Note: This linter can be disabled with `set_option linter.unnecessarySeqFocus false`
warning: ConwaySoifer/Simplified/Geometry/Profile6Q0.lean:172:31: Used `tac1 <;> tac2` where `(tac1; tac2)` would suffice

Note: This linter can be disabled with `set_option linter.unnecessarySeqFocus false`
warning: ConwaySoifer/Simplified/Geometry/Profile6Q0.lean:172:82: Used `tac1 <;> tac2` where `(tac1; tac2)` would suffice

Note: This linter can be disabled with `set_option linter.unnecessarySeqFocus false`
warning: ConwaySoifer/Simplified/Geometry/Profile6Q0.lean:179:69: Used `tac1 <;> tac2` where `(tac1; tac2)` would suffice

Note: This linter can be disabled with `set_option linter.unnecessarySeqFocus false`
warning: ConwaySoifer/Simplified/Geometry/Profile6Q0.lean:189:31: Used `tac1 <;> tac2` where `(tac1; tac2)` would suffice

Note: This linter can be disabled with `set_option linter.unnecessarySeqFocus false`
warning: ConwaySoifer/Simplified/Geometry/Profile6Q0.lean:189:82: Used `tac1 <;> tac2` where `(tac1; tac2)` would suffice

Note: This linter can be disabled with `set_option linter.unnecessarySeqFocus false`
warning: ConwaySoifer/Simplified/Geometry/Profile6Q0.lean:196:69: Used `tac1 <;> tac2` where `(tac1; tac2)` would suffice

Note: This linter can be disabled with `set_option linter.unnecessarySeqFocus false`
warning: ConwaySoifer/Simplified/Geometry/Profile6Q0.lean:206:29: Used `tac1 <;> tac2` where `(tac1; tac2)` would suffice

Note: This linter can be disabled with `set_option linter.unnecessarySeqFocus false`
warning: ConwaySoifer/Simplified/Geometry/Profile6Q0.lean:206:46: Used `tac1 <;> tac2` where `(tac1; tac2)` would suffice

Note: This linter can be disabled with `set_option linter.unnecessarySeqFocus false`
warning: ConwaySoifer/Simplified/Geometry/Profile6Q0.lean:214:31: Used `tac1 <;> tac2` where `(tac1; tac2)` would suffice

Note: This linter can be disabled with `set_option linter.unnecessarySeqFocus false`
warning: ConwaySoifer/Simplified/Geometry/Profile6Q0.lean:214:82: Used `tac1 <;> tac2` where `(tac1; tac2)` would suffice

Note: This linter can be disabled with `set_option linter.unnecessarySeqFocus false`
warning: ConwaySoifer/Simplified/Geometry/Profile6Q0.lean:221:69: Used `tac1 <;> tac2` where `(tac1; tac2)` would suffice

Note: This linter can be disabled with `set_option linter.unnecessarySeqFocus false`
warning: ConwaySoifer/Simplified/Geometry/Profile6Q0.lean:231:31: Used `tac1 <;> tac2` where `(tac1; tac2)` would suffice

Note: This linter can be disabled with `set_option linter.unnecessarySeqFocus false`
warning: ConwaySoifer/Simplified/Geometry/Profile6Q0.lean:231:82: Used `tac1 <;> tac2` where `(tac1; tac2)` would suffice

Note: This linter can be disabled with `set_option linter.unnecessarySeqFocus false`
warning: ConwaySoifer/Simplified/Geometry/Profile6Q0.lean:238:69: Used `tac1 <;> tac2` where `(tac1; tac2)` would suffice

Note: This linter can be disabled with `set_option linter.unnecessarySeqFocus false`
warning: ConwaySoifer/Simplified/Geometry/Profile6Q0.lean:248:29: Used `tac1 <;> tac2` where `(tac1; tac2)` would suffice

Note: This linter can be disabled with `set_option linter.unnecessarySeqFocus false`
warning: ConwaySoifer/Simplified/Geometry/Profile6Q0.lean:248:46: Used `tac1 <;> tac2` where `(tac1; tac2)` would suffice

Note: This linter can be disabled with `set_option linter.unnecessarySeqFocus false`
warning: ConwaySoifer/Simplified/Geometry/Profile6Q0.lean:256:31: Used `tac1 <;> tac2` where `(tac1; tac2)` would suffice

Note: This linter can be disabled with `set_option linter.unnecessarySeqFocus false`
warning: ConwaySoifer/Simplified/Geometry/Profile6Q0.lean:256:82: Used `tac1 <;> tac2` where `(tac1; tac2)` would suffice

Note: This linter can be disabled with `set_option linter.unnecessarySeqFocus false`
warning: ConwaySoifer/Simplified/Geometry/Profile6Q0.lean:263:69: Used `tac1 <;> tac2` where `(tac1; tac2)` would suffice

Note: This linter can be disabled with `set_option linter.unnecessarySeqFocus false`
warning: ConwaySoifer/Simplified/Geometry/Profile6Q0.lean:273:31: Used `tac1 <;> tac2` where `(tac1; tac2)` would suffice

Note: This linter can be disabled with `set_option linter.unnecessarySeqFocus false`
warning: ConwaySoifer/Simplified/Geometry/Profile6Q0.lean:273:82: Used `tac1 <;> tac2` where `(tac1; tac2)` would suffice

Note: This linter can be disabled with `set_option linter.unnecessarySeqFocus false`
warning: ConwaySoifer/Simplified/Geometry/Profile6Q0.lean:280:69: Used `tac1 <;> tac2` where `(tac1; tac2)` would suffice

Note: This linter can be disabled with `set_option linter.unnecessarySeqFocus false`
warning: ConwaySoifer/Simplified/Geometry/Profile6Q0.lean:297:29: Used `tac1 <;> tac2` where `(tac1; tac2)` would suffice

Note: This linter can be disabled with `set_option linter.unnecessarySeqFocus false`
warning: ConwaySoifer/Simplified/Geometry/Profile6Q0.lean:305:31: Used `tac1 <;> tac2` where `(tac1; tac2)` would suffice

Note: This linter can be disabled with `set_option linter.unnecessarySeqFocus false`
warning: ConwaySoifer/Simplified/Geometry/Profile6Q0.lean:305:82: Used `tac1 <;> tac2` where `(tac1; tac2)` would suffice

Note: This linter can be disabled with `set_option linter.unnecessarySeqFocus false`
warning: ConwaySoifer/Simplified/Geometry/Profile6Q0.lean:312:69: Used `tac1 <;> tac2` where `(tac1; tac2)` would suffice

Note: This linter can be disabled with `set_option linter.unnecessarySeqFocus false`
warning: ConwaySoifer/Simplified/Geometry/Profile6Q0.lean:322:31: Used `tac1 <;> tac2` where `(tac1; tac2)` would suffice

Note: This linter can be disabled with `set_option linter.unnecessarySeqFocus false`
warning: ConwaySoifer/Simplified/Geometry/Profile6Q0.lean:322:82: Used `tac1 <;> tac2` where `(tac1; tac2)` would suffice

Note: This linter can be disabled with `set_option linter.unnecessarySeqFocus false`
warning: ConwaySoifer/Simplified/Geometry/Profile6Q0.lean:329:69: Used `tac1 <;> tac2` where `(tac1; tac2)` would suffice

Note: This linter can be disabled with `set_option linter.unnecessarySeqFocus false`
warning: ConwaySoifer/Simplified/Geometry/Profile6Q0.lean:339:29: Used `tac1 <;> tac2` where `(tac1; tac2)` would suffice

Note: This linter can be disabled with `set_option linter.unnecessarySeqFocus false`
warning: ConwaySoifer/Simplified/Geometry/Profile6Q0.lean:339:46: Used `tac1 <;> tac2` where `(tac1; tac2)` would suffice

Note: This linter can be disabled with `set_option linter.unnecessarySeqFocus false`
warning: ConwaySoifer/Simplified/Geometry/Profile6Q0.lean:347:31: Used `tac1 <;> tac2` where `(tac1; tac2)` would suffice

Note: This linter can be disabled with `set_option linter.unnecessarySeqFocus false`
warning: ConwaySoifer/Simplified/Geometry/Profile6Q0.lean:347:82: Used `tac1 <;> tac2` where `(tac1; tac2)` would suffice

Note: This linter can be disabled with `set_option linter.unnecessarySeqFocus false`
warning: ConwaySoifer/Simplified/Geometry/Profile6Q0.lean:354:69: Used `tac1 <;> tac2` where `(tac1; tac2)` would suffice

Note: This linter can be disabled with `set_option linter.unnecessarySeqFocus false`
warning: ConwaySoifer/Simplified/Geometry/Profile6Q0.lean:364:31: Used `tac1 <;> tac2` where `(tac1; tac2)` would suffice

Note: This linter can be disabled with `set_option linter.unnecessarySeqFocus false`
warning: ConwaySoifer/Simplified/Geometry/Profile6Q0.lean:364:82: Used `tac1 <;> tac2` where `(tac1; tac2)` would suffice

Note: This linter can be disabled with `set_option linter.unnecessarySeqFocus false`
warning: ConwaySoifer/Simplified/Geometry/Profile6Q0.lean:371:69: Used `tac1 <;> tac2` where `(tac1; tac2)` would suffice

Note: This linter can be disabled with `set_option linter.unnecessarySeqFocus false`
warning: ConwaySoifer/Simplified/Geometry/Profile6Q0.lean:388:25: Used `tac1 <;> tac2` where `(tac1; tac2)` would suffice

Note: This linter can be disabled with `set_option linter.unnecessarySeqFocus false`
warning: ConwaySoifer/Simplified/Geometry/Profile6Q0.lean:396:27: Used `tac1 <;> tac2` where `(tac1; tac2)` would suffice

Note: This linter can be disabled with `set_option linter.unnecessarySeqFocus false`
warning: ConwaySoifer/Simplified/Geometry/Profile6Q0.lean:396:78: Used `tac1 <;> tac2` where `(tac1; tac2)` would suffice

Note: This linter can be disabled with `set_option linter.unnecessarySeqFocus false`
warning: ConwaySoifer/Simplified/Geometry/Profile6Q0.lean:403:65: Used `tac1 <;> tac2` where `(tac1; tac2)` would suffice

Note: This linter can be disabled with `set_option linter.unnecessarySeqFocus false`
warning: ConwaySoifer/Simplified/Geometry/Profile6Q0.lean:413:27: Used `tac1 <;> tac2` where `(tac1; tac2)` would suffice

Note: This linter can be disabled with `set_option linter.unnecessarySeqFocus false`
warning: ConwaySoifer/Simplified/Geometry/Profile6Q0.lean:413:78: Used `tac1 <;> tac2` where `(tac1; tac2)` would suffice

Note: This linter can be disabled with `set_option linter.unnecessarySeqFocus false`
warning: ConwaySoifer/Simplified/Geometry/Profile6Q0.lean:420:65: Used `tac1 <;> tac2` where `(tac1; tac2)` would suffice

Note: This linter can be disabled with `set_option linter.unnecessarySeqFocus false`
warning: ConwaySoifer/Simplified/Geometry/Profile6Q0.lean:430:25: Used `tac1 <;> tac2` where `(tac1; tac2)` would suffice

Note: This linter can be disabled with `set_option linter.unnecessarySeqFocus false`
warning: ConwaySoifer/Simplified/Geometry/Profile6Q0.lean:430:42: Used `tac1 <;> tac2` where `(tac1; tac2)` would suffice

Note: This linter can be disabled with `set_option linter.unnecessarySeqFocus false`
warning: ConwaySoifer/Simplified/Geometry/Profile6Q0.lean:438:27: Used `tac1 <;> tac2` where `(tac1; tac2)` would suffice

Note: This linter can be disabled with `set_option linter.unnecessarySeqFocus false`
warning: ConwaySoifer/Simplified/Geometry/Profile6Q0.lean:438:78: Used `tac1 <;> tac2` where `(tac1; tac2)` would suffice

Note: This linter can be disabled with `set_option linter.unnecessarySeqFocus false`
warning: ConwaySoifer/Simplified/Geometry/Profile6Q0.lean:445:65: Used `tac1 <;> tac2` where `(tac1; tac2)` would suffice

Note: This linter can be disabled with `set_option linter.unnecessarySeqFocus false`
warning: ConwaySoifer/Simplified/Geometry/Profile6Q0.lean:455:27: Used `tac1 <;> tac2` where `(tac1; tac2)` would suffice

Note: This linter can be disabled with `set_option linter.unnecessarySeqFocus false`
warning: ConwaySoifer/Simplified/Geometry/Profile6Q0.lean:455:78: Used `tac1 <;> tac2` where `(tac1; tac2)` would suffice

Note: This linter can be disabled with `set_option linter.unnecessarySeqFocus false`
warning: ConwaySoifer/Simplified/Geometry/Profile6Q0.lean:462:65: Used `tac1 <;> tac2` where `(tac1; tac2)` would suffice

Note: This linter can be disabled with `set_option linter.unnecessarySeqFocus false`
warning: ConwaySoifer/Simplified/Geometry/Profile6Q0.lean:29:48: 'ring' tactic does nothing

Note: This linter can be disabled with `set_option linter.unusedTactic false`
warning: ConwaySoifer/Simplified/Geometry/Profile6Q0.lean:164:50: 'ring' tactic does nothing

Note: This linter can be disabled with `set_option linter.unusedTactic false`
warning: ConwaySoifer/Simplified/Geometry/Profile6Q0.lean:297:50: 'ring' tactic does nothing

Note: This linter can be disabled with `set_option linter.unusedTactic false`
warning: ConwaySoifer/Simplified/Geometry/Profile6Q0.lean:388:46: 'ring' tactic does nothing

Note: This linter can be disabled with `set_option linter.unusedTactic false`
⚠ [3925/3956] Built ConwaySoifer.Simplified.Geometry.Midpoint (3.6s)
warning: ConwaySoifer/Simplified/Geometry/Midpoint.lean:51:23: Used `tac1 <;> tac2` where `(tac1; tac2)` would suffice

Note: This linter can be disabled with `set_option linter.unnecessarySeqFocus false`
warning: ConwaySoifer/Simplified/Geometry/Midpoint.lean:51:40: Used `tac1 <;> tac2` where `(tac1; tac2)` would suffice

Note: This linter can be disabled with `set_option linter.unnecessarySeqFocus false`
⚠ [3926/3956] Built ConwaySoifer.Simplified.Complements.AcrossLarge (3.8s)
warning: ConwaySoifer/Simplified/Complements/AcrossLarge.lean:23:36: Used `tac1 <;> tac2` where `(tac1; tac2)` would suffice

Note: This linter can be disabled with `set_option linter.unnecessarySeqFocus false`
warning: ConwaySoifer/Simplified/Complements/AcrossLarge.lean:24:94: Used `tac1 <;> tac2` where `(tac1; tac2)` would suffice

Note: This linter can be disabled with `set_option linter.unnecessarySeqFocus false`
warning: ConwaySoifer/Simplified/Complements/AcrossLarge.lean:47:33: Used `tac1 <;> tac2` where `(tac1; tac2)` would suffice

Note: This linter can be disabled with `set_option linter.unnecessarySeqFocus false`
warning: ConwaySoifer/Simplified/Complements/AcrossLarge.lean:47:77: Used `tac1 <;> tac2` where `(tac1; tac2)` would suffice

Note: This linter can be disabled with `set_option linter.unnecessarySeqFocus false`
warning: ConwaySoifer/Simplified/Complements/AcrossLarge.lean:48:33: Used `tac1 <;> tac2` where `(tac1; tac2)` would suffice

Note: This linter can be disabled with `set_option linter.unnecessarySeqFocus false`
warning: ConwaySoifer/Simplified/Complements/AcrossLarge.lean:48:77: Used `tac1 <;> tac2` where `(tac1; tac2)` would suffice

Note: This linter can be disabled with `set_option linter.unnecessarySeqFocus false`
warning: ConwaySoifer/Simplified/Complements/AcrossLarge.lean:49:33: Used `tac1 <;> tac2` where `(tac1; tac2)` would suffice

Note: This linter can be disabled with `set_option linter.unnecessarySeqFocus false`
warning: ConwaySoifer/Simplified/Complements/AcrossLarge.lean:49:77: Used `tac1 <;> tac2` where `(tac1; tac2)` would suffice

Note: This linter can be disabled with `set_option linter.unnecessarySeqFocus false`
warning: ConwaySoifer/Simplified/Complements/AcrossLarge.lean:50:33: Used `tac1 <;> tac2` where `(tac1; tac2)` would suffice

Note: This linter can be disabled with `set_option linter.unnecessarySeqFocus false`
warning: ConwaySoifer/Simplified/Complements/AcrossLarge.lean:50:77: Used `tac1 <;> tac2` where `(tac1; tac2)` would suffice

Note: This linter can be disabled with `set_option linter.unnecessarySeqFocus false`
✔ [3927/3956] Built ConwaySoifer.Simplified.Certificates.Coverage (3.3s)
⚠ [3928/3956] Built ConwaySoifer.Simplified.Geometry.CornerAbsent (2.8s)
warning: ConwaySoifer/Simplified/Geometry/CornerAbsent.lean:34:52: this tactic is never executed

Note: This linter can be disabled with `set_option linter.unreachableTactic false`
warning: ConwaySoifer/Simplified/Geometry/CornerAbsent.lean:34:52: 'ring' tactic does nothing

Note: This linter can be disabled with `set_option linter.unusedTactic false`
⚠ [3929/3956] Built ConwaySoifer.Simplified.Geometry.AownCut (4.5s)
warning: ConwaySoifer/Simplified/Geometry/AownCut.lean:10:32: unused variable `hs`

Note: This linter can be disabled with `set_option linter.unusedVariables false`
warning: ConwaySoifer/Simplified/Geometry/AownCut.lean:37:6: Used `tac1 <;> tac2` where `(tac1; tac2)` would suffice

Note: This linter can be disabled with `set_option linter.unnecessarySeqFocus false`
warning: ConwaySoifer/Simplified/Geometry/AownCut.lean:50:6: Used `tac1 <;> tac2` where `(tac1; tac2)` would suffice

Note: This linter can be disabled with `set_option linter.unnecessarySeqFocus false`
⚠ [3930/3956] Built ConwaySoifer.Simplified.Geometry.Profile1Q0 (21s)
warning: ConwaySoifer/Simplified/Geometry/Profile1Q0.lean:27:46: this tactic is never executed

Note: This linter can be disabled with `set_option linter.unreachableTactic false`
warning: ConwaySoifer/Simplified/Geometry/Profile1Q0.lean:162:48: this tactic is never executed

Note: This linter can be disabled with `set_option linter.unreachableTactic false`
warning: ConwaySoifer/Simplified/Geometry/Profile1Q0.lean:253:48: this tactic is never executed

Note: This linter can be disabled with `set_option linter.unreachableTactic false`
warning: ConwaySoifer/Simplified/Geometry/Profile1Q0.lean:27:25: Used `tac1 <;> tac2` where `(tac1; tac2)` would suffice

Note: This linter can be disabled with `set_option linter.unnecessarySeqFocus false`
warning: ConwaySoifer/Simplified/Geometry/Profile1Q0.lean:35:27: Used `tac1 <;> tac2` where `(tac1; tac2)` would suffice

Note: This linter can be disabled with `set_option linter.unnecessarySeqFocus false`
warning: ConwaySoifer/Simplified/Geometry/Profile1Q0.lean:35:78: Used `tac1 <;> tac2` where `(tac1; tac2)` would suffice

Note: This linter can be disabled with `set_option linter.unnecessarySeqFocus false`
warning: ConwaySoifer/Simplified/Geometry/Profile1Q0.lean:42:65: Used `tac1 <;> tac2` where `(tac1; tac2)` would suffice

Note: This linter can be disabled with `set_option linter.unnecessarySeqFocus false`
warning: ConwaySoifer/Simplified/Geometry/Profile1Q0.lean:52:27: Used `tac1 <;> tac2` where `(tac1; tac2)` would suffice

Note: This linter can be disabled with `set_option linter.unnecessarySeqFocus false`
warning: ConwaySoifer/Simplified/Geometry/Profile1Q0.lean:52:78: Used `tac1 <;> tac2` where `(tac1; tac2)` would suffice

Note: This linter can be disabled with `set_option linter.unnecessarySeqFocus false`
warning: ConwaySoifer/Simplified/Geometry/Profile1Q0.lean:59:65: Used `tac1 <;> tac2` where `(tac1; tac2)` would suffice

Note: This linter can be disabled with `set_option linter.unnecessarySeqFocus false`
warning: ConwaySoifer/Simplified/Geometry/Profile1Q0.lean:69:25: Used `tac1 <;> tac2` where `(tac1; tac2)` would suffice

Note: This linter can be disabled with `set_option linter.unnecessarySeqFocus false`
warning: ConwaySoifer/Simplified/Geometry/Profile1Q0.lean:69:42: Used `tac1 <;> tac2` where `(tac1; tac2)` would suffice

Note: This linter can be disabled with `set_option linter.unnecessarySeqFocus false`
warning: ConwaySoifer/Simplified/Geometry/Profile1Q0.lean:77:27: Used `tac1 <;> tac2` where `(tac1; tac2)` would suffice

Note: This linter can be disabled with `set_option linter.unnecessarySeqFocus false`
warning: ConwaySoifer/Simplified/Geometry/Profile1Q0.lean:77:78: Used `tac1 <;> tac2` where `(tac1; tac2)` would suffice

Note: This linter can be disabled with `set_option linter.unnecessarySeqFocus false`
warning: ConwaySoifer/Simplified/Geometry/Profile1Q0.lean:84:65: Used `tac1 <;> tac2` where `(tac1; tac2)` would suffice

Note: This linter can be disabled with `set_option linter.unnecessarySeqFocus false`
warning: ConwaySoifer/Simplified/Geometry/Profile1Q0.lean:94:27: Used `tac1 <;> tac2` where `(tac1; tac2)` would suffice

Note: This linter can be disabled with `set_option linter.unnecessarySeqFocus false`
warning: ConwaySoifer/Simplified/Geometry/Profile1Q0.lean:94:78: Used `tac1 <;> tac2` where `(tac1; tac2)` would suffice

Note: This linter can be disabled with `set_option linter.unnecessarySeqFocus false`
warning: ConwaySoifer/Simplified/Geometry/Profile1Q0.lean:101:65: Used `tac1 <;> tac2` where `(tac1; tac2)` would suffice

Note: This linter can be disabled with `set_option linter.unnecessarySeqFocus false`
warning: ConwaySoifer/Simplified/Geometry/Profile1Q0.lean:111:25: Used `tac1 <;> tac2` where `(tac1; tac2)` would suffice

Note: This linter can be disabled with `set_option linter.unnecessarySeqFocus false`
warning: ConwaySoifer/Simplified/Geometry/Profile1Q0.lean:111:42: Used `tac1 <;> tac2` where `(tac1; tac2)` would suffice

Note: This linter can be disabled with `set_option linter.unnecessarySeqFocus false`
warning: ConwaySoifer/Simplified/Geometry/Profile1Q0.lean:119:27: Used `tac1 <;> tac2` where `(tac1; tac2)` would suffice

Note: This linter can be disabled with `set_option linter.unnecessarySeqFocus false`
warning: ConwaySoifer/Simplified/Geometry/Profile1Q0.lean:119:78: Used `tac1 <;> tac2` where `(tac1; tac2)` would suffice

Note: This linter can be disabled with `set_option linter.unnecessarySeqFocus false`
warning: ConwaySoifer/Simplified/Geometry/Profile1Q0.lean:126:65: Used `tac1 <;> tac2` where `(tac1; tac2)` would suffice

Note: This linter can be disabled with `set_option linter.unnecessarySeqFocus false`
warning: ConwaySoifer/Simplified/Geometry/Profile1Q0.lean:136:27: Used `tac1 <;> tac2` where `(tac1; tac2)` would suffice

Note: This linter can be disabled with `set_option linter.unnecessarySeqFocus false`
warning: ConwaySoifer/Simplified/Geometry/Profile1Q0.lean:136:78: Used `tac1 <;> tac2` where `(tac1; tac2)` would suffice

Note: This linter can be disabled with `set_option linter.unnecessarySeqFocus false`
warning: ConwaySoifer/Simplified/Geometry/Profile1Q0.lean:143:65: Used `tac1 <;> tac2` where `(tac1; tac2)` would suffice

Note: This linter can be disabled with `set_option linter.unnecessarySeqFocus false`
warning: ConwaySoifer/Simplified/Geometry/Profile1Q0.lean:162:27: Used `tac1 <;> tac2` where `(tac1; tac2)` would suffice

Note: This linter can be disabled with `set_option linter.unnecessarySeqFocus false`
warning: ConwaySoifer/Simplified/Geometry/Profile1Q0.lean:170:29: Used `tac1 <;> tac2` where `(tac1; tac2)` would suffice

Note: This linter can be disabled with `set_option linter.unnecessarySeqFocus false`
warning: ConwaySoifer/Simplified/Geometry/Profile1Q0.lean:170:80: Used `tac1 <;> tac2` where `(tac1; tac2)` would suffice

Note: This linter can be disabled with `set_option linter.unnecessarySeqFocus false`
warning: ConwaySoifer/Simplified/Geometry/Profile1Q0.lean:177:67: Used `tac1 <;> tac2` where `(tac1; tac2)` would suffice

Note: This linter can be disabled with `set_option linter.unnecessarySeqFocus false`
warning: ConwaySoifer/Simplified/Geometry/Profile1Q0.lean:187:29: Used `tac1 <;> tac2` where `(tac1; tac2)` would suffice

Note: This linter can be disabled with `set_option linter.unnecessarySeqFocus false`
warning: ConwaySoifer/Simplified/Geometry/Profile1Q0.lean:187:80: Used `tac1 <;> tac2` where `(tac1; tac2)` would suffice

Note: This linter can be disabled with `set_option linter.unnecessarySeqFocus false`
warning: ConwaySoifer/Simplified/Geometry/Profile1Q0.lean:194:67: Used `tac1 <;> tac2` where `(tac1; tac2)` would suffice

Note: This linter can be disabled with `set_option linter.unnecessarySeqFocus false`
warning: ConwaySoifer/Simplified/Geometry/Profile1Q0.lean:204:27: Used `tac1 <;> tac2` where `(tac1; tac2)` would suffice

Note: This linter can be disabled with `set_option linter.unnecessarySeqFocus false`
warning: ConwaySoifer/Simplified/Geometry/Profile1Q0.lean:204:44: Used `tac1 <;> tac2` where `(tac1; tac2)` would suffice

Note: This linter can be disabled with `set_option linter.unnecessarySeqFocus false`
warning: ConwaySoifer/Simplified/Geometry/Profile1Q0.lean:212:29: Used `tac1 <;> tac2` where `(tac1; tac2)` would suffice

Note: This linter can be disabled with `set_option linter.unnecessarySeqFocus false`
warning: ConwaySoifer/Simplified/Geometry/Profile1Q0.lean:212:80: Used `tac1 <;> tac2` where `(tac1; tac2)` would suffice

Note: This linter can be disabled with `set_option linter.unnecessarySeqFocus false`
warning: ConwaySoifer/Simplified/Geometry/Profile1Q0.lean:219:67: Used `tac1 <;> tac2` where `(tac1; tac2)` would suffice

Note: This linter can be disabled with `set_option linter.unnecessarySeqFocus false`
warning: ConwaySoifer/Simplified/Geometry/Profile1Q0.lean:229:29: Used `tac1 <;> tac2` where `(tac1; tac2)` would suffice

Note: This linter can be disabled with `set_option linter.unnecessarySeqFocus false`
warning: ConwaySoifer/Simplified/Geometry/Profile1Q0.lean:229:80: Used `tac1 <;> tac2` where `(tac1; tac2)` would suffice

Note: This linter can be disabled with `set_option linter.unnecessarySeqFocus false`
warning: ConwaySoifer/Simplified/Geometry/Profile1Q0.lean:236:67: Used `tac1 <;> tac2` where `(tac1; tac2)` would suffice

Note: This linter can be disabled with `set_option linter.unnecessarySeqFocus false`
warning: ConwaySoifer/Simplified/Geometry/Profile1Q0.lean:253:27: Used `tac1 <;> tac2` where `(tac1; tac2)` would suffice

Note: This linter can be disabled with `set_option linter.unnecessarySeqFocus false`
warning: ConwaySoifer/Simplified/Geometry/Profile1Q0.lean:261:29: Used `tac1 <;> tac2` where `(tac1; tac2)` would suffice

Note: This linter can be disabled with `set_option linter.unnecessarySeqFocus false`
warning: ConwaySoifer/Simplified/Geometry/Profile1Q0.lean:261:80: Used `tac1 <;> tac2` where `(tac1; tac2)` would suffice

Note: This linter can be disabled with `set_option linter.unnecessarySeqFocus false`
warning: ConwaySoifer/Simplified/Geometry/Profile1Q0.lean:268:67: Used `tac1 <;> tac2` where `(tac1; tac2)` would suffice

Note: This linter can be disabled with `set_option linter.unnecessarySeqFocus false`
warning: ConwaySoifer/Simplified/Geometry/Profile1Q0.lean:278:29: Used `tac1 <;> tac2` where `(tac1; tac2)` would suffice

Note: This linter can be disabled with `set_option linter.unnecessarySeqFocus false`
warning: ConwaySoifer/Simplified/Geometry/Profile1Q0.lean:278:80: Used `tac1 <;> tac2` where `(tac1; tac2)` would suffice

Note: This linter can be disabled with `set_option linter.unnecessarySeqFocus false`
warning: ConwaySoifer/Simplified/Geometry/Profile1Q0.lean:285:67: Used `tac1 <;> tac2` where `(tac1; tac2)` would suffice

Note: This linter can be disabled with `set_option linter.unnecessarySeqFocus false`
warning: ConwaySoifer/Simplified/Geometry/Profile1Q0.lean:295:27: Used `tac1 <;> tac2` where `(tac1; tac2)` would suffice

Note: This linter can be disabled with `set_option linter.unnecessarySeqFocus false`
warning: ConwaySoifer/Simplified/Geometry/Profile1Q0.lean:295:44: Used `tac1 <;> tac2` where `(tac1; tac2)` would suffice

Note: This linter can be disabled with `set_option linter.unnecessarySeqFocus false`
warning: ConwaySoifer/Simplified/Geometry/Profile1Q0.lean:303:29: Used `tac1 <;> tac2` where `(tac1; tac2)` would suffice

Note: This linter can be disabled with `set_option linter.unnecessarySeqFocus false`
warning: ConwaySoifer/Simplified/Geometry/Profile1Q0.lean:303:80: Used `tac1 <;> tac2` where `(tac1; tac2)` would suffice

Note: This linter can be disabled with `set_option linter.unnecessarySeqFocus false`
warning: ConwaySoifer/Simplified/Geometry/Profile1Q0.lean:310:67: Used `tac1 <;> tac2` where `(tac1; tac2)` would suffice

Note: This linter can be disabled with `set_option linter.unnecessarySeqFocus false`
warning: ConwaySoifer/Simplified/Geometry/Profile1Q0.lean:320:29: Used `tac1 <;> tac2` where `(tac1; tac2)` would suffice

Note: This linter can be disabled with `set_option linter.unnecessarySeqFocus false`
warning: ConwaySoifer/Simplified/Geometry/Profile1Q0.lean:320:80: Used `tac1 <;> tac2` where `(tac1; tac2)` would suffice

Note: This linter can be disabled with `set_option linter.unnecessarySeqFocus false`
warning: ConwaySoifer/Simplified/Geometry/Profile1Q0.lean:327:67: Used `tac1 <;> tac2` where `(tac1; tac2)` would suffice

Note: This linter can be disabled with `set_option linter.unnecessarySeqFocus false`
warning: ConwaySoifer/Simplified/Geometry/Profile1Q0.lean:27:46: 'ring' tactic does nothing

Note: This linter can be disabled with `set_option linter.unusedTactic false`
warning: ConwaySoifer/Simplified/Geometry/Profile1Q0.lean:162:48: 'ring' tactic does nothing

Note: This linter can be disabled with `set_option linter.unusedTactic false`
warning: ConwaySoifer/Simplified/Geometry/Profile1Q0.lean:253:48: 'ring' tactic does nothing

Note: This linter can be disabled with `set_option linter.unusedTactic false`
⚠ [3931/3956] Built ConwaySoifer.Simplified.Geometry.ThreeCentral (17s)
warning: ConwaySoifer/Simplified/Geometry/ThreeCentral.lean:25:44: this tactic is never executed

Note: This linter can be disabled with `set_option linter.unreachableTactic false`
warning: ConwaySoifer/Simplified/Geometry/ThreeCentral.lean:25:23: Used `tac1 <;> tac2` where `(tac1; tac2)` would suffice

Note: This linter can be disabled with `set_option linter.unnecessarySeqFocus false`
warning: ConwaySoifer/Simplified/Geometry/ThreeCentral.lean:33:25: Used `tac1 <;> tac2` where `(tac1; tac2)` would suffice

Note: This linter can be disabled with `set_option linter.unnecessarySeqFocus false`
warning: ConwaySoifer/Simplified/Geometry/ThreeCentral.lean:33:78: Used `tac1 <;> tac2` where `(tac1; tac2)` would suffice

Note: This linter can be disabled with `set_option linter.unnecessarySeqFocus false`
warning: ConwaySoifer/Simplified/Geometry/ThreeCentral.lean:40:65: Used `tac1 <;> tac2` where `(tac1; tac2)` would suffice

Note: This linter can be disabled with `set_option linter.unnecessarySeqFocus false`
warning: ConwaySoifer/Simplified/Geometry/ThreeCentral.lean:50:25: Used `tac1 <;> tac2` where `(tac1; tac2)` would suffice

Note: This linter can be disabled with `set_option linter.unnecessarySeqFocus false`
warning: ConwaySoifer/Simplified/Geometry/ThreeCentral.lean:50:78: Used `tac1 <;> tac2` where `(tac1; tac2)` would suffice

Note: This linter can be disabled with `set_option linter.unnecessarySeqFocus false`
warning: ConwaySoifer/Simplified/Geometry/ThreeCentral.lean:57:65: Used `tac1 <;> tac2` where `(tac1; tac2)` would suffice

Note: This linter can be disabled with `set_option linter.unnecessarySeqFocus false`
warning: ConwaySoifer/Simplified/Geometry/ThreeCentral.lean:67:23: Used `tac1 <;> tac2` where `(tac1; tac2)` would suffice

Note: This linter can be disabled with `set_option linter.unnecessarySeqFocus false`
warning: ConwaySoifer/Simplified/Geometry/ThreeCentral.lean:67:40: Used `tac1 <;> tac2` where `(tac1; tac2)` would suffice

Note: This linter can be disabled with `set_option linter.unnecessarySeqFocus false`
warning: ConwaySoifer/Simplified/Geometry/ThreeCentral.lean:75:25: Used `tac1 <;> tac2` where `(tac1; tac2)` would suffice

Note: This linter can be disabled with `set_option linter.unnecessarySeqFocus false`
warning: ConwaySoifer/Simplified/Geometry/ThreeCentral.lean:75:78: Used `tac1 <;> tac2` where `(tac1; tac2)` would suffice

Note: This linter can be disabled with `set_option linter.unnecessarySeqFocus false`
warning: ConwaySoifer/Simplified/Geometry/ThreeCentral.lean:82:65: Used `tac1 <;> tac2` where `(tac1; tac2)` would suffice

Note: This linter can be disabled with `set_option linter.unnecessarySeqFocus false`
warning: ConwaySoifer/Simplified/Geometry/ThreeCentral.lean:92:25: Used `tac1 <;> tac2` where `(tac1; tac2)` would suffice

Note: This linter can be disabled with `set_option linter.unnecessarySeqFocus false`
warning: ConwaySoifer/Simplified/Geometry/ThreeCentral.lean:92:78: Used `tac1 <;> tac2` where `(tac1; tac2)` would suffice

Note: This linter can be disabled with `set_option linter.unnecessarySeqFocus false`
warning: ConwaySoifer/Simplified/Geometry/ThreeCentral.lean:99:65: Used `tac1 <;> tac2` where `(tac1; tac2)` would suffice

Note: This linter can be disabled with `set_option linter.unnecessarySeqFocus false`
warning: ConwaySoifer/Simplified/Geometry/ThreeCentral.lean:109:23: Used `tac1 <;> tac2` where `(tac1; tac2)` would suffice

Note: This linter can be disabled with `set_option linter.unnecessarySeqFocus false`
warning: ConwaySoifer/Simplified/Geometry/ThreeCentral.lean:109:40: Used `tac1 <;> tac2` where `(tac1; tac2)` would suffice

Note: This linter can be disabled with `set_option linter.unnecessarySeqFocus false`
warning: ConwaySoifer/Simplified/Geometry/ThreeCentral.lean:117:25: Used `tac1 <;> tac2` where `(tac1; tac2)` would suffice

Note: This linter can be disabled with `set_option linter.unnecessarySeqFocus false`
warning: ConwaySoifer/Simplified/Geometry/ThreeCentral.lean:117:78: Used `tac1 <;> tac2` where `(tac1; tac2)` would suffice

Note: This linter can be disabled with `set_option linter.unnecessarySeqFocus false`
warning: ConwaySoifer/Simplified/Geometry/ThreeCentral.lean:124:65: Used `tac1 <;> tac2` where `(tac1; tac2)` would suffice

Note: This linter can be disabled with `set_option linter.unnecessarySeqFocus false`
warning: ConwaySoifer/Simplified/Geometry/ThreeCentral.lean:134:25: Used `tac1 <;> tac2` where `(tac1; tac2)` would suffice

Note: This linter can be disabled with `set_option linter.unnecessarySeqFocus false`
warning: ConwaySoifer/Simplified/Geometry/ThreeCentral.lean:134:78: Used `tac1 <;> tac2` where `(tac1; tac2)` would suffice

Note: This linter can be disabled with `set_option linter.unnecessarySeqFocus false`
warning: ConwaySoifer/Simplified/Geometry/ThreeCentral.lean:141:65: Used `tac1 <;> tac2` where `(tac1; tac2)` would suffice

Note: This linter can be disabled with `set_option linter.unnecessarySeqFocus false`
warning: ConwaySoifer/Simplified/Geometry/ThreeCentral.lean:151:23: Used `tac1 <;> tac2` where `(tac1; tac2)` would suffice

Note: This linter can be disabled with `set_option linter.unnecessarySeqFocus false`
warning: ConwaySoifer/Simplified/Geometry/ThreeCentral.lean:151:40: Used `tac1 <;> tac2` where `(tac1; tac2)` would suffice

Note: This linter can be disabled with `set_option linter.unnecessarySeqFocus false`
warning: ConwaySoifer/Simplified/Geometry/ThreeCentral.lean:159:25: Used `tac1 <;> tac2` where `(tac1; tac2)` would suffice

Note: This linter can be disabled with `set_option linter.unnecessarySeqFocus false`
warning: ConwaySoifer/Simplified/Geometry/ThreeCentral.lean:159:78: Used `tac1 <;> tac2` where `(tac1; tac2)` would suffice

Note: This linter can be disabled with `set_option linter.unnecessarySeqFocus false`
warning: ConwaySoifer/Simplified/Geometry/ThreeCentral.lean:166:65: Used `tac1 <;> tac2` where `(tac1; tac2)` would suffice

Note: This linter can be disabled with `set_option linter.unnecessarySeqFocus false`
warning: ConwaySoifer/Simplified/Geometry/ThreeCentral.lean:176:25: Used `tac1 <;> tac2` where `(tac1; tac2)` would suffice

Note: This linter can be disabled with `set_option linter.unnecessarySeqFocus false`
warning: ConwaySoifer/Simplified/Geometry/ThreeCentral.lean:176:78: Used `tac1 <;> tac2` where `(tac1; tac2)` would suffice

Note: This linter can be disabled with `set_option linter.unnecessarySeqFocus false`
warning: ConwaySoifer/Simplified/Geometry/ThreeCentral.lean:183:65: Used `tac1 <;> tac2` where `(tac1; tac2)` would suffice

Note: This linter can be disabled with `set_option linter.unnecessarySeqFocus false`
warning: ConwaySoifer/Simplified/Geometry/ThreeCentral.lean:193:23: Used `tac1 <;> tac2` where `(tac1; tac2)` would suffice

Note: This linter can be disabled with `set_option linter.unnecessarySeqFocus false`
warning: ConwaySoifer/Simplified/Geometry/ThreeCentral.lean:193:40: Used `tac1 <;> tac2` where `(tac1; tac2)` would suffice

Note: This linter can be disabled with `set_option linter.unnecessarySeqFocus false`
warning: ConwaySoifer/Simplified/Geometry/ThreeCentral.lean:201:25: Used `tac1 <;> tac2` where `(tac1; tac2)` would suffice

Note: This linter can be disabled with `set_option linter.unnecessarySeqFocus false`
warning: ConwaySoifer/Simplified/Geometry/ThreeCentral.lean:201:78: Used `tac1 <;> tac2` where `(tac1; tac2)` would suffice

Note: This linter can be disabled with `set_option linter.unnecessarySeqFocus false`
warning: ConwaySoifer/Simplified/Geometry/ThreeCentral.lean:208:65: Used `tac1 <;> tac2` where `(tac1; tac2)` would suffice

Note: This linter can be disabled with `set_option linter.unnecessarySeqFocus false`
warning: ConwaySoifer/Simplified/Geometry/ThreeCentral.lean:218:25: Used `tac1 <;> tac2` where `(tac1; tac2)` would suffice

Note: This linter can be disabled with `set_option linter.unnecessarySeqFocus false`
warning: ConwaySoifer/Simplified/Geometry/ThreeCentral.lean:218:78: Used `tac1 <;> tac2` where `(tac1; tac2)` would suffice

Note: This linter can be disabled with `set_option linter.unnecessarySeqFocus false`
warning: ConwaySoifer/Simplified/Geometry/ThreeCentral.lean:225:65: Used `tac1 <;> tac2` where `(tac1; tac2)` would suffice

Note: This linter can be disabled with `set_option linter.unnecessarySeqFocus false`
warning: ConwaySoifer/Simplified/Geometry/ThreeCentral.lean:25:44: 'ring' tactic does nothing

Note: This linter can be disabled with `set_option linter.unusedTactic false`
⚠ [3932/3956] Built ConwaySoifer.Simplified.Geometry.Profile0Q0 (20s)
warning: ConwaySoifer/Simplified/Geometry/Profile0Q0.lean:27:46: this tactic is never executed

Note: This linter can be disabled with `set_option linter.unreachableTactic false`
warning: ConwaySoifer/Simplified/Geometry/Profile0Q0.lean:162:48: this tactic is never executed

Note: This linter can be disabled with `set_option linter.unreachableTactic false`
warning: ConwaySoifer/Simplified/Geometry/Profile0Q0.lean:253:48: this tactic is never executed

Note: This linter can be disabled with `set_option linter.unreachableTactic false`
warning: ConwaySoifer/Simplified/Geometry/Profile0Q0.lean:27:25: Used `tac1 <;> tac2` where `(tac1; tac2)` would suffice

Note: This linter can be disabled with `set_option linter.unnecessarySeqFocus false`
warning: ConwaySoifer/Simplified/Geometry/Profile0Q0.lean:35:27: Used `tac1 <;> tac2` where `(tac1; tac2)` would suffice

Note: This linter can be disabled with `set_option linter.unnecessarySeqFocus false`
warning: ConwaySoifer/Simplified/Geometry/Profile0Q0.lean:35:78: Used `tac1 <;> tac2` where `(tac1; tac2)` would suffice

Note: This linter can be disabled with `set_option linter.unnecessarySeqFocus false`
warning: ConwaySoifer/Simplified/Geometry/Profile0Q0.lean:42:65: Used `tac1 <;> tac2` where `(tac1; tac2)` would suffice

Note: This linter can be disabled with `set_option linter.unnecessarySeqFocus false`
warning: ConwaySoifer/Simplified/Geometry/Profile0Q0.lean:52:27: Used `tac1 <;> tac2` where `(tac1; tac2)` would suffice

Note: This linter can be disabled with `set_option linter.unnecessarySeqFocus false`
warning: ConwaySoifer/Simplified/Geometry/Profile0Q0.lean:52:78: Used `tac1 <;> tac2` where `(tac1; tac2)` would suffice

Note: This linter can be disabled with `set_option linter.unnecessarySeqFocus false`
warning: ConwaySoifer/Simplified/Geometry/Profile0Q0.lean:59:65: Used `tac1 <;> tac2` where `(tac1; tac2)` would suffice

Note: This linter can be disabled with `set_option linter.unnecessarySeqFocus false`
warning: ConwaySoifer/Simplified/Geometry/Profile0Q0.lean:69:25: Used `tac1 <;> tac2` where `(tac1; tac2)` would suffice

Note: This linter can be disabled with `set_option linter.unnecessarySeqFocus false`
warning: ConwaySoifer/Simplified/Geometry/Profile0Q0.lean:69:42: Used `tac1 <;> tac2` where `(tac1; tac2)` would suffice

Note: This linter can be disabled with `set_option linter.unnecessarySeqFocus false`
warning: ConwaySoifer/Simplified/Geometry/Profile0Q0.lean:77:27: Used `tac1 <;> tac2` where `(tac1; tac2)` would suffice

Note: This linter can be disabled with `set_option linter.unnecessarySeqFocus false`
warning: ConwaySoifer/Simplified/Geometry/Profile0Q0.lean:77:78: Used `tac1 <;> tac2` where `(tac1; tac2)` would suffice

Note: This linter can be disabled with `set_option linter.unnecessarySeqFocus false`
warning: ConwaySoifer/Simplified/Geometry/Profile0Q0.lean:84:65: Used `tac1 <;> tac2` where `(tac1; tac2)` would suffice

Note: This linter can be disabled with `set_option linter.unnecessarySeqFocus false`
warning: ConwaySoifer/Simplified/Geometry/Profile0Q0.lean:94:27: Used `tac1 <;> tac2` where `(tac1; tac2)` would suffice

Note: This linter can be disabled with `set_option linter.unnecessarySeqFocus false`
warning: ConwaySoifer/Simplified/Geometry/Profile0Q0.lean:94:78: Used `tac1 <;> tac2` where `(tac1; tac2)` would suffice

Note: This linter can be disabled with `set_option linter.unnecessarySeqFocus false`
warning: ConwaySoifer/Simplified/Geometry/Profile0Q0.lean:101:65: Used `tac1 <;> tac2` where `(tac1; tac2)` would suffice

Note: This linter can be disabled with `set_option linter.unnecessarySeqFocus false`
warning: ConwaySoifer/Simplified/Geometry/Profile0Q0.lean:111:25: Used `tac1 <;> tac2` where `(tac1; tac2)` would suffice

Note: This linter can be disabled with `set_option linter.unnecessarySeqFocus false`
warning: ConwaySoifer/Simplified/Geometry/Profile0Q0.lean:111:42: Used `tac1 <;> tac2` where `(tac1; tac2)` would suffice

Note: This linter can be disabled with `set_option linter.unnecessarySeqFocus false`
warning: ConwaySoifer/Simplified/Geometry/Profile0Q0.lean:119:27: Used `tac1 <;> tac2` where `(tac1; tac2)` would suffice

Note: This linter can be disabled with `set_option linter.unnecessarySeqFocus false`
warning: ConwaySoifer/Simplified/Geometry/Profile0Q0.lean:119:78: Used `tac1 <;> tac2` where `(tac1; tac2)` would suffice

Note: This linter can be disabled with `set_option linter.unnecessarySeqFocus false`
warning: ConwaySoifer/Simplified/Geometry/Profile0Q0.lean:126:65: Used `tac1 <;> tac2` where `(tac1; tac2)` would suffice

Note: This linter can be disabled with `set_option linter.unnecessarySeqFocus false`
warning: ConwaySoifer/Simplified/Geometry/Profile0Q0.lean:136:27: Used `tac1 <;> tac2` where `(tac1; tac2)` would suffice

Note: This linter can be disabled with `set_option linter.unnecessarySeqFocus false`
warning: ConwaySoifer/Simplified/Geometry/Profile0Q0.lean:136:78: Used `tac1 <;> tac2` where `(tac1; tac2)` would suffice

Note: This linter can be disabled with `set_option linter.unnecessarySeqFocus false`
warning: ConwaySoifer/Simplified/Geometry/Profile0Q0.lean:143:65: Used `tac1 <;> tac2` where `(tac1; tac2)` would suffice

Note: This linter can be disabled with `set_option linter.unnecessarySeqFocus false`
warning: ConwaySoifer/Simplified/Geometry/Profile0Q0.lean:162:27: Used `tac1 <;> tac2` where `(tac1; tac2)` would suffice

Note: This linter can be disabled with `set_option linter.unnecessarySeqFocus false`
warning: ConwaySoifer/Simplified/Geometry/Profile0Q0.lean:170:29: Used `tac1 <;> tac2` where `(tac1; tac2)` would suffice

Note: This linter can be disabled with `set_option linter.unnecessarySeqFocus false`
warning: ConwaySoifer/Simplified/Geometry/Profile0Q0.lean:170:80: Used `tac1 <;> tac2` where `(tac1; tac2)` would suffice

Note: This linter can be disabled with `set_option linter.unnecessarySeqFocus false`
warning: ConwaySoifer/Simplified/Geometry/Profile0Q0.lean:177:67: Used `tac1 <;> tac2` where `(tac1; tac2)` would suffice

Note: This linter can be disabled with `set_option linter.unnecessarySeqFocus false`
warning: ConwaySoifer/Simplified/Geometry/Profile0Q0.lean:187:29: Used `tac1 <;> tac2` where `(tac1; tac2)` would suffice

Note: This linter can be disabled with `set_option linter.unnecessarySeqFocus false`
warning: ConwaySoifer/Simplified/Geometry/Profile0Q0.lean:187:80: Used `tac1 <;> tac2` where `(tac1; tac2)` would suffice

Note: This linter can be disabled with `set_option linter.unnecessarySeqFocus false`
warning: ConwaySoifer/Simplified/Geometry/Profile0Q0.lean:194:67: Used `tac1 <;> tac2` where `(tac1; tac2)` would suffice

Note: This linter can be disabled with `set_option linter.unnecessarySeqFocus false`
warning: ConwaySoifer/Simplified/Geometry/Profile0Q0.lean:204:27: Used `tac1 <;> tac2` where `(tac1; tac2)` would suffice

Note: This linter can be disabled with `set_option linter.unnecessarySeqFocus false`
warning: ConwaySoifer/Simplified/Geometry/Profile0Q0.lean:204:44: Used `tac1 <;> tac2` where `(tac1; tac2)` would suffice

Note: This linter can be disabled with `set_option linter.unnecessarySeqFocus false`
warning: ConwaySoifer/Simplified/Geometry/Profile0Q0.lean:212:29: Used `tac1 <;> tac2` where `(tac1; tac2)` would suffice

Note: This linter can be disabled with `set_option linter.unnecessarySeqFocus false`
warning: ConwaySoifer/Simplified/Geometry/Profile0Q0.lean:212:80: Used `tac1 <;> tac2` where `(tac1; tac2)` would suffice

Note: This linter can be disabled with `set_option linter.unnecessarySeqFocus false`
warning: ConwaySoifer/Simplified/Geometry/Profile0Q0.lean:219:67: Used `tac1 <;> tac2` where `(tac1; tac2)` would suffice

Note: This linter can be disabled with `set_option linter.unnecessarySeqFocus false`
warning: ConwaySoifer/Simplified/Geometry/Profile0Q0.lean:229:29: Used `tac1 <;> tac2` where `(tac1; tac2)` would suffice

Note: This linter can be disabled with `set_option linter.unnecessarySeqFocus false`
warning: ConwaySoifer/Simplified/Geometry/Profile0Q0.lean:229:80: Used `tac1 <;> tac2` where `(tac1; tac2)` would suffice

Note: This linter can be disabled with `set_option linter.unnecessarySeqFocus false`
warning: ConwaySoifer/Simplified/Geometry/Profile0Q0.lean:236:67: Used `tac1 <;> tac2` where `(tac1; tac2)` would suffice

Note: This linter can be disabled with `set_option linter.unnecessarySeqFocus false`
warning: ConwaySoifer/Simplified/Geometry/Profile0Q0.lean:253:27: Used `tac1 <;> tac2` where `(tac1; tac2)` would suffice

Note: This linter can be disabled with `set_option linter.unnecessarySeqFocus false`
warning: ConwaySoifer/Simplified/Geometry/Profile0Q0.lean:261:29: Used `tac1 <;> tac2` where `(tac1; tac2)` would suffice

Note: This linter can be disabled with `set_option linter.unnecessarySeqFocus false`
warning: ConwaySoifer/Simplified/Geometry/Profile0Q0.lean:261:80: Used `tac1 <;> tac2` where `(tac1; tac2)` would suffice

Note: This linter can be disabled with `set_option linter.unnecessarySeqFocus false`
warning: ConwaySoifer/Simplified/Geometry/Profile0Q0.lean:268:67: Used `tac1 <;> tac2` where `(tac1; tac2)` would suffice

Note: This linter can be disabled with `set_option linter.unnecessarySeqFocus false`
warning: ConwaySoifer/Simplified/Geometry/Profile0Q0.lean:278:29: Used `tac1 <;> tac2` where `(tac1; tac2)` would suffice

Note: This linter can be disabled with `set_option linter.unnecessarySeqFocus false`
warning: ConwaySoifer/Simplified/Geometry/Profile0Q0.lean:278:80: Used `tac1 <;> tac2` where `(tac1; tac2)` would suffice

Note: This linter can be disabled with `set_option linter.unnecessarySeqFocus false`
warning: ConwaySoifer/Simplified/Geometry/Profile0Q0.lean:285:67: Used `tac1 <;> tac2` where `(tac1; tac2)` would suffice

Note: This linter can be disabled with `set_option linter.unnecessarySeqFocus false`
warning: ConwaySoifer/Simplified/Geometry/Profile0Q0.lean:295:27: Used `tac1 <;> tac2` where `(tac1; tac2)` would suffice

Note: This linter can be disabled with `set_option linter.unnecessarySeqFocus false`
warning: ConwaySoifer/Simplified/Geometry/Profile0Q0.lean:295:44: Used `tac1 <;> tac2` where `(tac1; tac2)` would suffice

Note: This linter can be disabled with `set_option linter.unnecessarySeqFocus false`
warning: ConwaySoifer/Simplified/Geometry/Profile0Q0.lean:303:29: Used `tac1 <;> tac2` where `(tac1; tac2)` would suffice

Note: This linter can be disabled with `set_option linter.unnecessarySeqFocus false`
warning: ConwaySoifer/Simplified/Geometry/Profile0Q0.lean:303:80: Used `tac1 <;> tac2` where `(tac1; tac2)` would suffice

Note: This linter can be disabled with `set_option linter.unnecessarySeqFocus false`
warning: ConwaySoifer/Simplified/Geometry/Profile0Q0.lean:310:67: Used `tac1 <;> tac2` where `(tac1; tac2)` would suffice

Note: This linter can be disabled with `set_option linter.unnecessarySeqFocus false`
warning: ConwaySoifer/Simplified/Geometry/Profile0Q0.lean:320:29: Used `tac1 <;> tac2` where `(tac1; tac2)` would suffice

Note: This linter can be disabled with `set_option linter.unnecessarySeqFocus false`
warning: ConwaySoifer/Simplified/Geometry/Profile0Q0.lean:320:80: Used `tac1 <;> tac2` where `(tac1; tac2)` would suffice

Note: This linter can be disabled with `set_option linter.unnecessarySeqFocus false`
warning: ConwaySoifer/Simplified/Geometry/Profile0Q0.lean:327:67: Used `tac1 <;> tac2` where `(tac1; tac2)` would suffice

Note: This linter can be disabled with `set_option linter.unnecessarySeqFocus false`
warning: ConwaySoifer/Simplified/Geometry/Profile0Q0.lean:27:46: 'ring' tactic does nothing

Note: This linter can be disabled with `set_option linter.unusedTactic false`
warning: ConwaySoifer/Simplified/Geometry/Profile0Q0.lean:162:48: 'ring' tactic does nothing

Note: This linter can be disabled with `set_option linter.unusedTactic false`
warning: ConwaySoifer/Simplified/Geometry/Profile0Q0.lean:253:48: 'ring' tactic does nothing

Note: This linter can be disabled with `set_option linter.unusedTactic false`
⚠ [3933/3956] Built ConwaySoifer.Simplified.Complements.AownLarge (2.9s)
warning: ConwaySoifer/Simplified/Complements/AownLarge.lean:23:4: Used `tac1 <;> tac2` where `(tac1; tac2)` would suffice

Note: This linter can be disabled with `set_option linter.unnecessarySeqFocus false`
✔ [3934/3956] Built ConwaySoifer.Simplified.Geometry.ThreeWitnesses (8.1s)
⚠ [3935/3956] Built ConwaySoifer.Simplified.Geometry.Charging (4.3s)
warning: ConwaySoifer/Simplified/Geometry/Charging.lean:26:14: `Set.eq_empty_iff_forall_not_mem` has been deprecated: Use `Set.eq_empty_iff_forall_notMem` instead
⚠ [3936/3956] Built ConwaySoifer.Simplified.Geometry.CentralWitnesses (3.1s)
warning: ConwaySoifer/Simplified/Geometry/CentralWitnesses.lean:28:28: Used `tac1 <;> tac2` where `(tac1; tac2)` would suffice

Note: This linter can be disabled with `set_option linter.unnecessarySeqFocus false`
warning: ConwaySoifer/Simplified/Geometry/CentralWitnesses.lean:29:28: Used `tac1 <;> tac2` where `(tac1; tac2)` would suffice

Note: This linter can be disabled with `set_option linter.unnecessarySeqFocus false`
warning: ConwaySoifer/Simplified/Geometry/CentralWitnesses.lean:30:28: Used `tac1 <;> tac2` where `(tac1; tac2)` would suffice

Note: This linter can be disabled with `set_option linter.unnecessarySeqFocus false`
warning: ConwaySoifer/Simplified/Geometry/CentralWitnesses.lean:31:25: Used `tac1 <;> tac2` where `(tac1; tac2)` would suffice

Note: This linter can be disabled with `set_option linter.unnecessarySeqFocus false`
warning: ConwaySoifer/Simplified/Geometry/CentralWitnesses.lean:32:25: Used `tac1 <;> tac2` where `(tac1; tac2)` would suffice

Note: This linter can be disabled with `set_option linter.unnecessarySeqFocus false`
warning: ConwaySoifer/Simplified/Geometry/CentralWitnesses.lean:32:71: Used `tac1 <;> tac2` where `(tac1; tac2)` would suffice

Note: This linter can be disabled with `set_option linter.unnecessarySeqFocus false`
warning: ConwaySoifer/Simplified/Geometry/CentralWitnesses.lean:33:25: Used `tac1 <;> tac2` where `(tac1; tac2)` would suffice

Note: This linter can be disabled with `set_option linter.unnecessarySeqFocus false`
⚠ [3937/3956] Built ConwaySoifer.Simplified.Geometry.Profile7Q0 (44s)
warning: ConwaySoifer/Simplified/Geometry/Profile7Q0.lean:29:48: this tactic is never executed

Note: This linter can be disabled with `set_option linter.unreachableTactic false`
warning: ConwaySoifer/Simplified/Geometry/Profile7Q0.lean:164:50: this tactic is never executed

Note: This linter can be disabled with `set_option linter.unreachableTactic false`
warning: ConwaySoifer/Simplified/Geometry/Profile7Q0.lean:301:54: this tactic is never executed

Note: This linter can be disabled with `set_option linter.unreachableTactic false`
warning: ConwaySoifer/Simplified/Geometry/Profile7Q0.lean:392:54: this tactic is never executed

Note: This linter can be disabled with `set_option linter.unreachableTactic false`
warning: ConwaySoifer/Simplified/Geometry/Profile7Q0.lean:483:52: this tactic is never executed

Note: This linter can be disabled with `set_option linter.unreachableTactic false`
warning: ConwaySoifer/Simplified/Geometry/Profile7Q0.lean:574:46: this tactic is never executed

Note: This linter can be disabled with `set_option linter.unreachableTactic false`
warning: ConwaySoifer/Simplified/Geometry/Profile7Q0.lean:29:27: Used `tac1 <;> tac2` where `(tac1; tac2)` would suffice

Note: This linter can be disabled with `set_option linter.unnecessarySeqFocus false`
warning: ConwaySoifer/Simplified/Geometry/Profile7Q0.lean:37:29: Used `tac1 <;> tac2` where `(tac1; tac2)` would suffice

Note: This linter can be disabled with `set_option linter.unnecessarySeqFocus false`
warning: ConwaySoifer/Simplified/Geometry/Profile7Q0.lean:37:80: Used `tac1 <;> tac2` where `(tac1; tac2)` would suffice

Note: This linter can be disabled with `set_option linter.unnecessarySeqFocus false`
warning: ConwaySoifer/Simplified/Geometry/Profile7Q0.lean:44:67: Used `tac1 <;> tac2` where `(tac1; tac2)` would suffice

Note: This linter can be disabled with `set_option linter.unnecessarySeqFocus false`
warning: ConwaySoifer/Simplified/Geometry/Profile7Q0.lean:54:29: Used `tac1 <;> tac2` where `(tac1; tac2)` would suffice

Note: This linter can be disabled with `set_option linter.unnecessarySeqFocus false`
warning: ConwaySoifer/Simplified/Geometry/Profile7Q0.lean:54:80: Used `tac1 <;> tac2` where `(tac1; tac2)` would suffice

Note: This linter can be disabled with `set_option linter.unnecessarySeqFocus false`
warning: ConwaySoifer/Simplified/Geometry/Profile7Q0.lean:61:67: Used `tac1 <;> tac2` where `(tac1; tac2)` would suffice

Note: This linter can be disabled with `set_option linter.unnecessarySeqFocus false`
warning: ConwaySoifer/Simplified/Geometry/Profile7Q0.lean:71:27: Used `tac1 <;> tac2` where `(tac1; tac2)` would suffice

Note: This linter can be disabled with `set_option linter.unnecessarySeqFocus false`
warning: ConwaySoifer/Simplified/Geometry/Profile7Q0.lean:71:44: Used `tac1 <;> tac2` where `(tac1; tac2)` would suffice

Note: This linter can be disabled with `set_option linter.unnecessarySeqFocus false`
warning: ConwaySoifer/Simplified/Geometry/Profile7Q0.lean:79:29: Used `tac1 <;> tac2` where `(tac1; tac2)` would suffice

Note: This linter can be disabled with `set_option linter.unnecessarySeqFocus false`
warning: ConwaySoifer/Simplified/Geometry/Profile7Q0.lean:79:80: Used `tac1 <;> tac2` where `(tac1; tac2)` would suffice

Note: This linter can be disabled with `set_option linter.unnecessarySeqFocus false`
warning: ConwaySoifer/Simplified/Geometry/Profile7Q0.lean:86:67: Used `tac1 <;> tac2` where `(tac1; tac2)` would suffice

Note: This linter can be disabled with `set_option linter.unnecessarySeqFocus false`
warning: ConwaySoifer/Simplified/Geometry/Profile7Q0.lean:96:29: Used `tac1 <;> tac2` where `(tac1; tac2)` would suffice

Note: This linter can be disabled with `set_option linter.unnecessarySeqFocus false`
warning: ConwaySoifer/Simplified/Geometry/Profile7Q0.lean:96:80: Used `tac1 <;> tac2` where `(tac1; tac2)` would suffice

Note: This linter can be disabled with `set_option linter.unnecessarySeqFocus false`
warning: ConwaySoifer/Simplified/Geometry/Profile7Q0.lean:103:67: Used `tac1 <;> tac2` where `(tac1; tac2)` would suffice

Note: This linter can be disabled with `set_option linter.unnecessarySeqFocus false`
warning: ConwaySoifer/Simplified/Geometry/Profile7Q0.lean:113:27: Used `tac1 <;> tac2` where `(tac1; tac2)` would suffice

Note: This linter can be disabled with `set_option linter.unnecessarySeqFocus false`
warning: ConwaySoifer/Simplified/Geometry/Profile7Q0.lean:113:44: Used `tac1 <;> tac2` where `(tac1; tac2)` would suffice

Note: This linter can be disabled with `set_option linter.unnecessarySeqFocus false`
warning: ConwaySoifer/Simplified/Geometry/Profile7Q0.lean:121:29: Used `tac1 <;> tac2` where `(tac1; tac2)` would suffice

Note: This linter can be disabled with `set_option linter.unnecessarySeqFocus false`
warning: ConwaySoifer/Simplified/Geometry/Profile7Q0.lean:121:80: Used `tac1 <;> tac2` where `(tac1; tac2)` would suffice

Note: This linter can be disabled with `set_option linter.unnecessarySeqFocus false`
warning: ConwaySoifer/Simplified/Geometry/Profile7Q0.lean:128:67: Used `tac1 <;> tac2` where `(tac1; tac2)` would suffice

Note: This linter can be disabled with `set_option linter.unnecessarySeqFocus false`
warning: ConwaySoifer/Simplified/Geometry/Profile7Q0.lean:138:29: Used `tac1 <;> tac2` where `(tac1; tac2)` would suffice

Note: This linter can be disabled with `set_option linter.unnecessarySeqFocus false`
warning: ConwaySoifer/Simplified/Geometry/Profile7Q0.lean:138:80: Used `tac1 <;> tac2` where `(tac1; tac2)` would suffice

Note: This linter can be disabled with `set_option linter.unnecessarySeqFocus false`
warning: ConwaySoifer/Simplified/Geometry/Profile7Q0.lean:145:67: Used `tac1 <;> tac2` where `(tac1; tac2)` would suffice

Note: This linter can be disabled with `set_option linter.unnecessarySeqFocus false`
warning: ConwaySoifer/Simplified/Geometry/Profile7Q0.lean:164:29: Used `tac1 <;> tac2` where `(tac1; tac2)` would suffice

Note: This linter can be disabled with `set_option linter.unnecessarySeqFocus false`
warning: ConwaySoifer/Simplified/Geometry/Profile7Q0.lean:172:31: Used `tac1 <;> tac2` where `(tac1; tac2)` would suffice

Note: This linter can be disabled with `set_option linter.unnecessarySeqFocus false`
warning: ConwaySoifer/Simplified/Geometry/Profile7Q0.lean:172:82: Used `tac1 <;> tac2` where `(tac1; tac2)` would suffice

Note: This linter can be disabled with `set_option linter.unnecessarySeqFocus false`
warning: ConwaySoifer/Simplified/Geometry/Profile7Q0.lean:179:69: Used `tac1 <;> tac2` where `(tac1; tac2)` would suffice

Note: This linter can be disabled with `set_option linter.unnecessarySeqFocus false`
warning: ConwaySoifer/Simplified/Geometry/Profile7Q0.lean:189:31: Used `tac1 <;> tac2` where `(tac1; tac2)` would suffice

Note: This linter can be disabled with `set_option linter.unnecessarySeqFocus false`
warning: ConwaySoifer/Simplified/Geometry/Profile7Q0.lean:189:82: Used `tac1 <;> tac2` where `(tac1; tac2)` would suffice

Note: This linter can be disabled with `set_option linter.unnecessarySeqFocus false`
warning: ConwaySoifer/Simplified/Geometry/Profile7Q0.lean:196:69: Used `tac1 <;> tac2` where `(tac1; tac2)` would suffice

Note: This linter can be disabled with `set_option linter.unnecessarySeqFocus false`
warning: ConwaySoifer/Simplified/Geometry/Profile7Q0.lean:206:29: Used `tac1 <;> tac2` where `(tac1; tac2)` would suffice

Note: This linter can be disabled with `set_option linter.unnecessarySeqFocus false`
warning: ConwaySoifer/Simplified/Geometry/Profile7Q0.lean:206:46: Used `tac1 <;> tac2` where `(tac1; tac2)` would suffice

Note: This linter can be disabled with `set_option linter.unnecessarySeqFocus false`
warning: ConwaySoifer/Simplified/Geometry/Profile7Q0.lean:214:31: Used `tac1 <;> tac2` where `(tac1; tac2)` would suffice

Note: This linter can be disabled with `set_option linter.unnecessarySeqFocus false`
warning: ConwaySoifer/Simplified/Geometry/Profile7Q0.lean:214:82: Used `tac1 <;> tac2` where `(tac1; tac2)` would suffice

Note: This linter can be disabled with `set_option linter.unnecessarySeqFocus false`
warning: ConwaySoifer/Simplified/Geometry/Profile7Q0.lean:221:69: Used `tac1 <;> tac2` where `(tac1; tac2)` would suffice

Note: This linter can be disabled with `set_option linter.unnecessarySeqFocus false`
warning: ConwaySoifer/Simplified/Geometry/Profile7Q0.lean:231:31: Used `tac1 <;> tac2` where `(tac1; tac2)` would suffice

Note: This linter can be disabled with `set_option linter.unnecessarySeqFocus false`
warning: ConwaySoifer/Simplified/Geometry/Profile7Q0.lean:231:82: Used `tac1 <;> tac2` where `(tac1; tac2)` would suffice

Note: This linter can be disabled with `set_option linter.unnecessarySeqFocus false`
warning: ConwaySoifer/Simplified/Geometry/Profile7Q0.lean:238:69: Used `tac1 <;> tac2` where `(tac1; tac2)` would suffice

Note: This linter can be disabled with `set_option linter.unnecessarySeqFocus false`
warning: ConwaySoifer/Simplified/Geometry/Profile7Q0.lean:248:29: Used `tac1 <;> tac2` where `(tac1; tac2)` would suffice

Note: This linter can be disabled with `set_option linter.unnecessarySeqFocus false`
warning: ConwaySoifer/Simplified/Geometry/Profile7Q0.lean:248:46: Used `tac1 <;> tac2` where `(tac1; tac2)` would suffice

Note: This linter can be disabled with `set_option linter.unnecessarySeqFocus false`
warning: ConwaySoifer/Simplified/Geometry/Profile7Q0.lean:256:31: Used `tac1 <;> tac2` where `(tac1; tac2)` would suffice

Note: This linter can be disabled with `set_option linter.unnecessarySeqFocus false`
warning: ConwaySoifer/Simplified/Geometry/Profile7Q0.lean:256:82: Used `tac1 <;> tac2` where `(tac1; tac2)` would suffice

Note: This linter can be disabled with `set_option linter.unnecessarySeqFocus false`
warning: ConwaySoifer/Simplified/Geometry/Profile7Q0.lean:263:69: Used `tac1 <;> tac2` where `(tac1; tac2)` would suffice

Note: This linter can be disabled with `set_option linter.unnecessarySeqFocus false`
warning: ConwaySoifer/Simplified/Geometry/Profile7Q0.lean:273:31: Used `tac1 <;> tac2` where `(tac1; tac2)` would suffice

Note: This linter can be disabled with `set_option linter.unnecessarySeqFocus false`
warning: ConwaySoifer/Simplified/Geometry/Profile7Q0.lean:273:82: Used `tac1 <;> tac2` where `(tac1; tac2)` would suffice

Note: This linter can be disabled with `set_option linter.unnecessarySeqFocus false`
warning: ConwaySoifer/Simplified/Geometry/Profile7Q0.lean:280:69: Used `tac1 <;> tac2` where `(tac1; tac2)` would suffice

Note: This linter can be disabled with `set_option linter.unnecessarySeqFocus false`
warning: ConwaySoifer/Simplified/Geometry/Profile7Q0.lean:301:33: Used `tac1 <;> tac2` where `(tac1; tac2)` would suffice

Note: This linter can be disabled with `set_option linter.unnecessarySeqFocus false`
warning: ConwaySoifer/Simplified/Geometry/Profile7Q0.lean:309:35: Used `tac1 <;> tac2` where `(tac1; tac2)` would suffice

Note: This linter can be disabled with `set_option linter.unnecessarySeqFocus false`
warning: ConwaySoifer/Simplified/Geometry/Profile7Q0.lean:309:86: Used `tac1 <;> tac2` where `(tac1; tac2)` would suffice

Note: This linter can be disabled with `set_option linter.unnecessarySeqFocus false`
warning: ConwaySoifer/Simplified/Geometry/Profile7Q0.lean:316:73: Used `tac1 <;> tac2` where `(tac1; tac2)` would suffice

Note: This linter can be disabled with `set_option linter.unnecessarySeqFocus false`
warning: ConwaySoifer/Simplified/Geometry/Profile7Q0.lean:326:35: Used `tac1 <;> tac2` where `(tac1; tac2)` would suffice

Note: This linter can be disabled with `set_option linter.unnecessarySeqFocus false`
warning: ConwaySoifer/Simplified/Geometry/Profile7Q0.lean:326:86: Used `tac1 <;> tac2` where `(tac1; tac2)` would suffice

Note: This linter can be disabled with `set_option linter.unnecessarySeqFocus false`
warning: ConwaySoifer/Simplified/Geometry/Profile7Q0.lean:333:73: Used `tac1 <;> tac2` where `(tac1; tac2)` would suffice

Note: This linter can be disabled with `set_option linter.unnecessarySeqFocus false`
warning: ConwaySoifer/Simplified/Geometry/Profile7Q0.lean:343:33: Used `tac1 <;> tac2` where `(tac1; tac2)` would suffice

Note: This linter can be disabled with `set_option linter.unnecessarySeqFocus false`
warning: ConwaySoifer/Simplified/Geometry/Profile7Q0.lean:343:50: Used `tac1 <;> tac2` where `(tac1; tac2)` would suffice

Note: This linter can be disabled with `set_option linter.unnecessarySeqFocus false`
warning: ConwaySoifer/Simplified/Geometry/Profile7Q0.lean:351:35: Used `tac1 <;> tac2` where `(tac1; tac2)` would suffice

Note: This linter can be disabled with `set_option linter.unnecessarySeqFocus false`
warning: ConwaySoifer/Simplified/Geometry/Profile7Q0.lean:351:86: Used `tac1 <;> tac2` where `(tac1; tac2)` would suffice

Note: This linter can be disabled with `set_option linter.unnecessarySeqFocus false`
warning: ConwaySoifer/Simplified/Geometry/Profile7Q0.lean:358:73: Used `tac1 <;> tac2` where `(tac1; tac2)` would suffice

Note: This linter can be disabled with `set_option linter.unnecessarySeqFocus false`
warning: ConwaySoifer/Simplified/Geometry/Profile7Q0.lean:368:35: Used `tac1 <;> tac2` where `(tac1; tac2)` would suffice

Note: This linter can be disabled with `set_option linter.unnecessarySeqFocus false`
warning: ConwaySoifer/Simplified/Geometry/Profile7Q0.lean:368:86: Used `tac1 <;> tac2` where `(tac1; tac2)` would suffice

Note: This linter can be disabled with `set_option linter.unnecessarySeqFocus false`
warning: ConwaySoifer/Simplified/Geometry/Profile7Q0.lean:375:73: Used `tac1 <;> tac2` where `(tac1; tac2)` would suffice

Note: This linter can be disabled with `set_option linter.unnecessarySeqFocus false`
warning: ConwaySoifer/Simplified/Geometry/Profile7Q0.lean:392:33: Used `tac1 <;> tac2` where `(tac1; tac2)` would suffice

Note: This linter can be disabled with `set_option linter.unnecessarySeqFocus false`
warning: ConwaySoifer/Simplified/Geometry/Profile7Q0.lean:400:35: Used `tac1 <;> tac2` where `(tac1; tac2)` would suffice

Note: This linter can be disabled with `set_option linter.unnecessarySeqFocus false`
warning: ConwaySoifer/Simplified/Geometry/Profile7Q0.lean:400:86: Used `tac1 <;> tac2` where `(tac1; tac2)` would suffice

Note: This linter can be disabled with `set_option linter.unnecessarySeqFocus false`
warning: ConwaySoifer/Simplified/Geometry/Profile7Q0.lean:407:73: Used `tac1 <;> tac2` where `(tac1; tac2)` would suffice

Note: This linter can be disabled with `set_option linter.unnecessarySeqFocus false`
warning: ConwaySoifer/Simplified/Geometry/Profile7Q0.lean:417:35: Used `tac1 <;> tac2` where `(tac1; tac2)` would suffice

Note: This linter can be disabled with `set_option linter.unnecessarySeqFocus false`
warning: ConwaySoifer/Simplified/Geometry/Profile7Q0.lean:417:86: Used `tac1 <;> tac2` where `(tac1; tac2)` would suffice

Note: This linter can be disabled with `set_option linter.unnecessarySeqFocus false`
warning: ConwaySoifer/Simplified/Geometry/Profile7Q0.lean:424:73: Used `tac1 <;> tac2` where `(tac1; tac2)` would suffice

Note: This linter can be disabled with `set_option linter.unnecessarySeqFocus false`
warning: ConwaySoifer/Simplified/Geometry/Profile7Q0.lean:434:33: Used `tac1 <;> tac2` where `(tac1; tac2)` would suffice

Note: This linter can be disabled with `set_option linter.unnecessarySeqFocus false`
warning: ConwaySoifer/Simplified/Geometry/Profile7Q0.lean:434:50: Used `tac1 <;> tac2` where `(tac1; tac2)` would suffice

Note: This linter can be disabled with `set_option linter.unnecessarySeqFocus false`
warning: ConwaySoifer/Simplified/Geometry/Profile7Q0.lean:442:35: Used `tac1 <;> tac2` where `(tac1; tac2)` would suffice

Note: This linter can be disabled with `set_option linter.unnecessarySeqFocus false`
warning: ConwaySoifer/Simplified/Geometry/Profile7Q0.lean:442:86: Used `tac1 <;> tac2` where `(tac1; tac2)` would suffice

Note: This linter can be disabled with `set_option linter.unnecessarySeqFocus false`
warning: ConwaySoifer/Simplified/Geometry/Profile7Q0.lean:449:73: Used `tac1 <;> tac2` where `(tac1; tac2)` would suffice

Note: This linter can be disabled with `set_option linter.unnecessarySeqFocus false`
warning: ConwaySoifer/Simplified/Geometry/Profile7Q0.lean:459:35: Used `tac1 <;> tac2` where `(tac1; tac2)` would suffice

Note: This linter can be disabled with `set_option linter.unnecessarySeqFocus false`
warning: ConwaySoifer/Simplified/Geometry/Profile7Q0.lean:459:86: Used `tac1 <;> tac2` where `(tac1; tac2)` would suffice

Note: This linter can be disabled with `set_option linter.unnecessarySeqFocus false`
warning: ConwaySoifer/Simplified/Geometry/Profile7Q0.lean:466:73: Used `tac1 <;> tac2` where `(tac1; tac2)` would suffice

Note: This linter can be disabled with `set_option linter.unnecessarySeqFocus false`
warning: ConwaySoifer/Simplified/Geometry/Profile7Q0.lean:483:31: Used `tac1 <;> tac2` where `(tac1; tac2)` would suffice

Note: This linter can be disabled with `set_option linter.unnecessarySeqFocus false`
warning: ConwaySoifer/Simplified/Geometry/Profile7Q0.lean:491:33: Used `tac1 <;> tac2` where `(tac1; tac2)` would suffice

Note: This linter can be disabled with `set_option linter.unnecessarySeqFocus false`
warning: ConwaySoifer/Simplified/Geometry/Profile7Q0.lean:491:84: Used `tac1 <;> tac2` where `(tac1; tac2)` would suffice

Note: This linter can be disabled with `set_option linter.unnecessarySeqFocus false`
warning: ConwaySoifer/Simplified/Geometry/Profile7Q0.lean:498:71: Used `tac1 <;> tac2` where `(tac1; tac2)` would suffice

Note: This linter can be disabled with `set_option linter.unnecessarySeqFocus false`
warning: ConwaySoifer/Simplified/Geometry/Profile7Q0.lean:508:33: Used `tac1 <;> tac2` where `(tac1; tac2)` would suffice

Note: This linter can be disabled with `set_option linter.unnecessarySeqFocus false`
warning: ConwaySoifer/Simplified/Geometry/Profile7Q0.lean:508:84: Used `tac1 <;> tac2` where `(tac1; tac2)` would suffice

Note: This linter can be disabled with `set_option linter.unnecessarySeqFocus false`
warning: ConwaySoifer/Simplified/Geometry/Profile7Q0.lean:515:71: Used `tac1 <;> tac2` where `(tac1; tac2)` would suffice

Note: This linter can be disabled with `set_option linter.unnecessarySeqFocus false`
warning: ConwaySoifer/Simplified/Geometry/Profile7Q0.lean:525:31: Used `tac1 <;> tac2` where `(tac1; tac2)` would suffice

Note: This linter can be disabled with `set_option linter.unnecessarySeqFocus false`
warning: ConwaySoifer/Simplified/Geometry/Profile7Q0.lean:525:48: Used `tac1 <;> tac2` where `(tac1; tac2)` would suffice

Note: This linter can be disabled with `set_option linter.unnecessarySeqFocus false`
warning: ConwaySoifer/Simplified/Geometry/Profile7Q0.lean:533:33: Used `tac1 <;> tac2` where `(tac1; tac2)` would suffice

Note: This linter can be disabled with `set_option linter.unnecessarySeqFocus false`
warning: ConwaySoifer/Simplified/Geometry/Profile7Q0.lean:533:84: Used `tac1 <;> tac2` where `(tac1; tac2)` would suffice

Note: This linter can be disabled with `set_option linter.unnecessarySeqFocus false`
warning: ConwaySoifer/Simplified/Geometry/Profile7Q0.lean:540:71: Used `tac1 <;> tac2` where `(tac1; tac2)` would suffice

Note: This linter can be disabled with `set_option linter.unnecessarySeqFocus false`
warning: ConwaySoifer/Simplified/Geometry/Profile7Q0.lean:550:33: Used `tac1 <;> tac2` where `(tac1; tac2)` would suffice

Note: This linter can be disabled with `set_option linter.unnecessarySeqFocus false`
warning: ConwaySoifer/Simplified/Geometry/Profile7Q0.lean:550:84: Used `tac1 <;> tac2` where `(tac1; tac2)` would suffice

Note: This linter can be disabled with `set_option linter.unnecessarySeqFocus false`
warning: ConwaySoifer/Simplified/Geometry/Profile7Q0.lean:557:71: Used `tac1 <;> tac2` where `(tac1; tac2)` would suffice

Note: This linter can be disabled with `set_option linter.unnecessarySeqFocus false`
warning: ConwaySoifer/Simplified/Geometry/Profile7Q0.lean:574:25: Used `tac1 <;> tac2` where `(tac1; tac2)` would suffice

Note: This linter can be disabled with `set_option linter.unnecessarySeqFocus false`
warning: ConwaySoifer/Simplified/Geometry/Profile7Q0.lean:582:27: Used `tac1 <;> tac2` where `(tac1; tac2)` would suffice

Note: This linter can be disabled with `set_option linter.unnecessarySeqFocus false`
warning: ConwaySoifer/Simplified/Geometry/Profile7Q0.lean:582:78: Used `tac1 <;> tac2` where `(tac1; tac2)` would suffice

Note: This linter can be disabled with `set_option linter.unnecessarySeqFocus false`
warning: ConwaySoifer/Simplified/Geometry/Profile7Q0.lean:589:65: Used `tac1 <;> tac2` where `(tac1; tac2)` would suffice

Note: This linter can be disabled with `set_option linter.unnecessarySeqFocus false`
warning: ConwaySoifer/Simplified/Geometry/Profile7Q0.lean:599:27: Used `tac1 <;> tac2` where `(tac1; tac2)` would suffice

Note: This linter can be disabled with `set_option linter.unnecessarySeqFocus false`
warning: ConwaySoifer/Simplified/Geometry/Profile7Q0.lean:599:78: Used `tac1 <;> tac2` where `(tac1; tac2)` would suffice

Note: This linter can be disabled with `set_option linter.unnecessarySeqFocus false`
warning: ConwaySoifer/Simplified/Geometry/Profile7Q0.lean:606:65: Used `tac1 <;> tac2` where `(tac1; tac2)` would suffice

Note: This linter can be disabled with `set_option linter.unnecessarySeqFocus false`
warning: ConwaySoifer/Simplified/Geometry/Profile7Q0.lean:616:25: Used `tac1 <;> tac2` where `(tac1; tac2)` would suffice

Note: This linter can be disabled with `set_option linter.unnecessarySeqFocus false`
warning: ConwaySoifer/Simplified/Geometry/Profile7Q0.lean:616:42: Used `tac1 <;> tac2` where `(tac1; tac2)` would suffice

Note: This linter can be disabled with `set_option linter.unnecessarySeqFocus false`
warning: ConwaySoifer/Simplified/Geometry/Profile7Q0.lean:624:27: Used `tac1 <;> tac2` where `(tac1; tac2)` would suffice

Note: This linter can be disabled with `set_option linter.unnecessarySeqFocus false`
warning: ConwaySoifer/Simplified/Geometry/Profile7Q0.lean:624:78: Used `tac1 <;> tac2` where `(tac1; tac2)` would suffice

Note: This linter can be disabled with `set_option linter.unnecessarySeqFocus false`
warning: ConwaySoifer/Simplified/Geometry/Profile7Q0.lean:631:65: Used `tac1 <;> tac2` where `(tac1; tac2)` would suffice

Note: This linter can be disabled with `set_option linter.unnecessarySeqFocus false`
warning: ConwaySoifer/Simplified/Geometry/Profile7Q0.lean:641:27: Used `tac1 <;> tac2` where `(tac1; tac2)` would suffice

Note: This linter can be disabled with `set_option linter.unnecessarySeqFocus false`
warning: ConwaySoifer/Simplified/Geometry/Profile7Q0.lean:641:78: Used `tac1 <;> tac2` where `(tac1; tac2)` would suffice

Note: This linter can be disabled with `set_option linter.unnecessarySeqFocus false`
warning: ConwaySoifer/Simplified/Geometry/Profile7Q0.lean:648:65: Used `tac1 <;> tac2` where `(tac1; tac2)` would suffice

Note: This linter can be disabled with `set_option linter.unnecessarySeqFocus false`
warning: ConwaySoifer/Simplified/Geometry/Profile7Q0.lean:29:48: 'ring' tactic does nothing

Note: This linter can be disabled with `set_option linter.unusedTactic false`
warning: ConwaySoifer/Simplified/Geometry/Profile7Q0.lean:164:50: 'ring' tactic does nothing

Note: This linter can be disabled with `set_option linter.unusedTactic false`
warning: ConwaySoifer/Simplified/Geometry/Profile7Q0.lean:301:54: 'ring' tactic does nothing

Note: This linter can be disabled with `set_option linter.unusedTactic false`
warning: ConwaySoifer/Simplified/Geometry/Profile7Q0.lean:392:54: 'ring' tactic does nothing

Note: This linter can be disabled with `set_option linter.unusedTactic false`
warning: ConwaySoifer/Simplified/Geometry/Profile7Q0.lean:483:52: 'ring' tactic does nothing

Note: This linter can be disabled with `set_option linter.unusedTactic false`
warning: ConwaySoifer/Simplified/Geometry/Profile7Q0.lean:574:46: 'ring' tactic does nothing

Note: This linter can be disabled with `set_option linter.unusedTactic false`
✔ [3938/3956] Built ConwaySoifer.Simplified.Geometry.AcrossArea (3.5s)
✔ [3939/3956] Built ConwaySoifer.Simplified.Geometry.LocalSideCover (2.1s)
⚠ [3940/3956] Built ConwaySoifer.Simplified.Geometry.AownArea (5.1s)
warning: ConwaySoifer/Simplified/Geometry/AownArea.lean:22:34: unused variable `hs`

Note: This linter can be disabled with `set_option linter.unusedVariables false`
warning: ConwaySoifer/Simplified/Geometry/AownArea.lean:22:47: unused variable `hY`

Note: This linter can be disabled with `set_option linter.unusedVariables false`
warning: ConwaySoifer/Simplified/Geometry/AownArea.lean:73:61: 'ring' tactic does nothing

Note: This linter can be disabled with `set_option linter.unusedTactic false`
⚠ [3941/3956] Built ConwaySoifer.Simplified.Complements.AcrossSmall (3.1s)
warning: ConwaySoifer/Simplified/Complements/AcrossSmall.lean:47:46: Used `tac1 <;> tac2` where `(tac1; tac2)` would suffice

Note: This linter can be disabled with `set_option linter.unnecessarySeqFocus false`
warning: ConwaySoifer/Simplified/Complements/AcrossSmall.lean:47:61: Used `tac1 <;> tac2` where `(tac1; tac2)` would suffice

Note: This linter can be disabled with `set_option linter.unnecessarySeqFocus false`
⚠ [3942/3956] Built ConwaySoifer.Simplified.Geometry.ProfileWitness (10s)
warning: ConwaySoifer/Simplified/Geometry/ProfileWitness.lean:43:95: this tactic is never executed

Note: This linter can be disabled with `set_option linter.unreachableTactic false`
warning: ConwaySoifer/Simplified/Geometry/ProfileWitness.lean:44:60: this tactic is never executed

Note: This linter can be disabled with `set_option linter.unreachableTactic false`
warning: ConwaySoifer/Simplified/Geometry/ProfileWitness.lean:45:112: this tactic is never executed

Note: This linter can be disabled with `set_option linter.unreachableTactic false`
warning: ConwaySoifer/Simplified/Geometry/ProfileWitness.lean:50:95: this tactic is never executed

Note: This linter can be disabled with `set_option linter.unreachableTactic false`
warning: ConwaySoifer/Simplified/Geometry/ProfileWitness.lean:51:60: this tactic is never executed

Note: This linter can be disabled with `set_option linter.unreachableTactic false`
warning: ConwaySoifer/Simplified/Geometry/ProfileWitness.lean:52:112: this tactic is never executed

Note: This linter can be disabled with `set_option linter.unreachableTactic false`
warning: ConwaySoifer/Simplified/Geometry/ProfileWitness.lean:57:95: this tactic is never executed

Note: This linter can be disabled with `set_option linter.unreachableTactic false`
warning: ConwaySoifer/Simplified/Geometry/ProfileWitness.lean:58:60: this tactic is never executed

Note: This linter can be disabled with `set_option linter.unreachableTactic false`
warning: ConwaySoifer/Simplified/Geometry/ProfileWitness.lean:59:87: this tactic is never executed

Note: This linter can be disabled with `set_option linter.unreachableTactic false`
warning: ConwaySoifer/Simplified/Geometry/ProfileWitness.lean:59:112: this tactic is never executed

Note: This linter can be disabled with `set_option linter.unreachableTactic false`
warning: ConwaySoifer/Simplified/Geometry/ProfileWitness.lean:64:95: this tactic is never executed

Note: This linter can be disabled with `set_option linter.unreachableTactic false`
warning: ConwaySoifer/Simplified/Geometry/ProfileWitness.lean:65:95: this tactic is never executed

Note: This linter can be disabled with `set_option linter.unreachableTactic false`
warning: ConwaySoifer/Simplified/Geometry/ProfileWitness.lean:66:112: this tactic is never executed

Note: This linter can be disabled with `set_option linter.unreachableTactic false`
warning: ConwaySoifer/Simplified/Geometry/ProfileWitness.lean:71:95: this tactic is never executed

Note: This linter can be disabled with `set_option linter.unreachableTactic false`
warning: ConwaySoifer/Simplified/Geometry/ProfileWitness.lean:72:95: this tactic is never executed

Note: This linter can be disabled with `set_option linter.unreachableTactic false`
warning: ConwaySoifer/Simplified/Geometry/ProfileWitness.lean:73:112: this tactic is never executed

Note: This linter can be disabled with `set_option linter.unreachableTactic false`
warning: ConwaySoifer/Simplified/Geometry/ProfileWitness.lean:78:95: this tactic is never executed

Note: This linter can be disabled with `set_option linter.unreachableTactic false`
warning: ConwaySoifer/Simplified/Geometry/ProfileWitness.lean:79:95: this tactic is never executed

Note: This linter can be disabled with `set_option linter.unreachableTactic false`
warning: ConwaySoifer/Simplified/Geometry/ProfileWitness.lean:80:87: this tactic is never executed

Note: This linter can be disabled with `set_option linter.unreachableTactic false`
warning: ConwaySoifer/Simplified/Geometry/ProfileWitness.lean:80:112: this tactic is never executed

Note: This linter can be disabled with `set_option linter.unreachableTactic false`
warning: ConwaySoifer/Simplified/Geometry/ProfileWitness.lean:85:95: this tactic is never executed

Note: This linter can be disabled with `set_option linter.unreachableTactic false`
warning: ConwaySoifer/Simplified/Geometry/ProfileWitness.lean:86:95: this tactic is never executed

Note: This linter can be disabled with `set_option linter.unreachableTactic false`
warning: ConwaySoifer/Simplified/Geometry/ProfileWitness.lean:87:112: this tactic is never executed

Note: This linter can be disabled with `set_option linter.unreachableTactic false`
warning: ConwaySoifer/Simplified/Geometry/ProfileWitness.lean:92:95: this tactic is never executed

Note: This linter can be disabled with `set_option linter.unreachableTactic false`
warning: ConwaySoifer/Simplified/Geometry/ProfileWitness.lean:93:95: this tactic is never executed

Note: This linter can be disabled with `set_option linter.unreachableTactic false`
warning: ConwaySoifer/Simplified/Geometry/ProfileWitness.lean:94:112: this tactic is never executed

Note: This linter can be disabled with `set_option linter.unreachableTactic false`
warning: ConwaySoifer/Simplified/Geometry/ProfileWitness.lean:99:95: this tactic is never executed

Note: This linter can be disabled with `set_option linter.unreachableTactic false`
warning: ConwaySoifer/Simplified/Geometry/ProfileWitness.lean:100:95: this tactic is never executed

Note: This linter can be disabled with `set_option linter.unreachableTactic false`
warning: ConwaySoifer/Simplified/Geometry/ProfileWitness.lean:101:87: this tactic is never executed

Note: This linter can be disabled with `set_option linter.unreachableTactic false`
warning: ConwaySoifer/Simplified/Geometry/ProfileWitness.lean:101:112: this tactic is never executed

Note: This linter can be disabled with `set_option linter.unreachableTactic false`
warning: ConwaySoifer/Simplified/Geometry/ProfileWitness.lean:106:60: this tactic is never executed

Note: This linter can be disabled with `set_option linter.unreachableTactic false`
warning: ConwaySoifer/Simplified/Geometry/ProfileWitness.lean:107:95: this tactic is never executed

Note: This linter can be disabled with `set_option linter.unreachableTactic false`
warning: ConwaySoifer/Simplified/Geometry/ProfileWitness.lean:108:112: this tactic is never executed

Note: This linter can be disabled with `set_option linter.unreachableTactic false`
warning: ConwaySoifer/Simplified/Geometry/ProfileWitness.lean:113:60: this tactic is never executed

Note: This linter can be disabled with `set_option linter.unreachableTactic false`
warning: ConwaySoifer/Simplified/Geometry/ProfileWitness.lean:114:95: this tactic is never executed

Note: This linter can be disabled with `set_option linter.unreachableTactic false`
warning: ConwaySoifer/Simplified/Geometry/ProfileWitness.lean:115:112: this tactic is never executed

Note: This linter can be disabled with `set_option linter.unreachableTactic false`
warning: ConwaySoifer/Simplified/Geometry/ProfileWitness.lean:120:60: this tactic is never executed

Note: This linter can be disabled with `set_option linter.unreachableTactic false`
warning: ConwaySoifer/Simplified/Geometry/ProfileWitness.lean:121:95: this tactic is never executed

Note: This linter can be disabled with `set_option linter.unreachableTactic false`
warning: ConwaySoifer/Simplified/Geometry/ProfileWitness.lean:122:87: this tactic is never executed

Note: This linter can be disabled with `set_option linter.unreachableTactic false`
warning: ConwaySoifer/Simplified/Geometry/ProfileWitness.lean:122:112: this tactic is never executed

Note: This linter can be disabled with `set_option linter.unreachableTactic false`
warning: ConwaySoifer/Simplified/Geometry/ProfileWitness.lean:127:95: this tactic is never executed

Note: This linter can be disabled with `set_option linter.unreachableTactic false`
warning: ConwaySoifer/Simplified/Geometry/ProfileWitness.lean:128:78: this tactic is never executed

Note: This linter can be disabled with `set_option linter.unreachableTactic false`
warning: ConwaySoifer/Simplified/Geometry/ProfileWitness.lean:128:103: this tactic is never executed

Note: This linter can be disabled with `set_option linter.unreachableTactic false`
warning: ConwaySoifer/Simplified/Geometry/ProfileWitness.lean:129:112: this tactic is never executed

Note: This linter can be disabled with `set_option linter.unreachableTactic false`
warning: ConwaySoifer/Simplified/Geometry/ProfileWitness.lean:134:95: this tactic is never executed

Note: This linter can be disabled with `set_option linter.unreachableTactic false`
warning: ConwaySoifer/Simplified/Geometry/ProfileWitness.lean:135:78: this tactic is never executed

Note: This linter can be disabled with `set_option linter.unreachableTactic false`
warning: ConwaySoifer/Simplified/Geometry/ProfileWitness.lean:135:103: this tactic is never executed

Note: This linter can be disabled with `set_option linter.unreachableTactic false`
warning: ConwaySoifer/Simplified/Geometry/ProfileWitness.lean:136:112: this tactic is never executed

Note: This linter can be disabled with `set_option linter.unreachableTactic false`
warning: ConwaySoifer/Simplified/Geometry/ProfileWitness.lean:141:95: this tactic is never executed

Note: This linter can be disabled with `set_option linter.unreachableTactic false`
warning: ConwaySoifer/Simplified/Geometry/ProfileWitness.lean:142:78: this tactic is never executed

Note: This linter can be disabled with `set_option linter.unreachableTactic false`
warning: ConwaySoifer/Simplified/Geometry/ProfileWitness.lean:142:103: this tactic is never executed

Note: This linter can be disabled with `set_option linter.unreachableTactic false`
warning: ConwaySoifer/Simplified/Geometry/ProfileWitness.lean:143:87: this tactic is never executed

Note: This linter can be disabled with `set_option linter.unreachableTactic false`
warning: ConwaySoifer/Simplified/Geometry/ProfileWitness.lean:143:112: this tactic is never executed

Note: This linter can be disabled with `set_option linter.unreachableTactic false`
warning: ConwaySoifer/Simplified/Geometry/ProfileWitness.lean:148:95: this tactic is never executed

Note: This linter can be disabled with `set_option linter.unreachableTactic false`
warning: ConwaySoifer/Simplified/Geometry/ProfileWitness.lean:149:95: this tactic is never executed

Note: This linter can be disabled with `set_option linter.unreachableTactic false`
warning: ConwaySoifer/Simplified/Geometry/ProfileWitness.lean:150:112: this tactic is never executed

Note: This linter can be disabled with `set_option linter.unreachableTactic false`
warning: ConwaySoifer/Simplified/Geometry/ProfileWitness.lean:155:95: this tactic is never executed

Note: This linter can be disabled with `set_option linter.unreachableTactic false`
warning: ConwaySoifer/Simplified/Geometry/ProfileWitness.lean:156:95: this tactic is never executed

Note: This linter can be disabled with `set_option linter.unreachableTactic false`
warning: ConwaySoifer/Simplified/Geometry/ProfileWitness.lean:157:112: this tactic is never executed

Note: This linter can be disabled with `set_option linter.unreachableTactic false`
warning: ConwaySoifer/Simplified/Geometry/ProfileWitness.lean:162:95: this tactic is never executed

Note: This linter can be disabled with `set_option linter.unreachableTactic false`
warning: ConwaySoifer/Simplified/Geometry/ProfileWitness.lean:163:95: this tactic is never executed

Note: This linter can be disabled with `set_option linter.unreachableTactic false`
warning: ConwaySoifer/Simplified/Geometry/ProfileWitness.lean:164:87: this tactic is never executed

Note: This linter can be disabled with `set_option linter.unreachableTactic false`
warning: ConwaySoifer/Simplified/Geometry/ProfileWitness.lean:164:112: this tactic is never executed

Note: This linter can be disabled with `set_option linter.unreachableTactic false`
warning: ConwaySoifer/Simplified/Geometry/ProfileWitness.lean:169:95: this tactic is never executed

Note: This linter can be disabled with `set_option linter.unreachableTactic false`
warning: ConwaySoifer/Simplified/Geometry/ProfileWitness.lean:170:95: this tactic is never executed

Note: This linter can be disabled with `set_option linter.unreachableTactic false`
warning: ConwaySoifer/Simplified/Geometry/ProfileWitness.lean:171:112: this tactic is never executed

Note: This linter can be disabled with `set_option linter.unreachableTactic false`
warning: ConwaySoifer/Simplified/Geometry/ProfileWitness.lean:176:95: this tactic is never executed

Note: This linter can be disabled with `set_option linter.unreachableTactic false`
warning: ConwaySoifer/Simplified/Geometry/ProfileWitness.lean:177:95: this tactic is never executed

Note: This linter can be disabled with `set_option linter.unreachableTactic false`
warning: ConwaySoifer/Simplified/Geometry/ProfileWitness.lean:178:112: this tactic is never executed

Note: This linter can be disabled with `set_option linter.unreachableTactic false`
warning: ConwaySoifer/Simplified/Geometry/ProfileWitness.lean:183:95: this tactic is never executed

Note: This linter can be disabled with `set_option linter.unreachableTactic false`
warning: ConwaySoifer/Simplified/Geometry/ProfileWitness.lean:184:95: this tactic is never executed

Note: This linter can be disabled with `set_option linter.unreachableTactic false`
warning: ConwaySoifer/Simplified/Geometry/ProfileWitness.lean:185:87: this tactic is never executed

Note: This linter can be disabled with `set_option linter.unreachableTactic false`
warning: ConwaySoifer/Simplified/Geometry/ProfileWitness.lean:185:112: this tactic is never executed

Note: This linter can be disabled with `set_option linter.unreachableTactic false`
warning: ConwaySoifer/Simplified/Geometry/ProfileWitness.lean:190:95: this tactic is never executed

Note: This linter can be disabled with `set_option linter.unreachableTactic false`
warning: ConwaySoifer/Simplified/Geometry/ProfileWitness.lean:191:95: this tactic is never executed

Note: This linter can be disabled with `set_option linter.unreachableTactic false`
warning: ConwaySoifer/Simplified/Geometry/ProfileWitness.lean:192:112: this tactic is never executed

Note: This linter can be disabled with `set_option linter.unreachableTactic false`
warning: ConwaySoifer/Simplified/Geometry/ProfileWitness.lean:197:95: this tactic is never executed

Note: This linter can be disabled with `set_option linter.unreachableTactic false`
warning: ConwaySoifer/Simplified/Geometry/ProfileWitness.lean:198:95: this tactic is never executed

Note: This linter can be disabled with `set_option linter.unreachableTactic false`
warning: ConwaySoifer/Simplified/Geometry/ProfileWitness.lean:199:112: this tactic is never executed

Note: This linter can be disabled with `set_option linter.unreachableTactic false`
warning: ConwaySoifer/Simplified/Geometry/ProfileWitness.lean:204:95: this tactic is never executed

Note: This linter can be disabled with `set_option linter.unreachableTactic false`
warning: ConwaySoifer/Simplified/Geometry/ProfileWitness.lean:205:95: this tactic is never executed

Note: This linter can be disabled with `set_option linter.unreachableTactic false`
warning: ConwaySoifer/Simplified/Geometry/ProfileWitness.lean:206:87: this tactic is never executed

Note: This linter can be disabled with `set_option linter.unreachableTactic false`
warning: ConwaySoifer/Simplified/Geometry/ProfileWitness.lean:206:112: this tactic is never executed

Note: This linter can be disabled with `set_option linter.unreachableTactic false`
warning: ConwaySoifer/Simplified/Geometry/ProfileWitness.lean:43:25: Used `tac1 <;> tac2` where `(tac1; tac2)` would suffice

Note: This linter can be disabled with `set_option linter.unnecessarySeqFocus false`
warning: ConwaySoifer/Simplified/Geometry/ProfileWitness.lean:43:56: Used `tac1 <;> tac2` where `(tac1; tac2)` would suffice

Note: This linter can be disabled with `set_option linter.unnecessarySeqFocus false`
warning: ConwaySoifer/Simplified/Geometry/ProfileWitness.lean:44:25: Used `tac1 <;> tac2` where `(tac1; tac2)` would suffice

Note: This linter can be disabled with `set_option linter.unnecessarySeqFocus false`
warning: ConwaySoifer/Simplified/Geometry/ProfileWitness.lean:45:25: Used `tac1 <;> tac2` where `(tac1; tac2)` would suffice

Note: This linter can be disabled with `set_option linter.unnecessarySeqFocus false`
warning: ConwaySoifer/Simplified/Geometry/ProfileWitness.lean:45:65: Used `tac1 <;> tac2` where `(tac1; tac2)` would suffice

Note: This linter can be disabled with `set_option linter.unnecessarySeqFocus false`
warning: ConwaySoifer/Simplified/Geometry/ProfileWitness.lean:50:25: Used `tac1 <;> tac2` where `(tac1; tac2)` would suffice

Note: This linter can be disabled with `set_option linter.unnecessarySeqFocus false`
warning: ConwaySoifer/Simplified/Geometry/ProfileWitness.lean:50:56: Used `tac1 <;> tac2` where `(tac1; tac2)` would suffice

Note: This linter can be disabled with `set_option linter.unnecessarySeqFocus false`
warning: ConwaySoifer/Simplified/Geometry/ProfileWitness.lean:51:25: Used `tac1 <;> tac2` where `(tac1; tac2)` would suffice

Note: This linter can be disabled with `set_option linter.unnecessarySeqFocus false`
warning: ConwaySoifer/Simplified/Geometry/ProfileWitness.lean:52:25: Used `tac1 <;> tac2` where `(tac1; tac2)` would suffice

Note: This linter can be disabled with `set_option linter.unnecessarySeqFocus false`
warning: ConwaySoifer/Simplified/Geometry/ProfileWitness.lean:52:65: Used `tac1 <;> tac2` where `(tac1; tac2)` would suffice

Note: This linter can be disabled with `set_option linter.unnecessarySeqFocus false`
warning: ConwaySoifer/Simplified/Geometry/ProfileWitness.lean:57:25: Used `tac1 <;> tac2` where `(tac1; tac2)` would suffice

Note: This linter can be disabled with `set_option linter.unnecessarySeqFocus false`
warning: ConwaySoifer/Simplified/Geometry/ProfileWitness.lean:57:56: Used `tac1 <;> tac2` where `(tac1; tac2)` would suffice

Note: This linter can be disabled with `set_option linter.unnecessarySeqFocus false`
warning: ConwaySoifer/Simplified/Geometry/ProfileWitness.lean:58:25: Used `tac1 <;> tac2` where `(tac1; tac2)` would suffice

Note: This linter can be disabled with `set_option linter.unnecessarySeqFocus false`
warning: ConwaySoifer/Simplified/Geometry/ProfileWitness.lean:59:25: Used `tac1 <;> tac2` where `(tac1; tac2)` would suffice

Note: This linter can be disabled with `set_option linter.unnecessarySeqFocus false`
warning: ConwaySoifer/Simplified/Geometry/ProfileWitness.lean:59:65: Used `tac1 <;> tac2` where `(tac1; tac2)` would suffice

Note: This linter can be disabled with `set_option linter.unnecessarySeqFocus false`
warning: ConwaySoifer/Simplified/Geometry/ProfileWitness.lean:64:25: Used `tac1 <;> tac2` where `(tac1; tac2)` would suffice

Note: This linter can be disabled with `set_option linter.unnecessarySeqFocus false`
warning: ConwaySoifer/Simplified/Geometry/ProfileWitness.lean:64:56: Used `tac1 <;> tac2` where `(tac1; tac2)` would suffice

Note: This linter can be disabled with `set_option linter.unnecessarySeqFocus false`
warning: ConwaySoifer/Simplified/Geometry/ProfileWitness.lean:65:25: Used `tac1 <;> tac2` where `(tac1; tac2)` would suffice

Note: This linter can be disabled with `set_option linter.unnecessarySeqFocus false`
warning: ConwaySoifer/Simplified/Geometry/ProfileWitness.lean:65:56: Used `tac1 <;> tac2` where `(tac1; tac2)` would suffice

Note: This linter can be disabled with `set_option linter.unnecessarySeqFocus false`
warning: ConwaySoifer/Simplified/Geometry/ProfileWitness.lean:66:25: Used `tac1 <;> tac2` where `(tac1; tac2)` would suffice

Note: This linter can be disabled with `set_option linter.unnecessarySeqFocus false`
warning: ConwaySoifer/Simplified/Geometry/ProfileWitness.lean:66:65: Used `tac1 <;> tac2` where `(tac1; tac2)` would suffice

Note: This linter can be disabled with `set_option linter.unnecessarySeqFocus false`
warning: ConwaySoifer/Simplified/Geometry/ProfileWitness.lean:71:25: Used `tac1 <;> tac2` where `(tac1; tac2)` would suffice

Note: This linter can be disabled with `set_option linter.unnecessarySeqFocus false`
warning: ConwaySoifer/Simplified/Geometry/ProfileWitness.lean:71:56: Used `tac1 <;> tac2` where `(tac1; tac2)` would suffice

Note: This linter can be disabled with `set_option linter.unnecessarySeqFocus false`
warning: ConwaySoifer/Simplified/Geometry/ProfileWitness.lean:72:25: Used `tac1 <;> tac2` where `(tac1; tac2)` would suffice

Note: This linter can be disabled with `set_option linter.unnecessarySeqFocus false`
warning: ConwaySoifer/Simplified/Geometry/ProfileWitness.lean:72:56: Used `tac1 <;> tac2` where `(tac1; tac2)` would suffice

Note: This linter can be disabled with `set_option linter.unnecessarySeqFocus false`
warning: ConwaySoifer/Simplified/Geometry/ProfileWitness.lean:73:25: Used `tac1 <;> tac2` where `(tac1; tac2)` would suffice

Note: This linter can be disabled with `set_option linter.unnecessarySeqFocus false`
warning: ConwaySoifer/Simplified/Geometry/ProfileWitness.lean:73:65: Used `tac1 <;> tac2` where `(tac1; tac2)` would suffice

Note: This linter can be disabled with `set_option linter.unnecessarySeqFocus false`
warning: ConwaySoifer/Simplified/Geometry/ProfileWitness.lean:78:25: Used `tac1 <;> tac2` where `(tac1; tac2)` would suffice

Note: This linter can be disabled with `set_option linter.unnecessarySeqFocus false`
warning: ConwaySoifer/Simplified/Geometry/ProfileWitness.lean:78:56: Used `tac1 <;> tac2` where `(tac1; tac2)` would suffice

Note: This linter can be disabled with `set_option linter.unnecessarySeqFocus false`
warning: ConwaySoifer/Simplified/Geometry/ProfileWitness.lean:79:25: Used `tac1 <;> tac2` where `(tac1; tac2)` would suffice

Note: This linter can be disabled with `set_option linter.unnecessarySeqFocus false`
warning: ConwaySoifer/Simplified/Geometry/ProfileWitness.lean:79:56: Used `tac1 <;> tac2` where `(tac1; tac2)` would suffice

Note: This linter can be disabled with `set_option linter.unnecessarySeqFocus false`
warning: ConwaySoifer/Simplified/Geometry/ProfileWitness.lean:80:25: Used `tac1 <;> tac2` where `(tac1; tac2)` would suffice

Note: This linter can be disabled with `set_option linter.unnecessarySeqFocus false`
warning: ConwaySoifer/Simplified/Geometry/ProfileWitness.lean:80:65: Used `tac1 <;> tac2` where `(tac1; tac2)` would suffice

Note: This linter can be disabled with `set_option linter.unnecessarySeqFocus false`
warning: ConwaySoifer/Simplified/Geometry/ProfileWitness.lean:85:25: Used `tac1 <;> tac2` where `(tac1; tac2)` would suffice

Note: This linter can be disabled with `set_option linter.unnecessarySeqFocus false`
warning: ConwaySoifer/Simplified/Geometry/ProfileWitness.lean:85:56: Used `tac1 <;> tac2` where `(tac1; tac2)` would suffice

Note: This linter can be disabled with `set_option linter.unnecessarySeqFocus false`
warning: ConwaySoifer/Simplified/Geometry/ProfileWitness.lean:86:25: Used `tac1 <;> tac2` where `(tac1; tac2)` would suffice

Note: This linter can be disabled with `set_option linter.unnecessarySeqFocus false`
warning: ConwaySoifer/Simplified/Geometry/ProfileWitness.lean:86:56: Used `tac1 <;> tac2` where `(tac1; tac2)` would suffice

Note: This linter can be disabled with `set_option linter.unnecessarySeqFocus false`
warning: ConwaySoifer/Simplified/Geometry/ProfileWitness.lean:87:25: Used `tac1 <;> tac2` where `(tac1; tac2)` would suffice

Note: This linter can be disabled with `set_option linter.unnecessarySeqFocus false`
warning: ConwaySoifer/Simplified/Geometry/ProfileWitness.lean:87:65: Used `tac1 <;> tac2` where `(tac1; tac2)` would suffice

Note: This linter can be disabled with `set_option linter.unnecessarySeqFocus false`
warning: ConwaySoifer/Simplified/Geometry/ProfileWitness.lean:92:25: Used `tac1 <;> tac2` where `(tac1; tac2)` would suffice

Note: This linter can be disabled with `set_option linter.unnecessarySeqFocus false`
warning: ConwaySoifer/Simplified/Geometry/ProfileWitness.lean:92:56: Used `tac1 <;> tac2` where `(tac1; tac2)` would suffice

Note: This linter can be disabled with `set_option linter.unnecessarySeqFocus false`
warning: ConwaySoifer/Simplified/Geometry/ProfileWitness.lean:93:25: Used `tac1 <;> tac2` where `(tac1; tac2)` would suffice

Note: This linter can be disabled with `set_option linter.unnecessarySeqFocus false`
warning: ConwaySoifer/Simplified/Geometry/ProfileWitness.lean:93:56: Used `tac1 <;> tac2` where `(tac1; tac2)` would suffice

Note: This linter can be disabled with `set_option linter.unnecessarySeqFocus false`
warning: ConwaySoifer/Simplified/Geometry/ProfileWitness.lean:94:25: Used `tac1 <;> tac2` where `(tac1; tac2)` would suffice

Note: This linter can be disabled with `set_option linter.unnecessarySeqFocus false`
warning: ConwaySoifer/Simplified/Geometry/ProfileWitness.lean:94:65: Used `tac1 <;> tac2` where `(tac1; tac2)` would suffice

Note: This linter can be disabled with `set_option linter.unnecessarySeqFocus false`
warning: ConwaySoifer/Simplified/Geometry/ProfileWitness.lean:99:25: Used `tac1 <;> tac2` where `(tac1; tac2)` would suffice

Note: This linter can be disabled with `set_option linter.unnecessarySeqFocus false`
warning: ConwaySoifer/Simplified/Geometry/ProfileWitness.lean:99:56: Used `tac1 <;> tac2` where `(tac1; tac2)` would suffice

Note: This linter can be disabled with `set_option linter.unnecessarySeqFocus false`
warning: ConwaySoifer/Simplified/Geometry/ProfileWitness.lean:100:25: Used `tac1 <;> tac2` where `(tac1; tac2)` would suffice

Note: This linter can be disabled with `set_option linter.unnecessarySeqFocus false`
warning: ConwaySoifer/Simplified/Geometry/ProfileWitness.lean:100:56: Used `tac1 <;> tac2` where `(tac1; tac2)` would suffice

Note: This linter can be disabled with `set_option linter.unnecessarySeqFocus false`
warning: ConwaySoifer/Simplified/Geometry/ProfileWitness.lean:101:25: Used `tac1 <;> tac2` where `(tac1; tac2)` would suffice

Note: This linter can be disabled with `set_option linter.unnecessarySeqFocus false`
warning: ConwaySoifer/Simplified/Geometry/ProfileWitness.lean:101:65: Used `tac1 <;> tac2` where `(tac1; tac2)` would suffice

Note: This linter can be disabled with `set_option linter.unnecessarySeqFocus false`
warning: ConwaySoifer/Simplified/Geometry/ProfileWitness.lean:106:25: Used `tac1 <;> tac2` where `(tac1; tac2)` would suffice

Note: This linter can be disabled with `set_option linter.unnecessarySeqFocus false`
warning: ConwaySoifer/Simplified/Geometry/ProfileWitness.lean:107:25: Used `tac1 <;> tac2` where `(tac1; tac2)` would suffice

Note: This linter can be disabled with `set_option linter.unnecessarySeqFocus false`
warning: ConwaySoifer/Simplified/Geometry/ProfileWitness.lean:107:56: Used `tac1 <;> tac2` where `(tac1; tac2)` would suffice

Note: This linter can be disabled with `set_option linter.unnecessarySeqFocus false`
warning: ConwaySoifer/Simplified/Geometry/ProfileWitness.lean:108:25: Used `tac1 <;> tac2` where `(tac1; tac2)` would suffice

Note: This linter can be disabled with `set_option linter.unnecessarySeqFocus false`
warning: ConwaySoifer/Simplified/Geometry/ProfileWitness.lean:108:65: Used `tac1 <;> tac2` where `(tac1; tac2)` would suffice

Note: This linter can be disabled with `set_option linter.unnecessarySeqFocus false`
warning: ConwaySoifer/Simplified/Geometry/ProfileWitness.lean:113:25: Used `tac1 <;> tac2` where `(tac1; tac2)` would suffice

Note: This linter can be disabled with `set_option linter.unnecessarySeqFocus false`
warning: ConwaySoifer/Simplified/Geometry/ProfileWitness.lean:114:25: Used `tac1 <;> tac2` where `(tac1; tac2)` would suffice

Note: This linter can be disabled with `set_option linter.unnecessarySeqFocus false`
warning: ConwaySoifer/Simplified/Geometry/ProfileWitness.lean:114:56: Used `tac1 <;> tac2` where `(tac1; tac2)` would suffice

Note: This linter can be disabled with `set_option linter.unnecessarySeqFocus false`
warning: ConwaySoifer/Simplified/Geometry/ProfileWitness.lean:115:25: Used `tac1 <;> tac2` where `(tac1; tac2)` would suffice

Note: This linter can be disabled with `set_option linter.unnecessarySeqFocus false`
warning: ConwaySoifer/Simplified/Geometry/ProfileWitness.lean:115:65: Used `tac1 <;> tac2` where `(tac1; tac2)` would suffice

Note: This linter can be disabled with `set_option linter.unnecessarySeqFocus false`
warning: ConwaySoifer/Simplified/Geometry/ProfileWitness.lean:120:25: Used `tac1 <;> tac2` where `(tac1; tac2)` would suffice

Note: This linter can be disabled with `set_option linter.unnecessarySeqFocus false`
warning: ConwaySoifer/Simplified/Geometry/ProfileWitness.lean:121:25: Used `tac1 <;> tac2` where `(tac1; tac2)` would suffice

Note: This linter can be disabled with `set_option linter.unnecessarySeqFocus false`
warning: ConwaySoifer/Simplified/Geometry/ProfileWitness.lean:121:56: Used `tac1 <;> tac2` where `(tac1; tac2)` would suffice

Note: This linter can be disabled with `set_option linter.unnecessarySeqFocus false`
warning: ConwaySoifer/Simplified/Geometry/ProfileWitness.lean:122:25: Used `tac1 <;> tac2` where `(tac1; tac2)` would suffice

Note: This linter can be disabled with `set_option linter.unnecessarySeqFocus false`
warning: ConwaySoifer/Simplified/Geometry/ProfileWitness.lean:122:65: Used `tac1 <;> tac2` where `(tac1; tac2)` would suffice

Note: This linter can be disabled with `set_option linter.unnecessarySeqFocus false`
warning: ConwaySoifer/Simplified/Geometry/ProfileWitness.lean:127:25: Used `tac1 <;> tac2` where `(tac1; tac2)` would suffice

Note: This linter can be disabled with `set_option linter.unnecessarySeqFocus false`
warning: ConwaySoifer/Simplified/Geometry/ProfileWitness.lean:127:56: Used `tac1 <;> tac2` where `(tac1; tac2)` would suffice

Note: This linter can be disabled with `set_option linter.unnecessarySeqFocus false`
warning: ConwaySoifer/Simplified/Geometry/ProfileWitness.lean:128:25: Used `tac1 <;> tac2` where `(tac1; tac2)` would suffice

Note: This linter can be disabled with `set_option linter.unnecessarySeqFocus false`
warning: ConwaySoifer/Simplified/Geometry/ProfileWitness.lean:128:56: Used `tac1 <;> tac2` where `(tac1; tac2)` would suffice

Note: This linter can be disabled with `set_option linter.unnecessarySeqFocus false`
warning: ConwaySoifer/Simplified/Geometry/ProfileWitness.lean:129:25: Used `tac1 <;> tac2` where `(tac1; tac2)` would suffice

Note: This linter can be disabled with `set_option linter.unnecessarySeqFocus false`
warning: ConwaySoifer/Simplified/Geometry/ProfileWitness.lean:129:65: Used `tac1 <;> tac2` where `(tac1; tac2)` would suffice

Note: This linter can be disabled with `set_option linter.unnecessarySeqFocus false`
warning: ConwaySoifer/Simplified/Geometry/ProfileWitness.lean:134:25: Used `tac1 <;> tac2` where `(tac1; tac2)` would suffice

Note: This linter can be disabled with `set_option linter.unnecessarySeqFocus false`
warning: ConwaySoifer/Simplified/Geometry/ProfileWitness.lean:134:56: Used `tac1 <;> tac2` where `(tac1; tac2)` would suffice

Note: This linter can be disabled with `set_option linter.unnecessarySeqFocus false`
warning: ConwaySoifer/Simplified/Geometry/ProfileWitness.lean:135:25: Used `tac1 <;> tac2` where `(tac1; tac2)` would suffice

Note: This linter can be disabled with `set_option linter.unnecessarySeqFocus false`
warning: ConwaySoifer/Simplified/Geometry/ProfileWitness.lean:135:56: Used `tac1 <;> tac2` where `(tac1; tac2)` would suffice

Note: This linter can be disabled with `set_option linter.unnecessarySeqFocus false`
warning: ConwaySoifer/Simplified/Geometry/ProfileWitness.lean:136:25: Used `tac1 <;> tac2` where `(tac1; tac2)` would suffice

Note: This linter can be disabled with `set_option linter.unnecessarySeqFocus false`
warning: ConwaySoifer/Simplified/Geometry/ProfileWitness.lean:136:65: Used `tac1 <;> tac2` where `(tac1; tac2)` would suffice

Note: This linter can be disabled with `set_option linter.unnecessarySeqFocus false`
warning: ConwaySoifer/Simplified/Geometry/ProfileWitness.lean:141:25: Used `tac1 <;> tac2` where `(tac1; tac2)` would suffice

Note: This linter can be disabled with `set_option linter.unnecessarySeqFocus false`
warning: ConwaySoifer/Simplified/Geometry/ProfileWitness.lean:141:56: Used `tac1 <;> tac2` where `(tac1; tac2)` would suffice

Note: This linter can be disabled with `set_option linter.unnecessarySeqFocus false`
warning: ConwaySoifer/Simplified/Geometry/ProfileWitness.lean:142:25: Used `tac1 <;> tac2` where `(tac1; tac2)` would suffice

Note: This linter can be disabled with `set_option linter.unnecessarySeqFocus false`
warning: ConwaySoifer/Simplified/Geometry/ProfileWitness.lean:142:56: Used `tac1 <;> tac2` where `(tac1; tac2)` would suffice

Note: This linter can be disabled with `set_option linter.unnecessarySeqFocus false`
warning: ConwaySoifer/Simplified/Geometry/ProfileWitness.lean:143:25: Used `tac1 <;> tac2` where `(tac1; tac2)` would suffice

Note: This linter can be disabled with `set_option linter.unnecessarySeqFocus false`
warning: ConwaySoifer/Simplified/Geometry/ProfileWitness.lean:143:65: Used `tac1 <;> tac2` where `(tac1; tac2)` would suffice

Note: This linter can be disabled with `set_option linter.unnecessarySeqFocus false`
warning: ConwaySoifer/Simplified/Geometry/ProfileWitness.lean:148:25: Used `tac1 <;> tac2` where `(tac1; tac2)` would suffice

Note: This linter can be disabled with `set_option linter.unnecessarySeqFocus false`
warning: ConwaySoifer/Simplified/Geometry/ProfileWitness.lean:148:56: Used `tac1 <;> tac2` where `(tac1; tac2)` would suffice

Note: This linter can be disabled with `set_option linter.unnecessarySeqFocus false`
warning: ConwaySoifer/Simplified/Geometry/ProfileWitness.lean:149:25: Used `tac1 <;> tac2` where `(tac1; tac2)` would suffice

Note: This linter can be disabled with `set_option linter.unnecessarySeqFocus false`
warning: ConwaySoifer/Simplified/Geometry/ProfileWitness.lean:149:56: Used `tac1 <;> tac2` where `(tac1; tac2)` would suffice

Note: This linter can be disabled with `set_option linter.unnecessarySeqFocus false`
warning: ConwaySoifer/Simplified/Geometry/ProfileWitness.lean:150:25: Used `tac1 <;> tac2` where `(tac1; tac2)` would suffice

Note: This linter can be disabled with `set_option linter.unnecessarySeqFocus false`
warning: ConwaySoifer/Simplified/Geometry/ProfileWitness.lean:150:65: Used `tac1 <;> tac2` where `(tac1; tac2)` would suffice

Note: This linter can be disabled with `set_option linter.unnecessarySeqFocus false`
warning: ConwaySoifer/Simplified/Geometry/ProfileWitness.lean:155:25: Used `tac1 <;> tac2` where `(tac1; tac2)` would suffice

Note: This linter can be disabled with `set_option linter.unnecessarySeqFocus false`
warning: ConwaySoifer/Simplified/Geometry/ProfileWitness.lean:155:56: Used `tac1 <;> tac2` where `(tac1; tac2)` would suffice

Note: This linter can be disabled with `set_option linter.unnecessarySeqFocus false`
warning: ConwaySoifer/Simplified/Geometry/ProfileWitness.lean:156:25: Used `tac1 <;> tac2` where `(tac1; tac2)` would suffice

Note: This linter can be disabled with `set_option linter.unnecessarySeqFocus false`
warning: ConwaySoifer/Simplified/Geometry/ProfileWitness.lean:156:56: Used `tac1 <;> tac2` where `(tac1; tac2)` would suffice

Note: This linter can be disabled with `set_option linter.unnecessarySeqFocus false`
warning: ConwaySoifer/Simplified/Geometry/ProfileWitness.lean:157:25: Used `tac1 <;> tac2` where `(tac1; tac2)` would suffice

Note: This linter can be disabled with `set_option linter.unnecessarySeqFocus false`
warning: ConwaySoifer/Simplified/Geometry/ProfileWitness.lean:157:65: Used `tac1 <;> tac2` where `(tac1; tac2)` would suffice

Note: This linter can be disabled with `set_option linter.unnecessarySeqFocus false`
warning: ConwaySoifer/Simplified/Geometry/ProfileWitness.lean:162:25: Used `tac1 <;> tac2` where `(tac1; tac2)` would suffice

Note: This linter can be disabled with `set_option linter.unnecessarySeqFocus false`
warning: ConwaySoifer/Simplified/Geometry/ProfileWitness.lean:162:56: Used `tac1 <;> tac2` where `(tac1; tac2)` would suffice

Note: This linter can be disabled with `set_option linter.unnecessarySeqFocus false`
warning: ConwaySoifer/Simplified/Geometry/ProfileWitness.lean:163:25: Used `tac1 <;> tac2` where `(tac1; tac2)` would suffice

Note: This linter can be disabled with `set_option linter.unnecessarySeqFocus false`
warning: ConwaySoifer/Simplified/Geometry/ProfileWitness.lean:163:56: Used `tac1 <;> tac2` where `(tac1; tac2)` would suffice

Note: This linter can be disabled with `set_option linter.unnecessarySeqFocus false`
warning: ConwaySoifer/Simplified/Geometry/ProfileWitness.lean:164:25: Used `tac1 <;> tac2` where `(tac1; tac2)` would suffice

Note: This linter can be disabled with `set_option linter.unnecessarySeqFocus false`
warning: ConwaySoifer/Simplified/Geometry/ProfileWitness.lean:164:65: Used `tac1 <;> tac2` where `(tac1; tac2)` would suffice

Note: This linter can be disabled with `set_option linter.unnecessarySeqFocus false`
warning: ConwaySoifer/Simplified/Geometry/ProfileWitness.lean:169:25: Used `tac1 <;> tac2` where `(tac1; tac2)` would suffice

Note: This linter can be disabled with `set_option linter.unnecessarySeqFocus false`
warning: ConwaySoifer/Simplified/Geometry/ProfileWitness.lean:169:56: Used `tac1 <;> tac2` where `(tac1; tac2)` would suffice

Note: This linter can be disabled with `set_option linter.unnecessarySeqFocus false`
warning: ConwaySoifer/Simplified/Geometry/ProfileWitness.lean:170:25: Used `tac1 <;> tac2` where `(tac1; tac2)` would suffice

Note: This linter can be disabled with `set_option linter.unnecessarySeqFocus false`
warning: ConwaySoifer/Simplified/Geometry/ProfileWitness.lean:170:56: Used `tac1 <;> tac2` where `(tac1; tac2)` would suffice

Note: This linter can be disabled with `set_option linter.unnecessarySeqFocus false`
warning: ConwaySoifer/Simplified/Geometry/ProfileWitness.lean:171:25: Used `tac1 <;> tac2` where `(tac1; tac2)` would suffice

Note: This linter can be disabled with `set_option linter.unnecessarySeqFocus false`
warning: ConwaySoifer/Simplified/Geometry/ProfileWitness.lean:171:65: Used `tac1 <;> tac2` where `(tac1; tac2)` would suffice

Note: This linter can be disabled with `set_option linter.unnecessarySeqFocus false`
warning: ConwaySoifer/Simplified/Geometry/ProfileWitness.lean:176:25: Used `tac1 <;> tac2` where `(tac1; tac2)` would suffice

Note: This linter can be disabled with `set_option linter.unnecessarySeqFocus false`
warning: ConwaySoifer/Simplified/Geometry/ProfileWitness.lean:176:56: Used `tac1 <;> tac2` where `(tac1; tac2)` would suffice

Note: This linter can be disabled with `set_option linter.unnecessarySeqFocus false`
warning: ConwaySoifer/Simplified/Geometry/ProfileWitness.lean:177:25: Used `tac1 <;> tac2` where `(tac1; tac2)` would suffice

Note: This linter can be disabled with `set_option linter.unnecessarySeqFocus false`
warning: ConwaySoifer/Simplified/Geometry/ProfileWitness.lean:177:56: Used `tac1 <;> tac2` where `(tac1; tac2)` would suffice

Note: This linter can be disabled with `set_option linter.unnecessarySeqFocus false`
warning: ConwaySoifer/Simplified/Geometry/ProfileWitness.lean:178:25: Used `tac1 <;> tac2` where `(tac1; tac2)` would suffice

Note: This linter can be disabled with `set_option linter.unnecessarySeqFocus false`
warning: ConwaySoifer/Simplified/Geometry/ProfileWitness.lean:178:65: Used `tac1 <;> tac2` where `(tac1; tac2)` would suffice

Note: This linter can be disabled with `set_option linter.unnecessarySeqFocus false`
warning: ConwaySoifer/Simplified/Geometry/ProfileWitness.lean:183:25: Used `tac1 <;> tac2` where `(tac1; tac2)` would suffice

Note: This linter can be disabled with `set_option linter.unnecessarySeqFocus false`
warning: ConwaySoifer/Simplified/Geometry/ProfileWitness.lean:183:56: Used `tac1 <;> tac2` where `(tac1; tac2)` would suffice

Note: This linter can be disabled with `set_option linter.unnecessarySeqFocus false`
warning: ConwaySoifer/Simplified/Geometry/ProfileWitness.lean:184:25: Used `tac1 <;> tac2` where `(tac1; tac2)` would suffice

Note: This linter can be disabled with `set_option linter.unnecessarySeqFocus false`
warning: ConwaySoifer/Simplified/Geometry/ProfileWitness.lean:184:56: Used `tac1 <;> tac2` where `(tac1; tac2)` would suffice

Note: This linter can be disabled with `set_option linter.unnecessarySeqFocus false`
warning: ConwaySoifer/Simplified/Geometry/ProfileWitness.lean:185:25: Used `tac1 <;> tac2` where `(tac1; tac2)` would suffice

Note: This linter can be disabled with `set_option linter.unnecessarySeqFocus false`
warning: ConwaySoifer/Simplified/Geometry/ProfileWitness.lean:185:65: Used `tac1 <;> tac2` where `(tac1; tac2)` would suffice

Note: This linter can be disabled with `set_option linter.unnecessarySeqFocus false`
warning: ConwaySoifer/Simplified/Geometry/ProfileWitness.lean:190:25: Used `tac1 <;> tac2` where `(tac1; tac2)` would suffice

Note: This linter can be disabled with `set_option linter.unnecessarySeqFocus false`
warning: ConwaySoifer/Simplified/Geometry/ProfileWitness.lean:190:56: Used `tac1 <;> tac2` where `(tac1; tac2)` would suffice

Note: This linter can be disabled with `set_option linter.unnecessarySeqFocus false`
warning: ConwaySoifer/Simplified/Geometry/ProfileWitness.lean:191:25: Used `tac1 <;> tac2` where `(tac1; tac2)` would suffice

Note: This linter can be disabled with `set_option linter.unnecessarySeqFocus false`
warning: ConwaySoifer/Simplified/Geometry/ProfileWitness.lean:191:56: Used `tac1 <;> tac2` where `(tac1; tac2)` would suffice

Note: This linter can be disabled with `set_option linter.unnecessarySeqFocus false`
warning: ConwaySoifer/Simplified/Geometry/ProfileWitness.lean:192:25: Used `tac1 <;> tac2` where `(tac1; tac2)` would suffice

Note: This linter can be disabled with `set_option linter.unnecessarySeqFocus false`
warning: ConwaySoifer/Simplified/Geometry/ProfileWitness.lean:192:65: Used `tac1 <;> tac2` where `(tac1; tac2)` would suffice

Note: This linter can be disabled with `set_option linter.unnecessarySeqFocus false`
warning: ConwaySoifer/Simplified/Geometry/ProfileWitness.lean:197:25: Used `tac1 <;> tac2` where `(tac1; tac2)` would suffice

Note: This linter can be disabled with `set_option linter.unnecessarySeqFocus false`
warning: ConwaySoifer/Simplified/Geometry/ProfileWitness.lean:197:56: Used `tac1 <;> tac2` where `(tac1; tac2)` would suffice

Note: This linter can be disabled with `set_option linter.unnecessarySeqFocus false`
warning: ConwaySoifer/Simplified/Geometry/ProfileWitness.lean:198:25: Used `tac1 <;> tac2` where `(tac1; tac2)` would suffice

Note: This linter can be disabled with `set_option linter.unnecessarySeqFocus false`
warning: ConwaySoifer/Simplified/Geometry/ProfileWitness.lean:198:56: Used `tac1 <;> tac2` where `(tac1; tac2)` would suffice

Note: This linter can be disabled with `set_option linter.unnecessarySeqFocus false`
warning: ConwaySoifer/Simplified/Geometry/ProfileWitness.lean:199:25: Used `tac1 <;> tac2` where `(tac1; tac2)` would suffice

Note: This linter can be disabled with `set_option linter.unnecessarySeqFocus false`
warning: ConwaySoifer/Simplified/Geometry/ProfileWitness.lean:199:65: Used `tac1 <;> tac2` where `(tac1; tac2)` would suffice

Note: This linter can be disabled with `set_option linter.unnecessarySeqFocus false`
warning: ConwaySoifer/Simplified/Geometry/ProfileWitness.lean:204:25: Used `tac1 <;> tac2` where `(tac1; tac2)` would suffice

Note: This linter can be disabled with `set_option linter.unnecessarySeqFocus false`
warning: ConwaySoifer/Simplified/Geometry/ProfileWitness.lean:204:56: Used `tac1 <;> tac2` where `(tac1; tac2)` would suffice

Note: This linter can be disabled with `set_option linter.unnecessarySeqFocus false`
warning: ConwaySoifer/Simplified/Geometry/ProfileWitness.lean:205:25: Used `tac1 <;> tac2` where `(tac1; tac2)` would suffice

Note: This linter can be disabled with `set_option linter.unnecessarySeqFocus false`
warning: ConwaySoifer/Simplified/Geometry/ProfileWitness.lean:205:56: Used `tac1 <;> tac2` where `(tac1; tac2)` would suffice

Note: This linter can be disabled with `set_option linter.unnecessarySeqFocus false`
warning: ConwaySoifer/Simplified/Geometry/ProfileWitness.lean:206:25: Used `tac1 <;> tac2` where `(tac1; tac2)` would suffice

Note: This linter can be disabled with `set_option linter.unnecessarySeqFocus false`
warning: ConwaySoifer/Simplified/Geometry/ProfileWitness.lean:206:65: Used `tac1 <;> tac2` where `(tac1; tac2)` would suffice

Note: This linter can be disabled with `set_option linter.unnecessarySeqFocus false`
warning: ConwaySoifer/Simplified/Geometry/ProfileWitness.lean:43:79: 'constructor' tactic does nothing

Note: This linter can be disabled with `set_option linter.unusedTactic false`
warning: ConwaySoifer/Simplified/Geometry/ProfileWitness.lean:43:95: 'ring' tactic does nothing

Note: This linter can be disabled with `set_option linter.unusedTactic false`
warning: ConwaySoifer/Simplified/Geometry/ProfileWitness.lean:44:60: 'first
| trivial
| (constructor <;> ring)
| ring' tactic does nothing

Note: This linter can be disabled with `set_option linter.unusedTactic false`
warning: ConwaySoifer/Simplified/Geometry/ProfileWitness.lean:45:112: 'ring' tactic does nothing

Note: This linter can be disabled with `set_option linter.unusedTactic false`
warning: ConwaySoifer/Simplified/Geometry/ProfileWitness.lean:50:79: 'constructor' tactic does nothing

Note: This linter can be disabled with `set_option linter.unusedTactic false`
warning: ConwaySoifer/Simplified/Geometry/ProfileWitness.lean:50:95: 'ring' tactic does nothing

Note: This linter can be disabled with `set_option linter.unusedTactic false`
warning: ConwaySoifer/Simplified/Geometry/ProfileWitness.lean:51:60: 'first
| trivial
| (constructor <;> ring)
| ring' tactic does nothing

Note: This linter can be disabled with `set_option linter.unusedTactic false`
warning: ConwaySoifer/Simplified/Geometry/ProfileWitness.lean:52:112: 'ring' tactic does nothing

Note: This linter can be disabled with `set_option linter.unusedTactic false`
warning: ConwaySoifer/Simplified/Geometry/ProfileWitness.lean:57:79: 'constructor' tactic does nothing

Note: This linter can be disabled with `set_option linter.unusedTactic false`
warning: ConwaySoifer/Simplified/Geometry/ProfileWitness.lean:57:95: 'ring' tactic does nothing

Note: This linter can be disabled with `set_option linter.unusedTactic false`
warning: ConwaySoifer/Simplified/Geometry/ProfileWitness.lean:58:60: 'first
| trivial
| (constructor <;> ring)
| ring' tactic does nothing

Note: This linter can be disabled with `set_option linter.unusedTactic false`
warning: ConwaySoifer/Simplified/Geometry/ProfileWitness.lean:59:87: '(constructor <;> ring)' tactic does nothing

Note: This linter can be disabled with `set_option linter.unusedTactic false`
warning: ConwaySoifer/Simplified/Geometry/ProfileWitness.lean:59:112: 'ring' tactic does nothing

Note: This linter can be disabled with `set_option linter.unusedTactic false`
warning: ConwaySoifer/Simplified/Geometry/ProfileWitness.lean:64:79: 'constructor' tactic does nothing

Note: This linter can be disabled with `set_option linter.unusedTactic false`
warning: ConwaySoifer/Simplified/Geometry/ProfileWitness.lean:64:95: 'ring' tactic does nothing

Note: This linter can be disabled with `set_option linter.unusedTactic false`
warning: ConwaySoifer/Simplified/Geometry/ProfileWitness.lean:65:79: 'constructor' tactic does nothing

Note: This linter can be disabled with `set_option linter.unusedTactic false`
warning: ConwaySoifer/Simplified/Geometry/ProfileWitness.lean:65:95: 'ring' tactic does nothing

Note: This linter can be disabled with `set_option linter.unusedTactic false`
warning: ConwaySoifer/Simplified/Geometry/ProfileWitness.lean:66:112: 'ring' tactic does nothing

Note: This linter can be disabled with `set_option linter.unusedTactic false`
warning: ConwaySoifer/Simplified/Geometry/ProfileWitness.lean:71:79: 'constructor' tactic does nothing

Note: This linter can be disabled with `set_option linter.unusedTactic false`
warning: ConwaySoifer/Simplified/Geometry/ProfileWitness.lean:71:95: 'ring' tactic does nothing

Note: This linter can be disabled with `set_option linter.unusedTactic false`
warning: ConwaySoifer/Simplified/Geometry/ProfileWitness.lean:72:79: 'constructor' tactic does nothing

Note: This linter can be disabled with `set_option linter.unusedTactic false`
warning: ConwaySoifer/Simplified/Geometry/ProfileWitness.lean:72:95: 'ring' tactic does nothing

Note: This linter can be disabled with `set_option linter.unusedTactic false`
warning: ConwaySoifer/Simplified/Geometry/ProfileWitness.lean:73:112: 'ring' tactic does nothing

Note: This linter can be disabled with `set_option linter.unusedTactic false`
warning: ConwaySoifer/Simplified/Geometry/ProfileWitness.lean:78:79: 'constructor' tactic does nothing

Note: This linter can be disabled with `set_option linter.unusedTactic false`
warning: ConwaySoifer/Simplified/Geometry/ProfileWitness.lean:78:95: 'ring' tactic does nothing

Note: This linter can be disabled with `set_option linter.unusedTactic false`
warning: ConwaySoifer/Simplified/Geometry/ProfileWitness.lean:79:79: 'constructor' tactic does nothing

Note: This linter can be disabled with `set_option linter.unusedTactic false`
warning: ConwaySoifer/Simplified/Geometry/ProfileWitness.lean:79:95: 'ring' tactic does nothing

Note: This linter can be disabled with `set_option linter.unusedTactic false`
warning: ConwaySoifer/Simplified/Geometry/ProfileWitness.lean:80:87: '(constructor <;> ring)' tactic does nothing

Note: This linter can be disabled with `set_option linter.unusedTactic false`
warning: ConwaySoifer/Simplified/Geometry/ProfileWitness.lean:80:112: 'ring' tactic does nothing

Note: This linter can be disabled with `set_option linter.unusedTactic false`
warning: ConwaySoifer/Simplified/Geometry/ProfileWitness.lean:85:79: 'constructor' tactic does nothing

Note: This linter can be disabled with `set_option linter.unusedTactic false`
warning: ConwaySoifer/Simplified/Geometry/ProfileWitness.lean:85:95: 'ring' tactic does nothing

Note: This linter can be disabled with `set_option linter.unusedTactic false`
warning: ConwaySoifer/Simplified/Geometry/ProfileWitness.lean:86:79: 'constructor' tactic does nothing

Note: This linter can be disabled with `set_option linter.unusedTactic false`
warning: ConwaySoifer/Simplified/Geometry/ProfileWitness.lean:86:95: 'ring' tactic does nothing

Note: This linter can be disabled with `set_option linter.unusedTactic false`
warning: ConwaySoifer/Simplified/Geometry/ProfileWitness.lean:87:112: 'ring' tactic does nothing

Note: This linter can be disabled with `set_option linter.unusedTactic false`
warning: ConwaySoifer/Simplified/Geometry/ProfileWitness.lean:92:79: 'constructor' tactic does nothing

Note: This linter can be disabled with `set_option linter.unusedTactic false`
warning: ConwaySoifer/Simplified/Geometry/ProfileWitness.lean:92:95: 'ring' tactic does nothing

Note: This linter can be disabled with `set_option linter.unusedTactic false`
warning: ConwaySoifer/Simplified/Geometry/ProfileWitness.lean:93:79: 'constructor' tactic does nothing

Note: This linter can be disabled with `set_option linter.unusedTactic false`
warning: ConwaySoifer/Simplified/Geometry/ProfileWitness.lean:93:95: 'ring' tactic does nothing

Note: This linter can be disabled with `set_option linter.unusedTactic false`
warning: ConwaySoifer/Simplified/Geometry/ProfileWitness.lean:94:112: 'ring' tactic does nothing

Note: This linter can be disabled with `set_option linter.unusedTactic false`
warning: ConwaySoifer/Simplified/Geometry/ProfileWitness.lean:99:79: 'constructor' tactic does nothing

Note: This linter can be disabled with `set_option linter.unusedTactic false`
warning: ConwaySoifer/Simplified/Geometry/ProfileWitness.lean:99:95: 'ring' tactic does nothing

Note: This linter can be disabled with `set_option linter.unusedTactic false`
warning: ConwaySoifer/Simplified/Geometry/ProfileWitness.lean:100:79: 'constructor' tactic does nothing

Note: This linter can be disabled with `set_option linter.unusedTactic false`
warning: ConwaySoifer/Simplified/Geometry/ProfileWitness.lean:100:95: 'ring' tactic does nothing

Note: This linter can be disabled with `set_option linter.unusedTactic false`
warning: ConwaySoifer/Simplified/Geometry/ProfileWitness.lean:101:87: '(constructor <;> ring)' tactic does nothing

Note: This linter can be disabled with `set_option linter.unusedTactic false`
warning: ConwaySoifer/Simplified/Geometry/ProfileWitness.lean:101:112: 'ring' tactic does nothing

Note: This linter can be disabled with `set_option linter.unusedTactic false`
warning: ConwaySoifer/Simplified/Geometry/ProfileWitness.lean:106:60: 'first
| trivial
| (constructor <;> ring)
| ring' tactic does nothing

Note: This linter can be disabled with `set_option linter.unusedTactic false`
warning: ConwaySoifer/Simplified/Geometry/ProfileWitness.lean:107:79: 'constructor' tactic does nothing

Note: This linter can be disabled with `set_option linter.unusedTactic false`
warning: ConwaySoifer/Simplified/Geometry/ProfileWitness.lean:107:95: 'ring' tactic does nothing

Note: This linter can be disabled with `set_option linter.unusedTactic false`
warning: ConwaySoifer/Simplified/Geometry/ProfileWitness.lean:108:112: 'ring' tactic does nothing

Note: This linter can be disabled with `set_option linter.unusedTactic false`
warning: ConwaySoifer/Simplified/Geometry/ProfileWitness.lean:113:60: 'first
| trivial
| (constructor <;> ring)
| ring' tactic does nothing

Note: This linter can be disabled with `set_option linter.unusedTactic false`
warning: ConwaySoifer/Simplified/Geometry/ProfileWitness.lean:114:79: 'constructor' tactic does nothing

Note: This linter can be disabled with `set_option linter.unusedTactic false`
warning: ConwaySoifer/Simplified/Geometry/ProfileWitness.lean:114:95: 'ring' tactic does nothing

Note: This linter can be disabled with `set_option linter.unusedTactic false`
warning: ConwaySoifer/Simplified/Geometry/ProfileWitness.lean:115:112: 'ring' tactic does nothing

Note: This linter can be disabled with `set_option linter.unusedTactic false`
warning: ConwaySoifer/Simplified/Geometry/ProfileWitness.lean:120:60: 'first
| trivial
| (constructor <;> ring)
| ring' tactic does nothing

Note: This linter can be disabled with `set_option linter.unusedTactic false`
warning: ConwaySoifer/Simplified/Geometry/ProfileWitness.lean:121:79: 'constructor' tactic does nothing

Note: This linter can be disabled with `set_option linter.unusedTactic false`
warning: ConwaySoifer/Simplified/Geometry/ProfileWitness.lean:121:95: 'ring' tactic does nothing

Note: This linter can be disabled with `set_option linter.unusedTactic false`
warning: ConwaySoifer/Simplified/Geometry/ProfileWitness.lean:122:87: '(constructor <;> ring)' tactic does nothing

Note: This linter can be disabled with `set_option linter.unusedTactic false`
warning: ConwaySoifer/Simplified/Geometry/ProfileWitness.lean:122:112: 'ring' tactic does nothing

Note: This linter can be disabled with `set_option linter.unusedTactic false`
warning: ConwaySoifer/Simplified/Geometry/ProfileWitness.lean:127:79: 'constructor' tactic does nothing

Note: This linter can be disabled with `set_option linter.unusedTactic false`
warning: ConwaySoifer/Simplified/Geometry/ProfileWitness.lean:127:95: 'ring' tactic does nothing

Note: This linter can be disabled with `set_option linter.unusedTactic false`
warning: ConwaySoifer/Simplified/Geometry/ProfileWitness.lean:128:78: '(constructor <;> ring)' tactic does nothing

Note: This linter can be disabled with `set_option linter.unusedTactic false`
warning: ConwaySoifer/Simplified/Geometry/ProfileWitness.lean:128:103: 'ring' tactic does nothing

Note: This linter can be disabled with `set_option linter.unusedTactic false`
warning: ConwaySoifer/Simplified/Geometry/ProfileWitness.lean:129:112: 'ring' tactic does nothing

Note: This linter can be disabled with `set_option linter.unusedTactic false`
warning: ConwaySoifer/Simplified/Geometry/ProfileWitness.lean:134:79: 'constructor' tactic does nothing

Note: This linter can be disabled with `set_option linter.unusedTactic false`
warning: ConwaySoifer/Simplified/Geometry/ProfileWitness.lean:134:95: 'ring' tactic does nothing

Note: This linter can be disabled with `set_option linter.unusedTactic false`
warning: ConwaySoifer/Simplified/Geometry/ProfileWitness.lean:135:78: '(constructor <;> ring)' tactic does nothing

Note: This linter can be disabled with `set_option linter.unusedTactic false`
warning: ConwaySoifer/Simplified/Geometry/ProfileWitness.lean:135:103: 'ring' tactic does nothing

Note: This linter can be disabled with `set_option linter.unusedTactic false`
warning: ConwaySoifer/Simplified/Geometry/ProfileWitness.lean:136:112: 'ring' tactic does nothing

Note: This linter can be disabled with `set_option linter.unusedTactic false`
warning: ConwaySoifer/Simplified/Geometry/ProfileWitness.lean:141:79: 'constructor' tactic does nothing

Note: This linter can be disabled with `set_option linter.unusedTactic false`
warning: ConwaySoifer/Simplified/Geometry/ProfileWitness.lean:141:95: 'ring' tactic does nothing

Note: This linter can be disabled with `set_option linter.unusedTactic false`
warning: ConwaySoifer/Simplified/Geometry/ProfileWitness.lean:142:78: '(constructor <;> ring)' tactic does nothing

Note: This linter can be disabled with `set_option linter.unusedTactic false`
warning: ConwaySoifer/Simplified/Geometry/ProfileWitness.lean:142:103: 'ring' tactic does nothing

Note: This linter can be disabled with `set_option linter.unusedTactic false`
warning: ConwaySoifer/Simplified/Geometry/ProfileWitness.lean:143:87: '(constructor <;> ring)' tactic does nothing

Note: This linter can be disabled with `set_option linter.unusedTactic false`
warning: ConwaySoifer/Simplified/Geometry/ProfileWitness.lean:143:112: 'ring' tactic does nothing

Note: This linter can be disabled with `set_option linter.unusedTactic false`
warning: ConwaySoifer/Simplified/Geometry/ProfileWitness.lean:148:79: 'constructor' tactic does nothing

Note: This linter can be disabled with `set_option linter.unusedTactic false`
warning: ConwaySoifer/Simplified/Geometry/ProfileWitness.lean:148:95: 'ring' tactic does nothing

Note: This linter can be disabled with `set_option linter.unusedTactic false`
warning: ConwaySoifer/Simplified/Geometry/ProfileWitness.lean:149:79: 'constructor' tactic does nothing

Note: This linter can be disabled with `set_option linter.unusedTactic false`
warning: ConwaySoifer/Simplified/Geometry/ProfileWitness.lean:149:95: 'ring' tactic does nothing

Note: This linter can be disabled with `set_option linter.unusedTactic false`
warning: ConwaySoifer/Simplified/Geometry/ProfileWitness.lean:150:112: 'ring' tactic does nothing

Note: This linter can be disabled with `set_option linter.unusedTactic false`
warning: ConwaySoifer/Simplified/Geometry/ProfileWitness.lean:155:79: 'constructor' tactic does nothing

Note: This linter can be disabled with `set_option linter.unusedTactic false`
warning: ConwaySoifer/Simplified/Geometry/ProfileWitness.lean:155:95: 'ring' tactic does nothing

Note: This linter can be disabled with `set_option linter.unusedTactic false`
warning: ConwaySoifer/Simplified/Geometry/ProfileWitness.lean:156:79: 'constructor' tactic does nothing

Note: This linter can be disabled with `set_option linter.unusedTactic false`
warning: ConwaySoifer/Simplified/Geometry/ProfileWitness.lean:156:95: 'ring' tactic does nothing

Note: This linter can be disabled with `set_option linter.unusedTactic false`
warning: ConwaySoifer/Simplified/Geometry/ProfileWitness.lean:157:112: 'ring' tactic does nothing

Note: This linter can be disabled with `set_option linter.unusedTactic false`
warning: ConwaySoifer/Simplified/Geometry/ProfileWitness.lean:162:79: 'constructor' tactic does nothing

Note: This linter can be disabled with `set_option linter.unusedTactic false`
warning: ConwaySoifer/Simplified/Geometry/ProfileWitness.lean:162:95: 'ring' tactic does nothing

Note: This linter can be disabled with `set_option linter.unusedTactic false`
warning: ConwaySoifer/Simplified/Geometry/ProfileWitness.lean:163:79: 'constructor' tactic does nothing

Note: This linter can be disabled with `set_option linter.unusedTactic false`
warning: ConwaySoifer/Simplified/Geometry/ProfileWitness.lean:163:95: 'ring' tactic does nothing

Note: This linter can be disabled with `set_option linter.unusedTactic false`
warning: ConwaySoifer/Simplified/Geometry/ProfileWitness.lean:164:87: '(constructor <;> ring)' tactic does nothing

Note: This linter can be disabled with `set_option linter.unusedTactic false`
warning: ConwaySoifer/Simplified/Geometry/ProfileWitness.lean:164:112: 'ring' tactic does nothing

Note: This linter can be disabled with `set_option linter.unusedTactic false`
warning: ConwaySoifer/Simplified/Geometry/ProfileWitness.lean:169:79: 'constructor' tactic does nothing

Note: This linter can be disabled with `set_option linter.unusedTactic false`
warning: ConwaySoifer/Simplified/Geometry/ProfileWitness.lean:169:95: 'ring' tactic does nothing

Note: This linter can be disabled with `set_option linter.unusedTactic false`
warning: ConwaySoifer/Simplified/Geometry/ProfileWitness.lean:170:79: 'constructor' tactic does nothing

Note: This linter can be disabled with `set_option linter.unusedTactic false`
warning: ConwaySoifer/Simplified/Geometry/ProfileWitness.lean:170:95: 'ring' tactic does nothing

Note: This linter can be disabled with `set_option linter.unusedTactic false`
warning: ConwaySoifer/Simplified/Geometry/ProfileWitness.lean:171:112: 'ring' tactic does nothing

Note: This linter can be disabled with `set_option linter.unusedTactic false`
warning: ConwaySoifer/Simplified/Geometry/ProfileWitness.lean:176:79: 'constructor' tactic does nothing

Note: This linter can be disabled with `set_option linter.unusedTactic false`
warning: ConwaySoifer/Simplified/Geometry/ProfileWitness.lean:176:95: 'ring' tactic does nothing

Note: This linter can be disabled with `set_option linter.unusedTactic false`
warning: ConwaySoifer/Simplified/Geometry/ProfileWitness.lean:177:79: 'constructor' tactic does nothing

Note: This linter can be disabled with `set_option linter.unusedTactic false`
warning: ConwaySoifer/Simplified/Geometry/ProfileWitness.lean:177:95: 'ring' tactic does nothing

Note: This linter can be disabled with `set_option linter.unusedTactic false`
warning: ConwaySoifer/Simplified/Geometry/ProfileWitness.lean:178:112: 'ring' tactic does nothing

Note: This linter can be disabled with `set_option linter.unusedTactic false`
warning: ConwaySoifer/Simplified/Geometry/ProfileWitness.lean:183:79: 'constructor' tactic does nothing

Note: This linter can be disabled with `set_option linter.unusedTactic false`
warning: ConwaySoifer/Simplified/Geometry/ProfileWitness.lean:183:95: 'ring' tactic does nothing

Note: This linter can be disabled with `set_option linter.unusedTactic false`
warning: ConwaySoifer/Simplified/Geometry/ProfileWitness.lean:184:79: 'constructor' tactic does nothing

Note: This linter can be disabled with `set_option linter.unusedTactic false`
warning: ConwaySoifer/Simplified/Geometry/ProfileWitness.lean:184:95: 'ring' tactic does nothing

Note: This linter can be disabled with `set_option linter.unusedTactic false`
warning: ConwaySoifer/Simplified/Geometry/ProfileWitness.lean:185:87: '(constructor <;> ring)' tactic does nothing

Note: This linter can be disabled with `set_option linter.unusedTactic false`
warning: ConwaySoifer/Simplified/Geometry/ProfileWitness.lean:185:112: 'ring' tactic does nothing

Note: This linter can be disabled with `set_option linter.unusedTactic false`
warning: ConwaySoifer/Simplified/Geometry/ProfileWitness.lean:190:79: 'constructor' tactic does nothing

Note: This linter can be disabled with `set_option linter.unusedTactic false`
warning: ConwaySoifer/Simplified/Geometry/ProfileWitness.lean:190:95: 'ring' tactic does nothing

Note: This linter can be disabled with `set_option linter.unusedTactic false`
warning: ConwaySoifer/Simplified/Geometry/ProfileWitness.lean:191:79: 'constructor' tactic does nothing

Note: This linter can be disabled with `set_option linter.unusedTactic false`
warning: ConwaySoifer/Simplified/Geometry/ProfileWitness.lean:191:95: 'ring' tactic does nothing

Note: This linter can be disabled with `set_option linter.unusedTactic false`
warning: ConwaySoifer/Simplified/Geometry/ProfileWitness.lean:192:112: 'ring' tactic does nothing

Note: This linter can be disabled with `set_option linter.unusedTactic false`
warning: ConwaySoifer/Simplified/Geometry/ProfileWitness.lean:197:79: 'constructor' tactic does nothing

Note: This linter can be disabled with `set_option linter.unusedTactic false`
warning: ConwaySoifer/Simplified/Geometry/ProfileWitness.lean:197:95: 'ring' tactic does nothing

Note: This linter can be disabled with `set_option linter.unusedTactic false`
warning: ConwaySoifer/Simplified/Geometry/ProfileWitness.lean:198:79: 'constructor' tactic does nothing

Note: This linter can be disabled with `set_option linter.unusedTactic false`
warning: ConwaySoifer/Simplified/Geometry/ProfileWitness.lean:198:95: 'ring' tactic does nothing

Note: This linter can be disabled with `set_option linter.unusedTactic false`
warning: ConwaySoifer/Simplified/Geometry/ProfileWitness.lean:199:112: 'ring' tactic does nothing

Note: This linter can be disabled with `set_option linter.unusedTactic false`
warning: ConwaySoifer/Simplified/Geometry/ProfileWitness.lean:204:79: 'constructor' tactic does nothing

Note: This linter can be disabled with `set_option linter.unusedTactic false`
warning: ConwaySoifer/Simplified/Geometry/ProfileWitness.lean:204:95: 'ring' tactic does nothing

Note: This linter can be disabled with `set_option linter.unusedTactic false`
warning: ConwaySoifer/Simplified/Geometry/ProfileWitness.lean:205:79: 'constructor' tactic does nothing

Note: This linter can be disabled with `set_option linter.unusedTactic false`
warning: ConwaySoifer/Simplified/Geometry/ProfileWitness.lean:205:95: 'ring' tactic does nothing

Note: This linter can be disabled with `set_option linter.unusedTactic false`
warning: ConwaySoifer/Simplified/Geometry/ProfileWitness.lean:206:87: '(constructor <;> ring)' tactic does nothing

Note: This linter can be disabled with `set_option linter.unusedTactic false`
warning: ConwaySoifer/Simplified/Geometry/ProfileWitness.lean:206:112: 'ring' tactic does nothing

Note: This linter can be disabled with `set_option linter.unusedTactic false`
⚠ [3943/3956] Built ConwaySoifer.Simplified.Geometry.CoreLocal (72s)
warning: ConwaySoifer/Simplified/Geometry/CoreLocal.lean:27:46: this tactic is never executed

Note: This linter can be disabled with `set_option linter.unreachableTactic false`
warning: ConwaySoifer/Simplified/Geometry/CoreLocal.lean:204:48: this tactic is never executed

Note: This linter can be disabled with `set_option linter.unreachableTactic false`
warning: ConwaySoifer/Simplified/Geometry/CoreLocal.lean:381:50: this tactic is never executed

Note: This linter can be disabled with `set_option linter.unreachableTactic false`
warning: ConwaySoifer/Simplified/Geometry/CoreLocal.lean:556:50: this tactic is never executed

Note: This linter can be disabled with `set_option linter.unreachableTactic false`
warning: ConwaySoifer/Simplified/Geometry/CoreLocal.lean:27:25: Used `tac1 <;> tac2` where `(tac1; tac2)` would suffice

Note: This linter can be disabled with `set_option linter.unnecessarySeqFocus false`
warning: ConwaySoifer/Simplified/Geometry/CoreLocal.lean:35:27: Used `tac1 <;> tac2` where `(tac1; tac2)` would suffice

Note: This linter can be disabled with `set_option linter.unnecessarySeqFocus false`
warning: ConwaySoifer/Simplified/Geometry/CoreLocal.lean:35:85: Used `tac1 <;> tac2` where `(tac1; tac2)` would suffice

Note: This linter can be disabled with `set_option linter.unnecessarySeqFocus false`
warning: ConwaySoifer/Simplified/Geometry/CoreLocal.lean:42:72: Used `tac1 <;> tac2` where `(tac1; tac2)` would suffice

Note: This linter can be disabled with `set_option linter.unnecessarySeqFocus false`
warning: ConwaySoifer/Simplified/Geometry/CoreLocal.lean:52:27: Used `tac1 <;> tac2` where `(tac1; tac2)` would suffice

Note: This linter can be disabled with `set_option linter.unnecessarySeqFocus false`
warning: ConwaySoifer/Simplified/Geometry/CoreLocal.lean:52:85: Used `tac1 <;> tac2` where `(tac1; tac2)` would suffice

Note: This linter can be disabled with `set_option linter.unnecessarySeqFocus false`
warning: ConwaySoifer/Simplified/Geometry/CoreLocal.lean:59:72: Used `tac1 <;> tac2` where `(tac1; tac2)` would suffice

Note: This linter can be disabled with `set_option linter.unnecessarySeqFocus false`
warning: ConwaySoifer/Simplified/Geometry/CoreLocal.lean:69:25: Used `tac1 <;> tac2` where `(tac1; tac2)` would suffice

Note: This linter can be disabled with `set_option linter.unnecessarySeqFocus false`
warning: ConwaySoifer/Simplified/Geometry/CoreLocal.lean:69:42: Used `tac1 <;> tac2` where `(tac1; tac2)` would suffice

Note: This linter can be disabled with `set_option linter.unnecessarySeqFocus false`
warning: ConwaySoifer/Simplified/Geometry/CoreLocal.lean:77:27: Used `tac1 <;> tac2` where `(tac1; tac2)` would suffice

Note: This linter can be disabled with `set_option linter.unnecessarySeqFocus false`
warning: ConwaySoifer/Simplified/Geometry/CoreLocal.lean:77:85: Used `tac1 <;> tac2` where `(tac1; tac2)` would suffice

Note: This linter can be disabled with `set_option linter.unnecessarySeqFocus false`
warning: ConwaySoifer/Simplified/Geometry/CoreLocal.lean:84:72: Used `tac1 <;> tac2` where `(tac1; tac2)` would suffice

Note: This linter can be disabled with `set_option linter.unnecessarySeqFocus false`
warning: ConwaySoifer/Simplified/Geometry/CoreLocal.lean:94:27: Used `tac1 <;> tac2` where `(tac1; tac2)` would suffice

Note: This linter can be disabled with `set_option linter.unnecessarySeqFocus false`
warning: ConwaySoifer/Simplified/Geometry/CoreLocal.lean:94:85: Used `tac1 <;> tac2` where `(tac1; tac2)` would suffice

Note: This linter can be disabled with `set_option linter.unnecessarySeqFocus false`
warning: ConwaySoifer/Simplified/Geometry/CoreLocal.lean:101:72: Used `tac1 <;> tac2` where `(tac1; tac2)` would suffice

Note: This linter can be disabled with `set_option linter.unnecessarySeqFocus false`
warning: ConwaySoifer/Simplified/Geometry/CoreLocal.lean:111:25: Used `tac1 <;> tac2` where `(tac1; tac2)` would suffice

Note: This linter can be disabled with `set_option linter.unnecessarySeqFocus false`
warning: ConwaySoifer/Simplified/Geometry/CoreLocal.lean:111:42: Used `tac1 <;> tac2` where `(tac1; tac2)` would suffice

Note: This linter can be disabled with `set_option linter.unnecessarySeqFocus false`
warning: ConwaySoifer/Simplified/Geometry/CoreLocal.lean:119:27: Used `tac1 <;> tac2` where `(tac1; tac2)` would suffice

Note: This linter can be disabled with `set_option linter.unnecessarySeqFocus false`
warning: ConwaySoifer/Simplified/Geometry/CoreLocal.lean:119:85: Used `tac1 <;> tac2` where `(tac1; tac2)` would suffice

Note: This linter can be disabled with `set_option linter.unnecessarySeqFocus false`
warning: ConwaySoifer/Simplified/Geometry/CoreLocal.lean:126:72: Used `tac1 <;> tac2` where `(tac1; tac2)` would suffice

Note: This linter can be disabled with `set_option linter.unnecessarySeqFocus false`
warning: ConwaySoifer/Simplified/Geometry/CoreLocal.lean:136:27: Used `tac1 <;> tac2` where `(tac1; tac2)` would suffice

Note: This linter can be disabled with `set_option linter.unnecessarySeqFocus false`
warning: ConwaySoifer/Simplified/Geometry/CoreLocal.lean:136:85: Used `tac1 <;> tac2` where `(tac1; tac2)` would suffice

Note: This linter can be disabled with `set_option linter.unnecessarySeqFocus false`
warning: ConwaySoifer/Simplified/Geometry/CoreLocal.lean:143:72: Used `tac1 <;> tac2` where `(tac1; tac2)` would suffice

Note: This linter can be disabled with `set_option linter.unnecessarySeqFocus false`
warning: ConwaySoifer/Simplified/Geometry/CoreLocal.lean:153:25: Used `tac1 <;> tac2` where `(tac1; tac2)` would suffice

Note: This linter can be disabled with `set_option linter.unnecessarySeqFocus false`
warning: ConwaySoifer/Simplified/Geometry/CoreLocal.lean:153:42: Used `tac1 <;> tac2` where `(tac1; tac2)` would suffice

Note: This linter can be disabled with `set_option linter.unnecessarySeqFocus false`
warning: ConwaySoifer/Simplified/Geometry/CoreLocal.lean:161:27: Used `tac1 <;> tac2` where `(tac1; tac2)` would suffice

Note: This linter can be disabled with `set_option linter.unnecessarySeqFocus false`
warning: ConwaySoifer/Simplified/Geometry/CoreLocal.lean:161:85: Used `tac1 <;> tac2` where `(tac1; tac2)` would suffice

Note: This linter can be disabled with `set_option linter.unnecessarySeqFocus false`
warning: ConwaySoifer/Simplified/Geometry/CoreLocal.lean:168:72: Used `tac1 <;> tac2` where `(tac1; tac2)` would suffice

Note: This linter can be disabled with `set_option linter.unnecessarySeqFocus false`
warning: ConwaySoifer/Simplified/Geometry/CoreLocal.lean:178:27: Used `tac1 <;> tac2` where `(tac1; tac2)` would suffice

Note: This linter can be disabled with `set_option linter.unnecessarySeqFocus false`
warning: ConwaySoifer/Simplified/Geometry/CoreLocal.lean:178:85: Used `tac1 <;> tac2` where `(tac1; tac2)` would suffice

Note: This linter can be disabled with `set_option linter.unnecessarySeqFocus false`
warning: ConwaySoifer/Simplified/Geometry/CoreLocal.lean:185:72: Used `tac1 <;> tac2` where `(tac1; tac2)` would suffice

Note: This linter can be disabled with `set_option linter.unnecessarySeqFocus false`
warning: ConwaySoifer/Simplified/Geometry/CoreLocal.lean:204:27: Used `tac1 <;> tac2` where `(tac1; tac2)` would suffice

Note: This linter can be disabled with `set_option linter.unnecessarySeqFocus false`
warning: ConwaySoifer/Simplified/Geometry/CoreLocal.lean:212:29: Used `tac1 <;> tac2` where `(tac1; tac2)` would suffice

Note: This linter can be disabled with `set_option linter.unnecessarySeqFocus false`
warning: ConwaySoifer/Simplified/Geometry/CoreLocal.lean:212:87: Used `tac1 <;> tac2` where `(tac1; tac2)` would suffice

Note: This linter can be disabled with `set_option linter.unnecessarySeqFocus false`
warning: ConwaySoifer/Simplified/Geometry/CoreLocal.lean:219:74: Used `tac1 <;> tac2` where `(tac1; tac2)` would suffice

Note: This linter can be disabled with `set_option linter.unnecessarySeqFocus false`
warning: ConwaySoifer/Simplified/Geometry/CoreLocal.lean:229:29: Used `tac1 <;> tac2` where `(tac1; tac2)` would suffice

Note: This linter can be disabled with `set_option linter.unnecessarySeqFocus false`
warning: ConwaySoifer/Simplified/Geometry/CoreLocal.lean:229:87: Used `tac1 <;> tac2` where `(tac1; tac2)` would suffice

Note: This linter can be disabled with `set_option linter.unnecessarySeqFocus false`
warning: ConwaySoifer/Simplified/Geometry/CoreLocal.lean:236:74: Used `tac1 <;> tac2` where `(tac1; tac2)` would suffice

Note: This linter can be disabled with `set_option linter.unnecessarySeqFocus false`
warning: ConwaySoifer/Simplified/Geometry/CoreLocal.lean:246:27: Used `tac1 <;> tac2` where `(tac1; tac2)` would suffice

Note: This linter can be disabled with `set_option linter.unnecessarySeqFocus false`
warning: ConwaySoifer/Simplified/Geometry/CoreLocal.lean:246:44: Used `tac1 <;> tac2` where `(tac1; tac2)` would suffice

Note: This linter can be disabled with `set_option linter.unnecessarySeqFocus false`
warning: ConwaySoifer/Simplified/Geometry/CoreLocal.lean:254:29: Used `tac1 <;> tac2` where `(tac1; tac2)` would suffice

Note: This linter can be disabled with `set_option linter.unnecessarySeqFocus false`
warning: ConwaySoifer/Simplified/Geometry/CoreLocal.lean:254:87: Used `tac1 <;> tac2` where `(tac1; tac2)` would suffice

Note: This linter can be disabled with `set_option linter.unnecessarySeqFocus false`
warning: ConwaySoifer/Simplified/Geometry/CoreLocal.lean:261:74: Used `tac1 <;> tac2` where `(tac1; tac2)` would suffice

Note: This linter can be disabled with `set_option linter.unnecessarySeqFocus false`
warning: ConwaySoifer/Simplified/Geometry/CoreLocal.lean:271:29: Used `tac1 <;> tac2` where `(tac1; tac2)` would suffice

Note: This linter can be disabled with `set_option linter.unnecessarySeqFocus false`
warning: ConwaySoifer/Simplified/Geometry/CoreLocal.lean:271:87: Used `tac1 <;> tac2` where `(tac1; tac2)` would suffice

Note: This linter can be disabled with `set_option linter.unnecessarySeqFocus false`
warning: ConwaySoifer/Simplified/Geometry/CoreLocal.lean:278:74: Used `tac1 <;> tac2` where `(tac1; tac2)` would suffice

Note: This linter can be disabled with `set_option linter.unnecessarySeqFocus false`
warning: ConwaySoifer/Simplified/Geometry/CoreLocal.lean:288:27: Used `tac1 <;> tac2` where `(tac1; tac2)` would suffice

Note: This linter can be disabled with `set_option linter.unnecessarySeqFocus false`
warning: ConwaySoifer/Simplified/Geometry/CoreLocal.lean:288:44: Used `tac1 <;> tac2` where `(tac1; tac2)` would suffice

Note: This linter can be disabled with `set_option linter.unnecessarySeqFocus false`
warning: ConwaySoifer/Simplified/Geometry/CoreLocal.lean:296:29: Used `tac1 <;> tac2` where `(tac1; tac2)` would suffice

Note: This linter can be disabled with `set_option linter.unnecessarySeqFocus false`
warning: ConwaySoifer/Simplified/Geometry/CoreLocal.lean:296:87: Used `tac1 <;> tac2` where `(tac1; tac2)` would suffice

Note: This linter can be disabled with `set_option linter.unnecessarySeqFocus false`
warning: ConwaySoifer/Simplified/Geometry/CoreLocal.lean:303:74: Used `tac1 <;> tac2` where `(tac1; tac2)` would suffice

Note: This linter can be disabled with `set_option linter.unnecessarySeqFocus false`
warning: ConwaySoifer/Simplified/Geometry/CoreLocal.lean:313:29: Used `tac1 <;> tac2` where `(tac1; tac2)` would suffice

Note: This linter can be disabled with `set_option linter.unnecessarySeqFocus false`
warning: ConwaySoifer/Simplified/Geometry/CoreLocal.lean:313:87: Used `tac1 <;> tac2` where `(tac1; tac2)` would suffice

Note: This linter can be disabled with `set_option linter.unnecessarySeqFocus false`
warning: ConwaySoifer/Simplified/Geometry/CoreLocal.lean:320:74: Used `tac1 <;> tac2` where `(tac1; tac2)` would suffice

Note: This linter can be disabled with `set_option linter.unnecessarySeqFocus false`
warning: ConwaySoifer/Simplified/Geometry/CoreLocal.lean:330:27: Used `tac1 <;> tac2` where `(tac1; tac2)` would suffice

Note: This linter can be disabled with `set_option linter.unnecessarySeqFocus false`
warning: ConwaySoifer/Simplified/Geometry/CoreLocal.lean:330:44: Used `tac1 <;> tac2` where `(tac1; tac2)` would suffice

Note: This linter can be disabled with `set_option linter.unnecessarySeqFocus false`
warning: ConwaySoifer/Simplified/Geometry/CoreLocal.lean:338:29: Used `tac1 <;> tac2` where `(tac1; tac2)` would suffice

Note: This linter can be disabled with `set_option linter.unnecessarySeqFocus false`
warning: ConwaySoifer/Simplified/Geometry/CoreLocal.lean:338:87: Used `tac1 <;> tac2` where `(tac1; tac2)` would suffice

Note: This linter can be disabled with `set_option linter.unnecessarySeqFocus false`
warning: ConwaySoifer/Simplified/Geometry/CoreLocal.lean:345:74: Used `tac1 <;> tac2` where `(tac1; tac2)` would suffice

Note: This linter can be disabled with `set_option linter.unnecessarySeqFocus false`
warning: ConwaySoifer/Simplified/Geometry/CoreLocal.lean:355:29: Used `tac1 <;> tac2` where `(tac1; tac2)` would suffice

Note: This linter can be disabled with `set_option linter.unnecessarySeqFocus false`
warning: ConwaySoifer/Simplified/Geometry/CoreLocal.lean:355:87: Used `tac1 <;> tac2` where `(tac1; tac2)` would suffice

Note: This linter can be disabled with `set_option linter.unnecessarySeqFocus false`
warning: ConwaySoifer/Simplified/Geometry/CoreLocal.lean:362:74: Used `tac1 <;> tac2` where `(tac1; tac2)` would suffice

Note: This linter can be disabled with `set_option linter.unnecessarySeqFocus false`
warning: ConwaySoifer/Simplified/Geometry/CoreLocal.lean:381:29: Used `tac1 <;> tac2` where `(tac1; tac2)` would suffice

Note: This linter can be disabled with `set_option linter.unnecessarySeqFocus false`
warning: ConwaySoifer/Simplified/Geometry/CoreLocal.lean:389:31: Used `tac1 <;> tac2` where `(tac1; tac2)` would suffice

Note: This linter can be disabled with `set_option linter.unnecessarySeqFocus false`
warning: ConwaySoifer/Simplified/Geometry/CoreLocal.lean:389:89: Used `tac1 <;> tac2` where `(tac1; tac2)` would suffice

Note: This linter can be disabled with `set_option linter.unnecessarySeqFocus false`
warning: ConwaySoifer/Simplified/Geometry/CoreLocal.lean:396:76: Used `tac1 <;> tac2` where `(tac1; tac2)` would suffice

Note: This linter can be disabled with `set_option linter.unnecessarySeqFocus false`
warning: ConwaySoifer/Simplified/Geometry/CoreLocal.lean:406:31: Used `tac1 <;> tac2` where `(tac1; tac2)` would suffice

Note: This linter can be disabled with `set_option linter.unnecessarySeqFocus false`
warning: ConwaySoifer/Simplified/Geometry/CoreLocal.lean:406:89: Used `tac1 <;> tac2` where `(tac1; tac2)` would suffice

Note: This linter can be disabled with `set_option linter.unnecessarySeqFocus false`
warning: ConwaySoifer/Simplified/Geometry/CoreLocal.lean:413:76: Used `tac1 <;> tac2` where `(tac1; tac2)` would suffice

Note: This linter can be disabled with `set_option linter.unnecessarySeqFocus false`
warning: ConwaySoifer/Simplified/Geometry/CoreLocal.lean:423:29: Used `tac1 <;> tac2` where `(tac1; tac2)` would suffice

Note: This linter can be disabled with `set_option linter.unnecessarySeqFocus false`
warning: ConwaySoifer/Simplified/Geometry/CoreLocal.lean:423:46: Used `tac1 <;> tac2` where `(tac1; tac2)` would suffice

Note: This linter can be disabled with `set_option linter.unnecessarySeqFocus false`
warning: ConwaySoifer/Simplified/Geometry/CoreLocal.lean:431:31: Used `tac1 <;> tac2` where `(tac1; tac2)` would suffice

Note: This linter can be disabled with `set_option linter.unnecessarySeqFocus false`
warning: ConwaySoifer/Simplified/Geometry/CoreLocal.lean:431:89: Used `tac1 <;> tac2` where `(tac1; tac2)` would suffice

Note: This linter can be disabled with `set_option linter.unnecessarySeqFocus false`
warning: ConwaySoifer/Simplified/Geometry/CoreLocal.lean:438:76: Used `tac1 <;> tac2` where `(tac1; tac2)` would suffice

Note: This linter can be disabled with `set_option linter.unnecessarySeqFocus false`
warning: ConwaySoifer/Simplified/Geometry/CoreLocal.lean:448:31: Used `tac1 <;> tac2` where `(tac1; tac2)` would suffice

Note: This linter can be disabled with `set_option linter.unnecessarySeqFocus false`
warning: ConwaySoifer/Simplified/Geometry/CoreLocal.lean:448:89: Used `tac1 <;> tac2` where `(tac1; tac2)` would suffice

Note: This linter can be disabled with `set_option linter.unnecessarySeqFocus false`
warning: ConwaySoifer/Simplified/Geometry/CoreLocal.lean:455:76: Used `tac1 <;> tac2` where `(tac1; tac2)` would suffice

Note: This linter can be disabled with `set_option linter.unnecessarySeqFocus false`
warning: ConwaySoifer/Simplified/Geometry/CoreLocal.lean:465:29: Used `tac1 <;> tac2` where `(tac1; tac2)` would suffice

Note: This linter can be disabled with `set_option linter.unnecessarySeqFocus false`
warning: ConwaySoifer/Simplified/Geometry/CoreLocal.lean:465:46: Used `tac1 <;> tac2` where `(tac1; tac2)` would suffice

Note: This linter can be disabled with `set_option linter.unnecessarySeqFocus false`
warning: ConwaySoifer/Simplified/Geometry/CoreLocal.lean:473:31: Used `tac1 <;> tac2` where `(tac1; tac2)` would suffice

Note: This linter can be disabled with `set_option linter.unnecessarySeqFocus false`
warning: ConwaySoifer/Simplified/Geometry/CoreLocal.lean:473:89: Used `tac1 <;> tac2` where `(tac1; tac2)` would suffice

Note: This linter can be disabled with `set_option linter.unnecessarySeqFocus false`
warning: ConwaySoifer/Simplified/Geometry/CoreLocal.lean:480:76: Used `tac1 <;> tac2` where `(tac1; tac2)` would suffice

Note: This linter can be disabled with `set_option linter.unnecessarySeqFocus false`
warning: ConwaySoifer/Simplified/Geometry/CoreLocal.lean:490:31: Used `tac1 <;> tac2` where `(tac1; tac2)` would suffice

Note: This linter can be disabled with `set_option linter.unnecessarySeqFocus false`
warning: ConwaySoifer/Simplified/Geometry/CoreLocal.lean:490:89: Used `tac1 <;> tac2` where `(tac1; tac2)` would suffice

Note: This linter can be disabled with `set_option linter.unnecessarySeqFocus false`
warning: ConwaySoifer/Simplified/Geometry/CoreLocal.lean:497:76: Used `tac1 <;> tac2` where `(tac1; tac2)` would suffice

Note: This linter can be disabled with `set_option linter.unnecessarySeqFocus false`
warning: ConwaySoifer/Simplified/Geometry/CoreLocal.lean:507:29: Used `tac1 <;> tac2` where `(tac1; tac2)` would suffice

Note: This linter can be disabled with `set_option linter.unnecessarySeqFocus false`
warning: ConwaySoifer/Simplified/Geometry/CoreLocal.lean:507:46: Used `tac1 <;> tac2` where `(tac1; tac2)` would suffice

Note: This linter can be disabled with `set_option linter.unnecessarySeqFocus false`
warning: ConwaySoifer/Simplified/Geometry/CoreLocal.lean:515:31: Used `tac1 <;> tac2` where `(tac1; tac2)` would suffice

Note: This linter can be disabled with `set_option linter.unnecessarySeqFocus false`
warning: ConwaySoifer/Simplified/Geometry/CoreLocal.lean:515:89: Used `tac1 <;> tac2` where `(tac1; tac2)` would suffice

Note: This linter can be disabled with `set_option linter.unnecessarySeqFocus false`
warning: ConwaySoifer/Simplified/Geometry/CoreLocal.lean:522:76: Used `tac1 <;> tac2` where `(tac1; tac2)` would suffice

Note: This linter can be disabled with `set_option linter.unnecessarySeqFocus false`
warning: ConwaySoifer/Simplified/Geometry/CoreLocal.lean:532:31: Used `tac1 <;> tac2` where `(tac1; tac2)` would suffice

Note: This linter can be disabled with `set_option linter.unnecessarySeqFocus false`
warning: ConwaySoifer/Simplified/Geometry/CoreLocal.lean:532:89: Used `tac1 <;> tac2` where `(tac1; tac2)` would suffice

Note: This linter can be disabled with `set_option linter.unnecessarySeqFocus false`
warning: ConwaySoifer/Simplified/Geometry/CoreLocal.lean:539:76: Used `tac1 <;> tac2` where `(tac1; tac2)` would suffice

Note: This linter can be disabled with `set_option linter.unnecessarySeqFocus false`
warning: ConwaySoifer/Simplified/Geometry/CoreLocal.lean:556:29: Used `tac1 <;> tac2` where `(tac1; tac2)` would suffice

Note: This linter can be disabled with `set_option linter.unnecessarySeqFocus false`
warning: ConwaySoifer/Simplified/Geometry/CoreLocal.lean:564:31: Used `tac1 <;> tac2` where `(tac1; tac2)` would suffice

Note: This linter can be disabled with `set_option linter.unnecessarySeqFocus false`
warning: ConwaySoifer/Simplified/Geometry/CoreLocal.lean:564:89: Used `tac1 <;> tac2` where `(tac1; tac2)` would suffice

Note: This linter can be disabled with `set_option linter.unnecessarySeqFocus false`
warning: ConwaySoifer/Simplified/Geometry/CoreLocal.lean:571:76: Used `tac1 <;> tac2` where `(tac1; tac2)` would suffice

Note: This linter can be disabled with `set_option linter.unnecessarySeqFocus false`
warning: ConwaySoifer/Simplified/Geometry/CoreLocal.lean:581:31: Used `tac1 <;> tac2` where `(tac1; tac2)` would suffice

Note: This linter can be disabled with `set_option linter.unnecessarySeqFocus false`
warning: ConwaySoifer/Simplified/Geometry/CoreLocal.lean:581:89: Used `tac1 <;> tac2` where `(tac1; tac2)` would suffice

Note: This linter can be disabled with `set_option linter.unnecessarySeqFocus false`
warning: ConwaySoifer/Simplified/Geometry/CoreLocal.lean:588:76: Used `tac1 <;> tac2` where `(tac1; tac2)` would suffice

Note: This linter can be disabled with `set_option linter.unnecessarySeqFocus false`
warning: ConwaySoifer/Simplified/Geometry/CoreLocal.lean:598:29: Used `tac1 <;> tac2` where `(tac1; tac2)` would suffice

Note: This linter can be disabled with `set_option linter.unnecessarySeqFocus false`
warning: ConwaySoifer/Simplified/Geometry/CoreLocal.lean:598:46: Used `tac1 <;> tac2` where `(tac1; tac2)` would suffice

Note: This linter can be disabled with `set_option linter.unnecessarySeqFocus false`
warning: ConwaySoifer/Simplified/Geometry/CoreLocal.lean:606:31: Used `tac1 <;> tac2` where `(tac1; tac2)` would suffice

Note: This linter can be disabled with `set_option linter.unnecessarySeqFocus false`
warning: ConwaySoifer/Simplified/Geometry/CoreLocal.lean:606:89: Used `tac1 <;> tac2` where `(tac1; tac2)` would suffice

Note: This linter can be disabled with `set_option linter.unnecessarySeqFocus false`
warning: ConwaySoifer/Simplified/Geometry/CoreLocal.lean:613:76: Used `tac1 <;> tac2` where `(tac1; tac2)` would suffice

Note: This linter can be disabled with `set_option linter.unnecessarySeqFocus false`
warning: ConwaySoifer/Simplified/Geometry/CoreLocal.lean:623:31: Used `tac1 <;> tac2` where `(tac1; tac2)` would suffice

Note: This linter can be disabled with `set_option linter.unnecessarySeqFocus false`
warning: ConwaySoifer/Simplified/Geometry/CoreLocal.lean:623:89: Used `tac1 <;> tac2` where `(tac1; tac2)` would suffice

Note: This linter can be disabled with `set_option linter.unnecessarySeqFocus false`
warning: ConwaySoifer/Simplified/Geometry/CoreLocal.lean:630:76: Used `tac1 <;> tac2` where `(tac1; tac2)` would suffice

Note: This linter can be disabled with `set_option linter.unnecessarySeqFocus false`
warning: ConwaySoifer/Simplified/Geometry/CoreLocal.lean:640:29: Used `tac1 <;> tac2` where `(tac1; tac2)` would suffice

Note: This linter can be disabled with `set_option linter.unnecessarySeqFocus false`
warning: ConwaySoifer/Simplified/Geometry/CoreLocal.lean:640:46: Used `tac1 <;> tac2` where `(tac1; tac2)` would suffice

Note: This linter can be disabled with `set_option linter.unnecessarySeqFocus false`
warning: ConwaySoifer/Simplified/Geometry/CoreLocal.lean:648:31: Used `tac1 <;> tac2` where `(tac1; tac2)` would suffice

Note: This linter can be disabled with `set_option linter.unnecessarySeqFocus false`
warning: ConwaySoifer/Simplified/Geometry/CoreLocal.lean:648:89: Used `tac1 <;> tac2` where `(tac1; tac2)` would suffice

Note: This linter can be disabled with `set_option linter.unnecessarySeqFocus false`
warning: ConwaySoifer/Simplified/Geometry/CoreLocal.lean:655:76: Used `tac1 <;> tac2` where `(tac1; tac2)` would suffice

Note: This linter can be disabled with `set_option linter.unnecessarySeqFocus false`
warning: ConwaySoifer/Simplified/Geometry/CoreLocal.lean:665:31: Used `tac1 <;> tac2` where `(tac1; tac2)` would suffice

Note: This linter can be disabled with `set_option linter.unnecessarySeqFocus false`
warning: ConwaySoifer/Simplified/Geometry/CoreLocal.lean:665:89: Used `tac1 <;> tac2` where `(tac1; tac2)` would suffice

Note: This linter can be disabled with `set_option linter.unnecessarySeqFocus false`
warning: ConwaySoifer/Simplified/Geometry/CoreLocal.lean:672:76: Used `tac1 <;> tac2` where `(tac1; tac2)` would suffice

Note: This linter can be disabled with `set_option linter.unnecessarySeqFocus false`
warning: ConwaySoifer/Simplified/Geometry/CoreLocal.lean:27:46: 'ring' tactic does nothing

Note: This linter can be disabled with `set_option linter.unusedTactic false`
warning: ConwaySoifer/Simplified/Geometry/CoreLocal.lean:204:48: 'ring' tactic does nothing

Note: This linter can be disabled with `set_option linter.unusedTactic false`
warning: ConwaySoifer/Simplified/Geometry/CoreLocal.lean:381:50: 'ring' tactic does nothing

Note: This linter can be disabled with `set_option linter.unusedTactic false`
warning: ConwaySoifer/Simplified/Geometry/CoreLocal.lean:556:50: 'ring' tactic does nothing

Note: This linter can be disabled with `set_option linter.unusedTactic false`
⚠ [3944/3956] Built ConwaySoifer.Simplified.Geometry.Core (2.0s)
warning: ConwaySoifer/Simplified/Geometry/Core.lean:19:23: Used `tac1 <;> tac2` where `(tac1; tac2)` would suffice

Note: This linter can be disabled with `set_option linter.unnecessarySeqFocus false`
⚠ [3945/3956] Built ConwaySoifer.Simplified.Geometry.BridgeLocal (78s)
warning: ConwaySoifer/Simplified/Geometry/BridgeLocal.lean:27:46: this tactic is never executed

Note: This linter can be disabled with `set_option linter.unreachableTactic false`
warning: ConwaySoifer/Simplified/Geometry/BridgeLocal.lean:248:50: this tactic is never executed

Note: This linter can be disabled with `set_option linter.unreachableTactic false`
warning: ConwaySoifer/Simplified/Geometry/BridgeLocal.lean:465:50: this tactic is never executed

Note: This linter can be disabled with `set_option linter.unreachableTactic false`
warning: ConwaySoifer/Simplified/Geometry/BridgeLocal.lean:640:48: this tactic is never executed

Note: This linter can be disabled with `set_option linter.unreachableTactic false`
warning: ConwaySoifer/Simplified/Geometry/BridgeLocal.lean:27:25: Used `tac1 <;> tac2` where `(tac1; tac2)` would suffice

Note: This linter can be disabled with `set_option linter.unnecessarySeqFocus false`
warning: ConwaySoifer/Simplified/Geometry/BridgeLocal.lean:35:27: Used `tac1 <;> tac2` where `(tac1; tac2)` would suffice

Note: This linter can be disabled with `set_option linter.unnecessarySeqFocus false`
warning: ConwaySoifer/Simplified/Geometry/BridgeLocal.lean:35:79: Used `tac1 <;> tac2` where `(tac1; tac2)` would suffice

Note: This linter can be disabled with `set_option linter.unnecessarySeqFocus false`
warning: ConwaySoifer/Simplified/Geometry/BridgeLocal.lean:42:66: Used `tac1 <;> tac2` where `(tac1; tac2)` would suffice

Note: This linter can be disabled with `set_option linter.unnecessarySeqFocus false`
warning: ConwaySoifer/Simplified/Geometry/BridgeLocal.lean:52:27: Used `tac1 <;> tac2` where `(tac1; tac2)` would suffice

Note: This linter can be disabled with `set_option linter.unnecessarySeqFocus false`
warning: ConwaySoifer/Simplified/Geometry/BridgeLocal.lean:52:79: Used `tac1 <;> tac2` where `(tac1; tac2)` would suffice

Note: This linter can be disabled with `set_option linter.unnecessarySeqFocus false`
warning: ConwaySoifer/Simplified/Geometry/BridgeLocal.lean:59:66: Used `tac1 <;> tac2` where `(tac1; tac2)` would suffice

Note: This linter can be disabled with `set_option linter.unnecessarySeqFocus false`
warning: ConwaySoifer/Simplified/Geometry/BridgeLocal.lean:69:25: Used `tac1 <;> tac2` where `(tac1; tac2)` would suffice

Note: This linter can be disabled with `set_option linter.unnecessarySeqFocus false`
warning: ConwaySoifer/Simplified/Geometry/BridgeLocal.lean:69:42: Used `tac1 <;> tac2` where `(tac1; tac2)` would suffice

Note: This linter can be disabled with `set_option linter.unnecessarySeqFocus false`
warning: ConwaySoifer/Simplified/Geometry/BridgeLocal.lean:77:27: Used `tac1 <;> tac2` where `(tac1; tac2)` would suffice

Note: This linter can be disabled with `set_option linter.unnecessarySeqFocus false`
warning: ConwaySoifer/Simplified/Geometry/BridgeLocal.lean:77:79: Used `tac1 <;> tac2` where `(tac1; tac2)` would suffice

Note: This linter can be disabled with `set_option linter.unnecessarySeqFocus false`
warning: ConwaySoifer/Simplified/Geometry/BridgeLocal.lean:84:66: Used `tac1 <;> tac2` where `(tac1; tac2)` would suffice

Note: This linter can be disabled with `set_option linter.unnecessarySeqFocus false`
warning: ConwaySoifer/Simplified/Geometry/BridgeLocal.lean:94:27: Used `tac1 <;> tac2` where `(tac1; tac2)` would suffice

Note: This linter can be disabled with `set_option linter.unnecessarySeqFocus false`
warning: ConwaySoifer/Simplified/Geometry/BridgeLocal.lean:94:79: Used `tac1 <;> tac2` where `(tac1; tac2)` would suffice

Note: This linter can be disabled with `set_option linter.unnecessarySeqFocus false`
warning: ConwaySoifer/Simplified/Geometry/BridgeLocal.lean:101:66: Used `tac1 <;> tac2` where `(tac1; tac2)` would suffice

Note: This linter can be disabled with `set_option linter.unnecessarySeqFocus false`
warning: ConwaySoifer/Simplified/Geometry/BridgeLocal.lean:111:25: Used `tac1 <;> tac2` where `(tac1; tac2)` would suffice

Note: This linter can be disabled with `set_option linter.unnecessarySeqFocus false`
warning: ConwaySoifer/Simplified/Geometry/BridgeLocal.lean:111:42: Used `tac1 <;> tac2` where `(tac1; tac2)` would suffice

Note: This linter can be disabled with `set_option linter.unnecessarySeqFocus false`
warning: ConwaySoifer/Simplified/Geometry/BridgeLocal.lean:119:27: Used `tac1 <;> tac2` where `(tac1; tac2)` would suffice

Note: This linter can be disabled with `set_option linter.unnecessarySeqFocus false`
warning: ConwaySoifer/Simplified/Geometry/BridgeLocal.lean:119:79: Used `tac1 <;> tac2` where `(tac1; tac2)` would suffice

Note: This linter can be disabled with `set_option linter.unnecessarySeqFocus false`
warning: ConwaySoifer/Simplified/Geometry/BridgeLocal.lean:126:66: Used `tac1 <;> tac2` where `(tac1; tac2)` would suffice

Note: This linter can be disabled with `set_option linter.unnecessarySeqFocus false`
warning: ConwaySoifer/Simplified/Geometry/BridgeLocal.lean:136:27: Used `tac1 <;> tac2` where `(tac1; tac2)` would suffice

Note: This linter can be disabled with `set_option linter.unnecessarySeqFocus false`
warning: ConwaySoifer/Simplified/Geometry/BridgeLocal.lean:136:79: Used `tac1 <;> tac2` where `(tac1; tac2)` would suffice

Note: This linter can be disabled with `set_option linter.unnecessarySeqFocus false`
warning: ConwaySoifer/Simplified/Geometry/BridgeLocal.lean:143:66: Used `tac1 <;> tac2` where `(tac1; tac2)` would suffice

Note: This linter can be disabled with `set_option linter.unnecessarySeqFocus false`
warning: ConwaySoifer/Simplified/Geometry/BridgeLocal.lean:153:25: Used `tac1 <;> tac2` where `(tac1; tac2)` would suffice

Note: This linter can be disabled with `set_option linter.unnecessarySeqFocus false`
warning: ConwaySoifer/Simplified/Geometry/BridgeLocal.lean:153:42: Used `tac1 <;> tac2` where `(tac1; tac2)` would suffice

Note: This linter can be disabled with `set_option linter.unnecessarySeqFocus false`
warning: ConwaySoifer/Simplified/Geometry/BridgeLocal.lean:161:27: Used `tac1 <;> tac2` where `(tac1; tac2)` would suffice

Note: This linter can be disabled with `set_option linter.unnecessarySeqFocus false`
warning: ConwaySoifer/Simplified/Geometry/BridgeLocal.lean:161:79: Used `tac1 <;> tac2` where `(tac1; tac2)` would suffice

Note: This linter can be disabled with `set_option linter.unnecessarySeqFocus false`
warning: ConwaySoifer/Simplified/Geometry/BridgeLocal.lean:168:66: Used `tac1 <;> tac2` where `(tac1; tac2)` would suffice

Note: This linter can be disabled with `set_option linter.unnecessarySeqFocus false`
warning: ConwaySoifer/Simplified/Geometry/BridgeLocal.lean:178:27: Used `tac1 <;> tac2` where `(tac1; tac2)` would suffice

Note: This linter can be disabled with `set_option linter.unnecessarySeqFocus false`
warning: ConwaySoifer/Simplified/Geometry/BridgeLocal.lean:178:79: Used `tac1 <;> tac2` where `(tac1; tac2)` would suffice

Note: This linter can be disabled with `set_option linter.unnecessarySeqFocus false`
warning: ConwaySoifer/Simplified/Geometry/BridgeLocal.lean:185:66: Used `tac1 <;> tac2` where `(tac1; tac2)` would suffice

Note: This linter can be disabled with `set_option linter.unnecessarySeqFocus false`
warning: ConwaySoifer/Simplified/Geometry/BridgeLocal.lean:195:25: Used `tac1 <;> tac2` where `(tac1; tac2)` would suffice

Note: This linter can be disabled with `set_option linter.unnecessarySeqFocus false`
warning: ConwaySoifer/Simplified/Geometry/BridgeLocal.lean:195:42: Used `tac1 <;> tac2` where `(tac1; tac2)` would suffice

Note: This linter can be disabled with `set_option linter.unnecessarySeqFocus false`
warning: ConwaySoifer/Simplified/Geometry/BridgeLocal.lean:203:27: Used `tac1 <;> tac2` where `(tac1; tac2)` would suffice

Note: This linter can be disabled with `set_option linter.unnecessarySeqFocus false`
warning: ConwaySoifer/Simplified/Geometry/BridgeLocal.lean:203:79: Used `tac1 <;> tac2` where `(tac1; tac2)` would suffice

Note: This linter can be disabled with `set_option linter.unnecessarySeqFocus false`
warning: ConwaySoifer/Simplified/Geometry/BridgeLocal.lean:210:66: Used `tac1 <;> tac2` where `(tac1; tac2)` would suffice

Note: This linter can be disabled with `set_option linter.unnecessarySeqFocus false`
warning: ConwaySoifer/Simplified/Geometry/BridgeLocal.lean:220:27: Used `tac1 <;> tac2` where `(tac1; tac2)` would suffice

Note: This linter can be disabled with `set_option linter.unnecessarySeqFocus false`
warning: ConwaySoifer/Simplified/Geometry/BridgeLocal.lean:220:79: Used `tac1 <;> tac2` where `(tac1; tac2)` would suffice

Note: This linter can be disabled with `set_option linter.unnecessarySeqFocus false`
warning: ConwaySoifer/Simplified/Geometry/BridgeLocal.lean:227:66: Used `tac1 <;> tac2` where `(tac1; tac2)` would suffice

Note: This linter can be disabled with `set_option linter.unnecessarySeqFocus false`
warning: ConwaySoifer/Simplified/Geometry/BridgeLocal.lean:248:29: Used `tac1 <;> tac2` where `(tac1; tac2)` would suffice

Note: This linter can be disabled with `set_option linter.unnecessarySeqFocus false`
warning: ConwaySoifer/Simplified/Geometry/BridgeLocal.lean:256:31: Used `tac1 <;> tac2` where `(tac1; tac2)` would suffice

Note: This linter can be disabled with `set_option linter.unnecessarySeqFocus false`
warning: ConwaySoifer/Simplified/Geometry/BridgeLocal.lean:256:83: Used `tac1 <;> tac2` where `(tac1; tac2)` would suffice

Note: This linter can be disabled with `set_option linter.unnecessarySeqFocus false`
warning: ConwaySoifer/Simplified/Geometry/BridgeLocal.lean:263:70: Used `tac1 <;> tac2` where `(tac1; tac2)` would suffice

Note: This linter can be disabled with `set_option linter.unnecessarySeqFocus false`
warning: ConwaySoifer/Simplified/Geometry/BridgeLocal.lean:273:31: Used `tac1 <;> tac2` where `(tac1; tac2)` would suffice

Note: This linter can be disabled with `set_option linter.unnecessarySeqFocus false`
warning: ConwaySoifer/Simplified/Geometry/BridgeLocal.lean:273:83: Used `tac1 <;> tac2` where `(tac1; tac2)` would suffice

Note: This linter can be disabled with `set_option linter.unnecessarySeqFocus false`
warning: ConwaySoifer/Simplified/Geometry/BridgeLocal.lean:280:70: Used `tac1 <;> tac2` where `(tac1; tac2)` would suffice

Note: This linter can be disabled with `set_option linter.unnecessarySeqFocus false`
warning: ConwaySoifer/Simplified/Geometry/BridgeLocal.lean:290:29: Used `tac1 <;> tac2` where `(tac1; tac2)` would suffice

Note: This linter can be disabled with `set_option linter.unnecessarySeqFocus false`
warning: ConwaySoifer/Simplified/Geometry/BridgeLocal.lean:290:46: Used `tac1 <;> tac2` where `(tac1; tac2)` would suffice

Note: This linter can be disabled with `set_option linter.unnecessarySeqFocus false`
warning: ConwaySoifer/Simplified/Geometry/BridgeLocal.lean:298:31: Used `tac1 <;> tac2` where `(tac1; tac2)` would suffice

Note: This linter can be disabled with `set_option linter.unnecessarySeqFocus false`
warning: ConwaySoifer/Simplified/Geometry/BridgeLocal.lean:298:83: Used `tac1 <;> tac2` where `(tac1; tac2)` would suffice

Note: This linter can be disabled with `set_option linter.unnecessarySeqFocus false`
warning: ConwaySoifer/Simplified/Geometry/BridgeLocal.lean:305:70: Used `tac1 <;> tac2` where `(tac1; tac2)` would suffice

Note: This linter can be disabled with `set_option linter.unnecessarySeqFocus false`
warning: ConwaySoifer/Simplified/Geometry/BridgeLocal.lean:315:31: Used `tac1 <;> tac2` where `(tac1; tac2)` would suffice

Note: This linter can be disabled with `set_option linter.unnecessarySeqFocus false`
warning: ConwaySoifer/Simplified/Geometry/BridgeLocal.lean:315:83: Used `tac1 <;> tac2` where `(tac1; tac2)` would suffice

Note: This linter can be disabled with `set_option linter.unnecessarySeqFocus false`
warning: ConwaySoifer/Simplified/Geometry/BridgeLocal.lean:322:70: Used `tac1 <;> tac2` where `(tac1; tac2)` would suffice

Note: This linter can be disabled with `set_option linter.unnecessarySeqFocus false`
warning: ConwaySoifer/Simplified/Geometry/BridgeLocal.lean:332:29: Used `tac1 <;> tac2` where `(tac1; tac2)` would suffice

Note: This linter can be disabled with `set_option linter.unnecessarySeqFocus false`
warning: ConwaySoifer/Simplified/Geometry/BridgeLocal.lean:332:46: Used `tac1 <;> tac2` where `(tac1; tac2)` would suffice

Note: This linter can be disabled with `set_option linter.unnecessarySeqFocus false`
warning: ConwaySoifer/Simplified/Geometry/BridgeLocal.lean:340:31: Used `tac1 <;> tac2` where `(tac1; tac2)` would suffice

Note: This linter can be disabled with `set_option linter.unnecessarySeqFocus false`
warning: ConwaySoifer/Simplified/Geometry/BridgeLocal.lean:340:83: Used `tac1 <;> tac2` where `(tac1; tac2)` would suffice

Note: This linter can be disabled with `set_option linter.unnecessarySeqFocus false`
warning: ConwaySoifer/Simplified/Geometry/BridgeLocal.lean:347:70: Used `tac1 <;> tac2` where `(tac1; tac2)` would suffice

Note: This linter can be disabled with `set_option linter.unnecessarySeqFocus false`
warning: ConwaySoifer/Simplified/Geometry/BridgeLocal.lean:357:31: Used `tac1 <;> tac2` where `(tac1; tac2)` would suffice

Note: This linter can be disabled with `set_option linter.unnecessarySeqFocus false`
warning: ConwaySoifer/Simplified/Geometry/BridgeLocal.lean:357:83: Used `tac1 <;> tac2` where `(tac1; tac2)` would suffice

Note: This linter can be disabled with `set_option linter.unnecessarySeqFocus false`
warning: ConwaySoifer/Simplified/Geometry/BridgeLocal.lean:364:70: Used `tac1 <;> tac2` where `(tac1; tac2)` would suffice

Note: This linter can be disabled with `set_option linter.unnecessarySeqFocus false`
warning: ConwaySoifer/Simplified/Geometry/BridgeLocal.lean:374:29: Used `tac1 <;> tac2` where `(tac1; tac2)` would suffice

Note: This linter can be disabled with `set_option linter.unnecessarySeqFocus false`
warning: ConwaySoifer/Simplified/Geometry/BridgeLocal.lean:374:46: Used `tac1 <;> tac2` where `(tac1; tac2)` would suffice

Note: This linter can be disabled with `set_option linter.unnecessarySeqFocus false`
warning: ConwaySoifer/Simplified/Geometry/BridgeLocal.lean:382:31: Used `tac1 <;> tac2` where `(tac1; tac2)` would suffice

Note: This linter can be disabled with `set_option linter.unnecessarySeqFocus false`
warning: ConwaySoifer/Simplified/Geometry/BridgeLocal.lean:382:83: Used `tac1 <;> tac2` where `(tac1; tac2)` would suffice

Note: This linter can be disabled with `set_option linter.unnecessarySeqFocus false`
warning: ConwaySoifer/Simplified/Geometry/BridgeLocal.lean:389:70: Used `tac1 <;> tac2` where `(tac1; tac2)` would suffice

Note: This linter can be disabled with `set_option linter.unnecessarySeqFocus false`
warning: ConwaySoifer/Simplified/Geometry/BridgeLocal.lean:399:31: Used `tac1 <;> tac2` where `(tac1; tac2)` would suffice

Note: This linter can be disabled with `set_option linter.unnecessarySeqFocus false`
warning: ConwaySoifer/Simplified/Geometry/BridgeLocal.lean:399:83: Used `tac1 <;> tac2` where `(tac1; tac2)` would suffice

Note: This linter can be disabled with `set_option linter.unnecessarySeqFocus false`
warning: ConwaySoifer/Simplified/Geometry/BridgeLocal.lean:406:70: Used `tac1 <;> tac2` where `(tac1; tac2)` would suffice

Note: This linter can be disabled with `set_option linter.unnecessarySeqFocus false`
warning: ConwaySoifer/Simplified/Geometry/BridgeLocal.lean:416:29: Used `tac1 <;> tac2` where `(tac1; tac2)` would suffice

Note: This linter can be disabled with `set_option linter.unnecessarySeqFocus false`
warning: ConwaySoifer/Simplified/Geometry/BridgeLocal.lean:416:46: Used `tac1 <;> tac2` where `(tac1; tac2)` would suffice

Note: This linter can be disabled with `set_option linter.unnecessarySeqFocus false`
warning: ConwaySoifer/Simplified/Geometry/BridgeLocal.lean:424:31: Used `tac1 <;> tac2` where `(tac1; tac2)` would suffice

Note: This linter can be disabled with `set_option linter.unnecessarySeqFocus false`
warning: ConwaySoifer/Simplified/Geometry/BridgeLocal.lean:424:83: Used `tac1 <;> tac2` where `(tac1; tac2)` would suffice

Note: This linter can be disabled with `set_option linter.unnecessarySeqFocus false`
warning: ConwaySoifer/Simplified/Geometry/BridgeLocal.lean:431:70: Used `tac1 <;> tac2` where `(tac1; tac2)` would suffice

Note: This linter can be disabled with `set_option linter.unnecessarySeqFocus false`
warning: ConwaySoifer/Simplified/Geometry/BridgeLocal.lean:441:31: Used `tac1 <;> tac2` where `(tac1; tac2)` would suffice

Note: This linter can be disabled with `set_option linter.unnecessarySeqFocus false`
warning: ConwaySoifer/Simplified/Geometry/BridgeLocal.lean:441:83: Used `tac1 <;> tac2` where `(tac1; tac2)` would suffice

Note: This linter can be disabled with `set_option linter.unnecessarySeqFocus false`
warning: ConwaySoifer/Simplified/Geometry/BridgeLocal.lean:448:70: Used `tac1 <;> tac2` where `(tac1; tac2)` would suffice

Note: This linter can be disabled with `set_option linter.unnecessarySeqFocus false`
warning: ConwaySoifer/Simplified/Geometry/BridgeLocal.lean:465:29: Used `tac1 <;> tac2` where `(tac1; tac2)` would suffice

Note: This linter can be disabled with `set_option linter.unnecessarySeqFocus false`
warning: ConwaySoifer/Simplified/Geometry/BridgeLocal.lean:473:31: Used `tac1 <;> tac2` where `(tac1; tac2)` would suffice

Note: This linter can be disabled with `set_option linter.unnecessarySeqFocus false`
warning: ConwaySoifer/Simplified/Geometry/BridgeLocal.lean:473:83: Used `tac1 <;> tac2` where `(tac1; tac2)` would suffice

Note: This linter can be disabled with `set_option linter.unnecessarySeqFocus false`
warning: ConwaySoifer/Simplified/Geometry/BridgeLocal.lean:480:70: Used `tac1 <;> tac2` where `(tac1; tac2)` would suffice

Note: This linter can be disabled with `set_option linter.unnecessarySeqFocus false`
warning: ConwaySoifer/Simplified/Geometry/BridgeLocal.lean:490:31: Used `tac1 <;> tac2` where `(tac1; tac2)` would suffice

Note: This linter can be disabled with `set_option linter.unnecessarySeqFocus false`
warning: ConwaySoifer/Simplified/Geometry/BridgeLocal.lean:490:83: Used `tac1 <;> tac2` where `(tac1; tac2)` would suffice

Note: This linter can be disabled with `set_option linter.unnecessarySeqFocus false`
warning: ConwaySoifer/Simplified/Geometry/BridgeLocal.lean:497:70: Used `tac1 <;> tac2` where `(tac1; tac2)` would suffice

Note: This linter can be disabled with `set_option linter.unnecessarySeqFocus false`
warning: ConwaySoifer/Simplified/Geometry/BridgeLocal.lean:507:29: Used `tac1 <;> tac2` where `(tac1; tac2)` would suffice

Note: This linter can be disabled with `set_option linter.unnecessarySeqFocus false`
warning: ConwaySoifer/Simplified/Geometry/BridgeLocal.lean:507:46: Used `tac1 <;> tac2` where `(tac1; tac2)` would suffice

Note: This linter can be disabled with `set_option linter.unnecessarySeqFocus false`
warning: ConwaySoifer/Simplified/Geometry/BridgeLocal.lean:515:31: Used `tac1 <;> tac2` where `(tac1; tac2)` would suffice

Note: This linter can be disabled with `set_option linter.unnecessarySeqFocus false`
warning: ConwaySoifer/Simplified/Geometry/BridgeLocal.lean:515:83: Used `tac1 <;> tac2` where `(tac1; tac2)` would suffice

Note: This linter can be disabled with `set_option linter.unnecessarySeqFocus false`
warning: ConwaySoifer/Simplified/Geometry/BridgeLocal.lean:522:70: Used `tac1 <;> tac2` where `(tac1; tac2)` would suffice

Note: This linter can be disabled with `set_option linter.unnecessarySeqFocus false`
warning: ConwaySoifer/Simplified/Geometry/BridgeLocal.lean:532:31: Used `tac1 <;> tac2` where `(tac1; tac2)` would suffice

Note: This linter can be disabled with `set_option linter.unnecessarySeqFocus false`
warning: ConwaySoifer/Simplified/Geometry/BridgeLocal.lean:532:83: Used `tac1 <;> tac2` where `(tac1; tac2)` would suffice

Note: This linter can be disabled with `set_option linter.unnecessarySeqFocus false`
warning: ConwaySoifer/Simplified/Geometry/BridgeLocal.lean:539:70: Used `tac1 <;> tac2` where `(tac1; tac2)` would suffice

Note: This linter can be disabled with `set_option linter.unnecessarySeqFocus false`
warning: ConwaySoifer/Simplified/Geometry/BridgeLocal.lean:549:29: Used `tac1 <;> tac2` where `(tac1; tac2)` would suffice

Note: This linter can be disabled with `set_option linter.unnecessarySeqFocus false`
warning: ConwaySoifer/Simplified/Geometry/BridgeLocal.lean:549:46: Used `tac1 <;> tac2` where `(tac1; tac2)` would suffice

Note: This linter can be disabled with `set_option linter.unnecessarySeqFocus false`
warning: ConwaySoifer/Simplified/Geometry/BridgeLocal.lean:557:31: Used `tac1 <;> tac2` where `(tac1; tac2)` would suffice

Note: This linter can be disabled with `set_option linter.unnecessarySeqFocus false`
warning: ConwaySoifer/Simplified/Geometry/BridgeLocal.lean:557:83: Used `tac1 <;> tac2` where `(tac1; tac2)` would suffice

Note: This linter can be disabled with `set_option linter.unnecessarySeqFocus false`
warning: ConwaySoifer/Simplified/Geometry/BridgeLocal.lean:564:70: Used `tac1 <;> tac2` where `(tac1; tac2)` would suffice

Note: This linter can be disabled with `set_option linter.unnecessarySeqFocus false`
warning: ConwaySoifer/Simplified/Geometry/BridgeLocal.lean:574:31: Used `tac1 <;> tac2` where `(tac1; tac2)` would suffice

Note: This linter can be disabled with `set_option linter.unnecessarySeqFocus false`
warning: ConwaySoifer/Simplified/Geometry/BridgeLocal.lean:574:83: Used `tac1 <;> tac2` where `(tac1; tac2)` would suffice

Note: This linter can be disabled with `set_option linter.unnecessarySeqFocus false`
warning: ConwaySoifer/Simplified/Geometry/BridgeLocal.lean:581:70: Used `tac1 <;> tac2` where `(tac1; tac2)` would suffice

Note: This linter can be disabled with `set_option linter.unnecessarySeqFocus false`
warning: ConwaySoifer/Simplified/Geometry/BridgeLocal.lean:591:29: Used `tac1 <;> tac2` where `(tac1; tac2)` would suffice

Note: This linter can be disabled with `set_option linter.unnecessarySeqFocus false`
warning: ConwaySoifer/Simplified/Geometry/BridgeLocal.lean:591:46: Used `tac1 <;> tac2` where `(tac1; tac2)` would suffice

Note: This linter can be disabled with `set_option linter.unnecessarySeqFocus false`
warning: ConwaySoifer/Simplified/Geometry/BridgeLocal.lean:599:31: Used `tac1 <;> tac2` where `(tac1; tac2)` would suffice

Note: This linter can be disabled with `set_option linter.unnecessarySeqFocus false`
warning: ConwaySoifer/Simplified/Geometry/BridgeLocal.lean:599:83: Used `tac1 <;> tac2` where `(tac1; tac2)` would suffice

Note: This linter can be disabled with `set_option linter.unnecessarySeqFocus false`
warning: ConwaySoifer/Simplified/Geometry/BridgeLocal.lean:606:70: Used `tac1 <;> tac2` where `(tac1; tac2)` would suffice

Note: This linter can be disabled with `set_option linter.unnecessarySeqFocus false`
warning: ConwaySoifer/Simplified/Geometry/BridgeLocal.lean:616:31: Used `tac1 <;> tac2` where `(tac1; tac2)` would suffice

Note: This linter can be disabled with `set_option linter.unnecessarySeqFocus false`
warning: ConwaySoifer/Simplified/Geometry/BridgeLocal.lean:616:83: Used `tac1 <;> tac2` where `(tac1; tac2)` would suffice

Note: This linter can be disabled with `set_option linter.unnecessarySeqFocus false`
warning: ConwaySoifer/Simplified/Geometry/BridgeLocal.lean:623:70: Used `tac1 <;> tac2` where `(tac1; tac2)` would suffice

Note: This linter can be disabled with `set_option linter.unnecessarySeqFocus false`
warning: ConwaySoifer/Simplified/Geometry/BridgeLocal.lean:640:27: Used `tac1 <;> tac2` where `(tac1; tac2)` would suffice

Note: This linter can be disabled with `set_option linter.unnecessarySeqFocus false`
warning: ConwaySoifer/Simplified/Geometry/BridgeLocal.lean:648:29: Used `tac1 <;> tac2` where `(tac1; tac2)` would suffice

Note: This linter can be disabled with `set_option linter.unnecessarySeqFocus false`
warning: ConwaySoifer/Simplified/Geometry/BridgeLocal.lean:648:81: Used `tac1 <;> tac2` where `(tac1; tac2)` would suffice

Note: This linter can be disabled with `set_option linter.unnecessarySeqFocus false`
warning: ConwaySoifer/Simplified/Geometry/BridgeLocal.lean:655:68: Used `tac1 <;> tac2` where `(tac1; tac2)` would suffice

Note: This linter can be disabled with `set_option linter.unnecessarySeqFocus false`
warning: ConwaySoifer/Simplified/Geometry/BridgeLocal.lean:665:29: Used `tac1 <;> tac2` where `(tac1; tac2)` would suffice

Note: This linter can be disabled with `set_option linter.unnecessarySeqFocus false`
warning: ConwaySoifer/Simplified/Geometry/BridgeLocal.lean:665:81: Used `tac1 <;> tac2` where `(tac1; tac2)` would suffice

Note: This linter can be disabled with `set_option linter.unnecessarySeqFocus false`
warning: ConwaySoifer/Simplified/Geometry/BridgeLocal.lean:672:68: Used `tac1 <;> tac2` where `(tac1; tac2)` would suffice

Note: This linter can be disabled with `set_option linter.unnecessarySeqFocus false`
warning: ConwaySoifer/Simplified/Geometry/BridgeLocal.lean:682:27: Used `tac1 <;> tac2` where `(tac1; tac2)` would suffice

Note: This linter can be disabled with `set_option linter.unnecessarySeqFocus false`
warning: ConwaySoifer/Simplified/Geometry/BridgeLocal.lean:682:44: Used `tac1 <;> tac2` where `(tac1; tac2)` would suffice

Note: This linter can be disabled with `set_option linter.unnecessarySeqFocus false`
warning: ConwaySoifer/Simplified/Geometry/BridgeLocal.lean:690:29: Used `tac1 <;> tac2` where `(tac1; tac2)` would suffice

Note: This linter can be disabled with `set_option linter.unnecessarySeqFocus false`
warning: ConwaySoifer/Simplified/Geometry/BridgeLocal.lean:690:81: Used `tac1 <;> tac2` where `(tac1; tac2)` would suffice

Note: This linter can be disabled with `set_option linter.unnecessarySeqFocus false`
warning: ConwaySoifer/Simplified/Geometry/BridgeLocal.lean:697:68: Used `tac1 <;> tac2` where `(tac1; tac2)` would suffice

Note: This linter can be disabled with `set_option linter.unnecessarySeqFocus false`
warning: ConwaySoifer/Simplified/Geometry/BridgeLocal.lean:707:29: Used `tac1 <;> tac2` where `(tac1; tac2)` would suffice

Note: This linter can be disabled with `set_option linter.unnecessarySeqFocus false`
warning: ConwaySoifer/Simplified/Geometry/BridgeLocal.lean:707:81: Used `tac1 <;> tac2` where `(tac1; tac2)` would suffice

Note: This linter can be disabled with `set_option linter.unnecessarySeqFocus false`
warning: ConwaySoifer/Simplified/Geometry/BridgeLocal.lean:714:68: Used `tac1 <;> tac2` where `(tac1; tac2)` would suffice

Note: This linter can be disabled with `set_option linter.unnecessarySeqFocus false`
warning: ConwaySoifer/Simplified/Geometry/BridgeLocal.lean:724:27: Used `tac1 <;> tac2` where `(tac1; tac2)` would suffice

Note: This linter can be disabled with `set_option linter.unnecessarySeqFocus false`
warning: ConwaySoifer/Simplified/Geometry/BridgeLocal.lean:724:44: Used `tac1 <;> tac2` where `(tac1; tac2)` would suffice

Note: This linter can be disabled with `set_option linter.unnecessarySeqFocus false`
warning: ConwaySoifer/Simplified/Geometry/BridgeLocal.lean:732:29: Used `tac1 <;> tac2` where `(tac1; tac2)` would suffice

Note: This linter can be disabled with `set_option linter.unnecessarySeqFocus false`
warning: ConwaySoifer/Simplified/Geometry/BridgeLocal.lean:732:81: Used `tac1 <;> tac2` where `(tac1; tac2)` would suffice

Note: This linter can be disabled with `set_option linter.unnecessarySeqFocus false`
warning: ConwaySoifer/Simplified/Geometry/BridgeLocal.lean:739:68: Used `tac1 <;> tac2` where `(tac1; tac2)` would suffice

Note: This linter can be disabled with `set_option linter.unnecessarySeqFocus false`
warning: ConwaySoifer/Simplified/Geometry/BridgeLocal.lean:749:29: Used `tac1 <;> tac2` where `(tac1; tac2)` would suffice

Note: This linter can be disabled with `set_option linter.unnecessarySeqFocus false`
warning: ConwaySoifer/Simplified/Geometry/BridgeLocal.lean:749:81: Used `tac1 <;> tac2` where `(tac1; tac2)` would suffice

Note: This linter can be disabled with `set_option linter.unnecessarySeqFocus false`
warning: ConwaySoifer/Simplified/Geometry/BridgeLocal.lean:756:68: Used `tac1 <;> tac2` where `(tac1; tac2)` would suffice

Note: This linter can be disabled with `set_option linter.unnecessarySeqFocus false`
warning: ConwaySoifer/Simplified/Geometry/BridgeLocal.lean:27:46: 'ring' tactic does nothing

Note: This linter can be disabled with `set_option linter.unusedTactic false`
warning: ConwaySoifer/Simplified/Geometry/BridgeLocal.lean:248:50: 'ring' tactic does nothing

Note: This linter can be disabled with `set_option linter.unusedTactic false`
warning: ConwaySoifer/Simplified/Geometry/BridgeLocal.lean:465:50: 'ring' tactic does nothing

Note: This linter can be disabled with `set_option linter.unusedTactic false`
warning: ConwaySoifer/Simplified/Geometry/BridgeLocal.lean:640:48: 'ring' tactic does nothing

Note: This linter can be disabled with `set_option linter.unusedTactic false`
⚠ [3946/3956] Built ConwaySoifer.Simplified.Geometry.Bridge (2.4s)
warning: ConwaySoifer/Simplified/Geometry/Bridge.lean:17:25: Used `tac1 <;> tac2` where `(tac1; tac2)` would suffice

Note: This linter can be disabled with `set_option linter.unnecessarySeqFocus false`
warning: ConwaySoifer/Simplified/Geometry/Bridge.lean:18:25: Used `tac1 <;> tac2` where `(tac1; tac2)` would suffice

Note: This linter can be disabled with `set_option linter.unnecessarySeqFocus false`
warning: ConwaySoifer/Simplified/Geometry/Bridge.lean:19:25: Used `tac1 <;> tac2` where `(tac1; tac2)` would suffice

Note: This linter can be disabled with `set_option linter.unnecessarySeqFocus false`
warning: ConwaySoifer/Simplified/Geometry/Bridge.lean:20:25: Used `tac1 <;> tac2` where `(tac1; tac2)` would suffice

Note: This linter can be disabled with `set_option linter.unnecessarySeqFocus false`
✔ [3947/3956] Built ConwaySoifer.Simplified.Normalization (1.9s)
✔ [3948/3956] Built ConwaySoifer.Simplified.Geometry.SideChains (2.6s)
⚠ [3949/3956] Built ConwaySoifer.Simplified.Complements.SextSmall (2.8s)
warning: ConwaySoifer/Simplified/Complements/SextSmall.lean:48:25: Used `tac1 <;> tac2` where `(tac1; tac2)` would suffice

Note: This linter can be disabled with `set_option linter.unnecessarySeqFocus false`
warning: ConwaySoifer/Simplified/Complements/SextSmall.lean:59:25: Used `tac1 <;> tac2` where `(tac1; tac2)` would suffice

Note: This linter can be disabled with `set_option linter.unnecessarySeqFocus false`
⚠ [3950/3956] Built ConwaySoifer.Simplified.Geometry.AownChains (2.9s)
warning: ConwaySoifer/Simplified/Geometry/AownChains.lean:83:27: Used `tac1 <;> tac2` where `(tac1; tac2)` would suffice

Note: This linter can be disabled with `set_option linter.unnecessarySeqFocus false`
warning: ConwaySoifer/Simplified/Geometry/AownChains.lean:85:27: Used `tac1 <;> tac2` where `(tac1; tac2)` would suffice

Note: This linter can be disabled with `set_option linter.unnecessarySeqFocus false`
⚠ [3951/3956] Built ConwaySoifer.Simplified.Geometry.SintCorner (7.7s)
warning: ConwaySoifer/Simplified/Geometry/SintCorner.lean:108:75: Used `tac1 <;> tac2` where `(tac1; tac2)` would suffice

Note: This linter can be disabled with `set_option linter.unnecessarySeqFocus false`
⚠ [3952/3956] Built ConwaySoifer.Simplified.Complements.SintSmall (2.8s)
warning: ConwaySoifer/Simplified/Complements/SintSmall.lean:48:25: Used `tac1 <;> tac2` where `(tac1; tac2)` would suffice

Note: This linter can be disabled with `set_option linter.unnecessarySeqFocus false`
warning: ConwaySoifer/Simplified/Complements/SintSmall.lean:59:25: Used `tac1 <;> tac2` where `(tac1; tac2)` would suffice

Note: This linter can be disabled with `set_option linter.unnecessarySeqFocus false`
⚠ [3953/3956] Built ConwaySoifer.Simplified.Complements.AownSmall (13s)
warning: ConwaySoifer/Simplified/Complements/AownSmall.lean:92:66: Used `tac1 <;> tac2` where `(tac1; tac2)` would suffice

Note: This linter can be disabled with `set_option linter.unnecessarySeqFocus false`
warning: ConwaySoifer/Simplified/Complements/AownSmall.lean:93:39: Used `tac1 <;> tac2` where `(tac1; tac2)` would suffice

Note: This linter can be disabled with `set_option linter.unnecessarySeqFocus false`
warning: ConwaySoifer/Simplified/Complements/AownSmall.lean:94:66: Used `tac1 <;> tac2` where `(tac1; tac2)` would suffice

Note: This linter can be disabled with `set_option linter.unnecessarySeqFocus false`
warning: ConwaySoifer/Simplified/Complements/AownSmall.lean:96:66: Used `tac1 <;> tac2` where `(tac1; tac2)` would suffice

Note: This linter can be disabled with `set_option linter.unnecessarySeqFocus false`
warning: ConwaySoifer/Simplified/Complements/AownSmall.lean:97:39: Used `tac1 <;> tac2` where `(tac1; tac2)` would suffice

Note: This linter can be disabled with `set_option linter.unnecessarySeqFocus false`
warning: ConwaySoifer/Simplified/Complements/AownSmall.lean:98:41: Used `tac1 <;> tac2` where `(tac1; tac2)` would suffice

Note: This linter can be disabled with `set_option linter.unnecessarySeqFocus false`
warning: ConwaySoifer/Simplified/Complements/AownSmall.lean:98:77: Used `tac1 <;> tac2` where `(tac1; tac2)` would suffice

Note: This linter can be disabled with `set_option linter.unnecessarySeqFocus false`
warning: ConwaySoifer/Simplified/Complements/AownSmall.lean:99:66: Used `tac1 <;> tac2` where `(tac1; tac2)` would suffice

Note: This linter can be disabled with `set_option linter.unnecessarySeqFocus false`
warning: ConwaySoifer/Simplified/Complements/AownSmall.lean:100:39: Used `tac1 <;> tac2` where `(tac1; tac2)` would suffice

Note: This linter can be disabled with `set_option linter.unnecessarySeqFocus false`
✔ [3954/3956] Built ConwaySoifer.Simplified.Theorem (2.2s)
✔ [3955/3956] Built ConwaySoifer (2.1s)
Build completed successfully (3956 jobs).
'KernelReplayTest.halfHull_eq_original' depends on axioms: [propext, Classical.choice, Quot.sound]
'ConwaySoifer.Certificates.ExclusionHint.sound' depends on axioms: [propext, Classical.choice, Quot.sound]
ConwaySoifer.ten_triangle_cover_lower_bound : ConwaySoifer.LowerBound
def ConwaySoifer.LowerBound : Prop :=
∀ (r : ℝ) (T : ConwaySoifer.Configuration), ConwaySoifer.CommonSide T r → ConwaySoifer.Covers T → 1 ≤ r
'ConwaySoifer.ten_triangle_cover_lower_bound' depends on axioms: [propext, Classical.choice, Quot.sound]
'ConwaySoifer.no_ten_unit_triangle_cover' depends on axioms: [propext, Classical.choice, Quot.sound]
'ConwaySoifer.Simplified.exists_canonical' depends on axioms: [propext, Classical.choice, Quot.sound]
'ConwaySoifer.Simplified.core_exclusion' depends on axioms: [propext, Classical.choice, Quot.sound]
'ConwaySoifer.Simplified.bridge_exclusion' depends on axioms: [propext, Classical.choice, Quot.sound]
'ConwaySoifer.Simplified.midpoint_exclusion' depends on axioms: [propext, Classical.choice, Quot.sound]
'ConwaySoifer.Simplified.forbidden_corner_section' depends on axioms: [propext, Classical.choice, Quot.sound]
'ConwaySoifer.Simplified.charged_budget' depends on axioms: [propext, Classical.choice, Quot.sound]
'ConwaySoifer.Simplified.sext_upper' depends on axioms: [propext, Classical.choice, Quot.sound]
'ConwaySoifer.Simplified.sint_upper' depends on axioms: [propext, Classical.choice, Quot.sound]
'ConwaySoifer.Simplified.aown_strengthening' depends on axioms: [propext, Classical.choice, Quot.sound]
'ConwaySoifer.Simplified.sext_small' depends on axioms: [propext, Classical.choice, Quot.sound]
'ConwaySoifer.Simplified.sint_small' depends on axioms: [propext, Classical.choice, Quot.sound]
'ConwaySoifer.Simplified.aown_small' depends on axioms: [propext, Classical.choice, Quot.sound]
'ConwaySoifer.Simplified.aown_large' depends on axioms: [propext, Classical.choice, Quot.sound]
'ConwaySoifer.Simplified.across_small' depends on axioms: [propext, Classical.choice, Quot.sound]
'ConwaySoifer.Simplified.across_large' depends on axioms: [propext, Classical.choice, Quot.sound]
'ConwaySoifer.Simplified.Certificates.caseExcluded' depends on axioms: [propext, Classical.choice, Quot.sound]
'ConwaySoifer.Simplified.Certificates.ranges_complete' depends on axioms: [propext, Classical.choice, Quot.sound]
PASS: all 3188 checked forced steps occur in the final proof.
PASS: all 16 geometric roots occur in the final proof and have no compiler axioms.
PASS: final and scaled proofs have no original certificate/Boolean-helper/theorem dependencies.
PASS: exactly 100 shortened data declarations and all 100 corresponding checked theorems.
Final axiom set: [propext, Classical.choice, Quot.sound]
Exit: 0; elapsed seconds: 4039.754
{"child_system_seconds": 1743.98916, "child_user_seconds": 14533.761176, "elapsed_seconds": 4041.3166861659997, "exit_code": 0, "finished_utc": "2026-09-11T08:15:08.857260+00:00", "max_child_rss_bytes": 10268213248, "platform": "Darwin-25.2.0-arm64-arm-64bit-Mach-O", "source_sha256": "1e1703b41ae90d2c61e61b5f6b3c961b79637cd29ff54441bb67af4692df8b07"}
